name,type,mass,radius,x,y,z,vx,vy,vz,R,G,B
black_hole,star,35500,100.7086,0,0,0,0,0,0,0.0001,0.0,0.0
sys0_planet0,planet,1.9696327,2.81424,-21.571918,-30.461666,0.71751703,4.2182107,-2.9871936,0.1100568,0.8517,0.7590,0.8871
sys0_planet1,planet,7.3756667,1.24694,41.814151,54.734912,1.1700001,-3.0106122,2.299925,-0.0092925807,0.7368,0.7953,0.8519
sys0_planet2,planet,4.7700361,2.63793,97.337341,13.010547,-2.282809,-0.41864747,3.1320766,-0.017547962,0.7623,0.8019,0.9000
sys0_planet3,planet,2.0701618,2.34233,76.796888,-104.13666,-3.088215,2.2160241,1.6342348,0.077484389,0.9635,0.8233,0.1611
sys0_planet4,planet,6.7642421,3.23716,77.764198,-134.44714,-3.6382661,2.2244579,1.286626,-0.044831513,0.0835,0.7592,0.6518
sys0_planet5,planet,6.8748199,2.04956,32.972244,-178.97092,-3.478807,2.3078439,0.42517963,0.0035801586,0.4417,0.2562,0.1304
sys0_planet6,planet,3.0033433,1.78926,134.20316,161.74398,-0.2434486,-1.6745054,1.3893805,0.037584643,0.7479,0.1631,0.8883
sys0_planet7,planet,4.3299348,3.09111,227.01226,-75.565981,5.2092184,0.64532071,1.9386463,0.024057232,0.3654,0.9790,0.1896
sys1_star,star,1000,11.7975,1369.7802,-305.6078,1792.9896,0,0,0,1.0000,0.9464,0.8356
sys1_planet0,planet,2.1017285,2.3932,1333.5118,-329.81917,1793.6345,2.6823175,-4.0180869,-0.048974038,0.1109,0.4904,1.0000
sys1_planet1,planet,3.9880104,2.4189,1312.5689,-293.19088,1793.059,-0.88353507,-4.0709109,0.017241375,0.0793,0.4707,0.9446
sys1_planet2,planet,5.4027282,1.70082,1442.6974,-260.79227,1793.6969,-1.7854416,2.9050056,-0.01946814,0.7582,0.2095,0.8698
sys1_planet3,planet,3.5594419,1.83496,1329.3575,-211.28718,1791.1515,-2.8389668,-1.2166885,0.030881565,0.6019,0.5740,0.6712
sys1_planet4,planet,5.7703059,3.36823,1394.5986,-434.38411,1792.8479,2.7014024,0.52062558,0.036561215,1.0000,0.6428,0.0299
sys1_planet5,planet,6.6206561,1.59747,1244.8467,-382.98801,1794.4212,1.353467,-2.1852277,0.033661039,0.0000,0.7222,0.9654
sys1_planet6,planet,7.0456802,1.56655,1524.6481,-392.73221,1795.6052,1.1495607,2.0433994,-0.054161807,1.0000,0.1548,0.6266
sys1_planet7,planet,6.2364667,1.33515,1522.9249,-421.29571,1788.264,1.3651646,1.8071697,-0.0040679257,0.7362,0.8182,0.8907
sys1_planet8,planet,1.9845673,3.0934,1592.0174,-298.02287,1787.7772,-0.072564685,2.1261326,-0.02758077,0.1262,0.7400,0.6569
sys1_planet9,planet,1.0868971,2.16223,1291.9628,-535.82019,1797.2864,1.8952328,-0.6406353,-0.015393567,0.1474,0.4532,0.9707
sys2_star,star,1000,8.93128,986.84015,-2029.1133,2378.1118,0,0,0,0.9822,0.5528,0.1161
sys2_planet0,planet,2.4806068,2.36065,957.51056,-2062.9806,2378.2816,3.5333473,-3.0599256,0.06172972,0.8884,0.2890,0.0634
sys2_planet1,planet,1.1593474,1.5508,929.1376,-2032.1444,2377.8214,0.21806,-4.1511486,0.086337421,0.5877,0.0704,0.9617
sys2_planet2,planet,4.7476194,1.65601,941.16981,-2080.6734,2377.7937,2.84446,-2.5195336,-0.060401478,0.6397,0.4178,0.1587
sys2_planet3,planet,5.2542211,1.65378,904.96258,-2069.1978,2378.4257,1.4651181,-2.99268,-0.0094752082,0.0681,0.2872,0.9100
sys2_planet4,planet,7.1025828,3.28685,915.11219,-2101.7597,2377.367,2.2279441,-2.1997763,0.044873007,0.5440,0.5727,0.7151
sys2_planet5,planet,6.7517464,0.950033,1053.2086,-2137.5967,2378.0727,2.3644374,1.4465262,0.018448844,0.8900,0.2659,0.0392
sys2_planet6,planet,6.8667294,1.80511,931.31522,-1898.315,2379.9166,-2.4063605,-1.0215194,-0.052043927,0.7248,0.1474,0.7962
sys2_planet7,planet,5.5325539,2.7046,1135.0351,-2068.7263,2382.0841,0.66472192,2.4867654,-0.014403805,0.0396,0.9035,0.8970
sys2_planet8,planet,6.7068039,3.47066,1029.9009,-1865.4321,2378.3341,-2.3270213,0.61218642,-0.016563616,0.4189,0.2968,0.1133
sys2_planet9,planet,3.5268543,2.06718,809.79639,-1969.4228,2377.0609,-0.7298106,-2.1646409,0.0030036075,0.9373,0.0471,0.0643
sys2_planet10,planet,4.7329169,2.13188,1190.0401,-1970.5637,2375.1553,-0.59833151,2.076549,-0.011643017,0.0210,0.2211,0.9587
sys2_planet11,planet,2.9962062,2.25672,854.84931,-2208.7553,2380.098,1.7202813,-1.2639655,0.0043417442,0.1232,0.4635,1.0000
sys2_planet12,planet,4.7382791,3.09574,1015.1975,-2270.2927,2382.5836,2.0156735,0.23699879,-0.0062324337,0.9189,0.8475,0.2117
sys3_star,star,1000,11.785,1305.6985,1430.3215,-1859.4318,0,0,0,0.9847,0.8580,0.4648
sys3_planet0,planet,5.793498,3.40067,1273.4919,1399.941,-1859.484,3.286669,-3.4842209,0.017408662,0.0697,0.2125,0.9750
sys3_planet1,planet,7.7615394,3.45836,1298.5878,1366.2327,-1859.6341,3.9202615,-0.43495757,0.0092868305,0.1137,0.8422,0.8552
sys3_planet2,planet,7.8255441,1.91126,1320.7557,1343.5428,-1859.4793,3.3683105,0.58444375,0.0082614726,0.0798,0.8446,0.2280
sys3_planet3,planet,3.0443485,0.931486,1342.9643,1320.4865,-1856.856,2.807514,0.95255938,0.013284846,0.9582,0.8002,0.2156
sys3_planet4,planet,1.9528277,2.47912,1395.3143,1329.2583,-1857.7392,2.0541965,1.8215171,0.0066342964,0.0346,0.7511,0.9594
sys3_planet5,planet,5.4057412,1.44168,1233.8899,1284.2362,-1863.4346,2.2177727,-1.0901516,-0.010172504,1.0000,0.7392,0.0858
sys3_planet6,planet,1.5819901,1.02899,1143.7693,1327.1005,-1860.468,1.2183435,-1.9112905,-0.0043047788,0.5684,0.5477,0.7245
sys3_planet7,planet,4.6414882,3.49347,1522.0295,1428.6134,-1861.7378,0.016928387,2.1439729,-0.0030446053,0.4894,0.6058,0.6863
sys3_planet8,planet,1.6956344,0.847706,1060.9264,1435.0642,-1864.1142,-0.038994547,-2.0125156,-0.022217123,0.7196,0.2062,0.9424
sys4_star,star,1000,10.5223,-248.07031,-646.00988,2133.8249,0,0,0,0.9996,0.3620,0.0232
sys4_planet0,planet,3.8624327,3.48569,-288.79929,-662.57817,2134.4967,1.812282,-4.4550394,0.039283219,0.9348,0.0632,0.1077
sys4_planet1,planet,3.5204827,0.896775,-205.77825,-614.50713,2134.2471,-2.6368494,3.5399386,0.013863634,0.4712,0.0711,0.9226
sys4_planet2,planet,2.5693026,0.937593,-246.36464,-577.0083,2132.2569,-3.8000242,0.093933716,-0.0076443599,0.5480,0.6367,0.6658
sys4_planet3,planet,0.11311959,1.10259,-223.9951,-559.03601,2132.89,-3.1979825,0.88523259,0.021485108,0.0138,0.7496,0.9426
sys4_planet4,planet,6.7455093,1.50294,-349.68274,-639.2977,2132.9352,-0.2061244,-3.1204178,-0.010975047,0.0202,0.6976,0.6177
sys4_planet5,planet,3.7400799,2.72121,-231.81339,-527.77604,2132.7674,-2.9046922,0.39938941,-0.033429761,0.3520,0.9692,0.1934
sys4_planet6,planet,0.97397279,2.4744,-131.81071,-711.04817,2130.408,1.325131,2.3687463,0.021903892,1.0000,0.3643,0.0000
sys4_planet7,planet,6.2062054,3.10983,-98.909826,-641.56492,2136.5835,-0.077383349,2.5967683,0.013413003,0.1004,0.7395,0.6145
sys4_planet8,planet,2.615353,2.95788,-376.31221,-743.46655,2137.9053,1.501339,-1.9755914,-0.022849303,0.0937,0.7722,0.9759
sys4_planet9,planet,1.4073533,2.75799,-92.95353,-563.11904,2129.5023,-1.1186509,2.093374,0.0019847626,0.7589,0.1105,0.1676
sys4_planet10,planet,5.5754539,1.26695,-100.06204,-768.4225,2134.7685,1.4379151,1.7385735,0.004575422,0.9544,0.1482,0.5972
sys4_planet11,planet,7.0550044,2.24774,-42.479354,-654.94861,2134.7369,0.094681745,2.1776823,0.0054229155,0.8621,0.2447,0.0239
sys4_planet12,planet,0.2434683,2.40843,-437.28923,-773.85282,2131.3716,1.1772738,-1.7424699,-0.037572615,0.0859,0.9014,0.8704
sys4_planet13,planet,4.5788086,2.84774,-472.57151,-724.51782,2132.532,0.68047928,-1.9458976,0.026537667,0.0565,0.7388,0.6576
sys5_star,star,1000,8.07482,719.3256,1613.8081,-282.92901,0,0,0,1.0000,0.9599,0.8074
sys5_planet0,planet,6.285385,2.33882,687.5058,1644.0473,-282.88989,-3.3117866,-3.4848936,-0.12849751,0.9867,0.6236,0.0687
sys5_planet1,planet,7.8358746,1.81829,764.34872,1646.4599,-283.78928,-2.5076172,3.457718,-0.014348954,0.1114,0.7467,0.9546
sys5_planet2,planet,4.8540206,3.32553,687.69555,1681.9875,-282.50111,-3.3169172,-1.538796,-0.025860973,0.9318,0.2511,0.0598
sys5_planet3,planet,7.6436973,1.45771,778.09399,1677.2702,-284.45453,-2.508625,2.323083,-0.066225899,0.9495,0.3980,0.0529
sys5_planet4,planet,3.8004915,1.50049,699.77062,1723.3586,-284.66373,-2.9232281,-0.52180163,-0.012083927,0.0147,0.7753,0.9522
sys5_planet5,planet,6.1419481,3.16712,599.25572,1617.1989,-285.37479,-0.080846336,-2.8627656,-0.0063282983,0.0879,0.2832,0.9111
sys5_planet6,planet,4.4678962,1.06184,850.39055,1573.9367,-285.99624,0.77777998,2.5567163,0.033270017,0.7208,0.7805,0.8857
sys5_planet7,planet,5.9075225,1.59929,716.04782,1774.031,-285.77693,-2.5238443,-0.051631803,-0.017065194,0.6963,0.8136,0.9036
sys5_planet8,planet,7.1793645,1.07107,744.16752,1438.0963,-285.65151,2.3815968,0.33670726,0.049555953,0.9123,0.8237,0.2139
sys5_planet9,planet,7.0091436,1.71617,541.41369,1671.7891,-285.42369,-0.72082702,-2.2118222,0.026927296,0.1185,0.8477,0.1842
sys5_planet10,planet,4.189526,2.12464,828.52498,1788.9134,-278.18123,-1.8896099,1.1784007,-0.012725821,1.0000,0.3919,0.0526
sys5_planet11,planet,1.3922573,2.29692,878.2302,1774.0438,-277.59323,-1.4938931,1.4814824,0.034659958,0.8597,0.2469,0.0829
sys5_planet12,planet,3.7736116,1.88122,898.12989,1779.5171,-277.61491,-1.3693294,1.4775412,0.0098864719,0.9118,0.1474,0.0634
sys6_star,star,1000,12.4497,-1363.8064,272.92394,-2180.9137,0,0,0,0.9655,0.7290,0.2596
sys6_planet0,planet,1.303381,2.50716,-1370.6549,307.75816,-2181.7266,-5.2011565,-1.0225664,0.0018346798,0.3578,0.9716,0.1650
sys6_planet1,planet,3.8349934,3.36516,-1372.2467,216.95087,-2181.029,4.1760535,-0.62971648,-0.059836994,0.9080,0.2757,0.0631
sys6_planet2,planet,5.3139662,1.6167,-1287.0213,292.76953,-2181.1229,-0.89902269,3.47843,-0.010872314,0.4018,1.0000,0.2460
sys6_planet3,planet,7.265982,1.93211,-1442.3836,327.67802,-2180.6037,-1.8595552,-2.6686335,0.0039414607,0.0245,0.8855,0.9222
sys6_planet4,planet,5.3369867,0.853369,-1282.7367,354.81998,-2183.3741,-2.1040658,2.0828353,-0.011097647,0.6568,0.1005,0.1025
sys6_planet5,planet,2.273705,1.17437,-1278.0823,170.13299,-2182.6882,2.1097494,1.7594585,0.0014332701,0.1119,0.8111,0.2643
sys6_planet6,planet,2.1153448,2.48879,-1504.9363,234.71609,-2179.3724,0.69270163,-2.5586614,-0.057792362,0.1366,0.8416,0.2571
sys6_planet7,planet,4.9207968,1.99865,-1431.4982,115.33684,-2185.1882,2.2119755,-0.9501577,-3.3526866e-05,0.0737,0.8666,0.9341
sys6_planet8,planet,7.3101075,3.29446,-1548.2632,284.73348,-2179.6344,-0.14787404,-2.3096892,-0.01988562,0.6166,0.3653,0.0765
sys6_planet9,planet,1.9977876,2.54101,-1344.9385,68.767453,-2178.0962,2.1978368,0.20312121,-0.030400152,0.7041,0.0656,0.1146
sys6_planet10,planet,0.15930556,1.70755,-1321.6452,485.62695,-2177.3279,-2.1292826,0.42205813,-0.013987335,0.1159,0.8506,0.2473
sys6_planet11,planet,1.6214675,1.2157,-1326.5001,30.848017,-2185.8369,1.9904171,0.306743,-0.032077514,0.1783,0.2295,1.0000
sys7_star,star,1000,8.41784,1638.1559,658.322,1290.4387,0,0,0,0.9970,0.8487,0.4512
sys7_planet0,planet,2.6147785,2.04526,1596.7438,654.02393,1289.5573,0.50939081,-4.9080051,0.048044146,0.5715,0.6209,0.7182
sys7_planet1,planet,3.3916614,1.66817,1604.2255,703.02109,1291.2829,-3.3958301,-2.577722,-0.033876705,0.0905,0.7097,0.6416
sys7_planet2,planet,4.3173361,0.9823,1689.6768,723.81016,1292.0908,-2.6896949,2.1160392,-0.012363728,0.7658,0.2001,0.8738
sys7_planet3,planet,1.4272067,1.19653,1653.0671,562.71425,1288.0857,3.1908364,0.49765189,0.057203886,0.0687,0.4408,0.9760
sys7_planet4,planet,6.0433984,2.16128,1737.7079,723.94497,1289.78,-1.6052318,2.4351842,0.0017997128,0.5501,0.6602,0.6188
sys7_planet5,planet,0.77926057,1.27599,1665.1899,796.21889,1288.2944,-2.6375641,0.51708143,0.018548433,0.0861,0.9064,0.9337
sys7_planet6,planet,7.0131652,3.43411,1742.2931,779.80405,1291.7248,-1.8951014,1.6245248,0.0027610086,0.0000,0.8504,0.8585
sys7_planet7,planet,4.4521793,3.03708,1536.9517,507.22148,1288.431,1.9620127,-1.3141178,-0.023263917,0.9356,0.8373,0.1598
sys7_planet8,planet,6.6302307,2.3153,1437.387,675.78409,1287.9093,-0.19254654,-2.2137874,-0.0018855019,0.7552,0.2128,0.9146
sys7_planet9,planet,0.10843297,1.37315,1549.154,864.88402,1291.1935,-1.9467163,-0.83878576,0.013414895,0.9628,0.1015,0.0751
sys7_planet10,planet,1.7999084,2.38158,1397.5139,704.29595,1290.132,-0.38407496,-2.0103677,0.015352946,0.5070,0.5676,0.7520
sys8_star,star,1000,8.59494,-727.37016,2353.4901,1965.6056,0,0,0,0.9903,0.8484,0.4480
sys8_planet0,planet,4.9945971,1.12932,-687.95612,2334.8423,1964.6931,2.0239967,4.2779294,-0.085688841,0.0484,0.9452,0.9144
sys8_planet1,planet,7.5942994,2.35752,-664.17996,2352.1707,1964.0994,0.082792408,3.9650151,0.028899928,0.5698,0.5808,0.6607
sys8_planet2,planet,3.2404477,2.37883,-815.97451,2354.2475,1965.5762,-0.029121575,-3.4067544,0.002947139,1.0000,0.4216,0.1043
sys8_planet3,planet,3.5090001,2.5095,-653.66585,2271.0912,1966.1227,2.2321429,1.9966116,-0.015901767,0.0356,0.6867,0.9440
sys8_planet4,planet,5.3041519,2.29688,-793.5651,2475.2312,1965.2504,-2.3648319,-1.2858425,-0.0214513,0.9771,0.8487,0.2609
sys8_planet5,planet,4.545112,2.83996,-645.51212,2494.0378,1967.505,-2.1355169,1.2437715,0.019666185,0.3460,0.9207,0.2232
sys8_planet6,planet,3.2006294,3.29453,-883.79533,2243.7075,1967.2958,1.2964545,-1.8472691,0.032708978,0.6508,0.3290,0.1767
sys8_planet7,planet,4.0216981,2.05755,-923.19664,2272.1338,1960.3573,0.83923229,-2.0200517,-0.04748104,0.9521,0.0888,0.0336
sys8_planet8,planet,1.3686477,2.89225,-550.88891,2185.1642,1963.9848,1.4003092,1.4681539,0.003443137,0.0590,0.7796,0.8949
sys9_star,star,1000,13.1339,1391.9175,-1526.8065,-166.39498,0,0,0,0.9769,0.8207,0.4511
sys9_planet0,planet,4.2116138,2.05192,1384.1951,-1491.6332,-166.76483,-5.204862,-1.1427413,-0.010814434,0.9917,0.8234,0.1804
sys9_planet1,planet,4.2257821,1.37868,1348.1083,-1483.9416,-166.01404,-2.785914,-2.8472907,0.038539152,1.0000,0.5843,0.0624
sys9_planet2,planet,0.73780871,2.55951,1463.9635,-1551.5645,-166.77392,1.1883675,3.4581555,0.067995134,0.1449,0.7425,0.9221
sys9_planet3,planet,7.6737895,0.909078,1305.5154,-1486.8602,-168.70447,-1.3615822,-2.9450447,-0.03349678,0.1321,0.7462,0.6411
sys9_planet4,planet,6.6941905,1.22055,1500.0531,-1572.8975,-164.3196,1.1305174,2.6523435,0.020813008,0.7368,0.1823,0.8856
sys9_planet5,planet,2.5541681,1.31128,1286.5071,-1447.3855,-166.77494,-1.6346966,-2.1696298,-0.047083118,0.8606,0.2965,0.0936
sys9_planet6,planet,7.5527206,1.14273,1353.0836,-1669.9738,-163.83373,2.5416169,-0.68940838,0.010661688,0.1128,0.8195,0.2562
sys9_planet7,planet,3.7055905,1.84312,1525.528,-1625.2703,-162.30153,1.4651525,1.9881393,-0.070807375,0.1033,0.8437,0.2120
sys9_planet8,planet,0.37789026,1.22531,1426.3655,-1708.1951,-166.9163,2.3159516,0.43982881,0.034827283,0.8845,0.9152,0.2211
sys9_planet9,planet,0.48802939,1.21472,1193.0755,-1546.5555,-161.83779,0.22426456,-2.2579886,0.026832786,0.6297,0.3743,0.1290
sys9_planet10,planet,4.9805324,3.13317,1173.2698,-1578.8909,-164.91242,0.4844074,-2.0335186,-0.0087556907,0.1441,0.4979,0.9702
sys9_planet11,planet,6.1891084,2.25929,1428.5864,-1286.2075,-167.18706,-2.0306838,0.30948975,0.00057561288,1.0000,0.6563,0.0681
sys10_star,star,1000,10.6086,-2280.9812,-1728.5525,915.24477,0,0,0,1.0000,0.9331,0.6649
sys10_planet0,planet,7.1843674,2.08402,-2304.913,-1756.612,914.37871,4.0191721,-3.4279404,0.080105537,0.6386,0.3678,0.1163
sys10_planet1,planet,5.085417,1.73872,-2270.5274,-1780.2459,915.04642,4.2856893,0.86667953,0.10054824,1.0000,0.6246,0.0701
sys10_planet2,planet,3.7317048,1.38184,-2346.3178,-1695.3041,916.44199,-1.6753386,-3.2922175,-0.047519056,0.4881,0.1038,0.9894
sys10_planet3,planet,0.97472164,3.38133,-2344.0235,-1793.0575,916.41201,2.4095056,-2.3548715,-0.0054849341,0.8097,0.8157,0.9197
sys10_planet4,planet,2.9256928,2.09169,-2201.8798,-1800.234,916.70032,2.06808,2.2821512,-0.024930561,0.0615,0.9063,0.8784
sys10_planet5,planet,3.9008725,2.91197,-2195.4688,-1640.5586,915.56753,-2.0599135,2.0018196,-0.010157134,0.9749,0.0386,0.0602
sys10_planet6,planet,3.1972742,1.4505,-2272.5644,-1583.849,914.18854,-2.5967069,0.15103909,-0.0055073991,0.7485,0.2699,0.9046
sys10_planet7,planet,1.9643784,2.86052,-2174.4694,-1613.8498,914.74337,-1.8412159,1.709735,-0.05018879,0.1459,0.4390,0.9323
sys10_planet8,planet,6.3524668,2.04451,-2107.8731,-1729.8255,916.2736,0.017880544,2.4314905,-0.004580666,0.6919,0.3440,0.0453
sys10_planet9,planet,6.709243,1.09337,-2470.0781,-1721.7946,914.32702,-0.082273505,-2.3021268,0.022609333,0.7762,0.1409,0.8674
sys10_planet10,planet,2.2178723,2.43701,-2139.798,-1873.4896,919.37086,1.5836072,1.5425917,0.0052384834,0.0917,0.6877,0.6219
sys10_planet11,planet,7.5994188,1.88777,-2345.305,-1513.7124,911.37052,-2.0044243,-0.60013101,-0.015155687,0.0780,0.4245,1.0000
sys10_planet12,planet,5.4538981,2.99908,-2190.8836,-1948.0612,912.32274,1.9227041,0.789176,0.0029081341,0.7171,0.7778,0.8593
sys11_star,star,1000,9.58759,1223.8108,2337.5487,-870.87321,0,0,0,0.9683,0.9705,0.8156
sys11_planet0,planet,1.5918077,1.32784,1260.0163,2360.2209,-871.10752,-2.5868837,4.1310305,-0.11426691,0.9015,0.0307,0.0739
sys11_planet1,planet,7.394441,1.46386,1202.3094,2282.839,-869.38917,3.8285523,-1.5046573,0.013198511,0.9626,0.6481,0.1396
sys11_planet2,planet,2.3864947,2.94936,1142.1145,2354.076,-872.17918,-0.68032327,-3.3629106,0.046597622,0.0866,0.7601,0.6412
sys11_planet3,planet,1.8750468,3.08601,1220.9255,2434.6365,-872.72751,-3.2499297,-0.096580902,0.017301465,0.6613,0.3234,0.1402
sys11_planet4,planet,6.8228772,3.09063,1150.0629,2249.2529,-869.17009,2.2431941,-1.8735985,0.0056239301,0.1131,0.4877,0.9573
sys11_planet5,planet,7.5142405,2.76661,1120.5829,2241.9255,-868.95881,1.7914215,-1.933889,0.0074620216,0.1341,0.7503,0.6429
sys11_planet6,planet,1.0309668,1.44351,1218.3926,2172.6969,-868.10731,2.4793522,-0.081489009,-0.011432545,0.3458,0.9909,0.1937
sys11_planet7,planet,5.4559776,2.21234,1264.1015,2166.8528,-867.08386,2.3063031,0.54437512,0.012708516,0.8451,0.2636,0.0000
sys11_planet8,planet,5.1419661,2.07962,1189.1177,2143.5463,-866.56678,2.2496047,-0.40229244,-0.025141312,0.0756,0.4578,1.0000
sys11_planet9,planet,7.0798857,1.61356,1177.0597,2552.7174,-867.55723,-2.0751787,-0.45088676,-0.033936196,0.4420,0.1935,0.1546
sys11_planet10,planet,5.7241507,2.32151,1091.5983,2133.5458,-866.68123,1.6777219,-1.0873171,-0.030002166,0.6776,0.0724,0.1012
sys12_star,star,1000,8.18536,-647.70147,-152.22094,-1552.6432,0,0,0,0.9972,0.8575,0.4393
sys12_planet0,planet,4.2997421,2.08556,-611.39462,-161.90486,-1552.2301,1.3348902,5.0047585,-0.12044782,0.7341,0.2091,0.9359
sys12_planet1,planet,1.2141157,3.42533,-597.4497,-194.83584,-1551.5685,2.5083285,2.9578377,0.024858969,0.0296,0.8815,0.9212
sys12_planet2,planet,7.9196022,0.999956,-627.02764,-67.810676,-1554.5065,-3.2572363,0.797765,-0.022223746,0.6534,0.3171,0.1015
sys12_planet3,planet,4.2247882,2.72442,-630.8116,-261.44651,-1551.8857,3.0067135,0.46493691,-0.00093806334,1.0000,0.6021,0.0934
sys12_planet4,planet,6.7523542,1.69154,-611.34154,-272.91099,-1554.2219,2.6688804,0.8040457,0.041180377,1.0000,0.6229,0.0798
sys12_planet5,planet,7.2873933,1.59655,-633.42809,-302.97077,-1554.1677,2.5366276,0.24017436,-0.019734303,0.4885,0.2720,0.1798
sys12_planet6,planet,5.4305278,2.64299,-783.17203,-264.77363,-1551.504,1.5060515,-1.8127123,-0.027719718,0.9130,0.0432,0.0750
sys12_planet7,planet,1.9727904,3.04032,-482.63359,-52.188742,-1555.4474,-1.1775833,1.943186,0.063837673,1.0000,0.3547,0.1097
sys12_planet8,planet,4.855776,2.79129,-804.75121,-299.18025,-1547.8299,1.4729042,-1.5740359,0.0045413426,0.9283,0.2533,0.0000
sys12_planet9,planet,3.6595541,1.28839,-440.34281,-263.37496,-1552.7232,0.9730997,1.8153249,0.022845472,0.9420,0.6497,0.1096
sys13_star,star,1000,12.6155,-1850.3925,-121.47537,-1365.4533,0,0,0,0.9630,0.9135,0.6435
sys13_planet0,planet,7.9488279,3.47375,-1860.595,-78.252415,-1366.0333,-4.5854456,-1.0823707,-0.021772923,0.0669,0.8909,0.8262
sys13_planet1,planet,2.4952964,1.98748,-1802.8882,-142.76879,-1366.2599,1.7942489,4.0028523,-0.03858629,0.0693,0.7421,0.6762
sys13_planet2,planet,4.0934723,2.51901,-1859.0304,-49.959511,-1366.1288,-3.7042218,-0.44740605,0.021590696,0.4409,0.3017,0.0885
sys13_planet3,planet,3.6256305,1.41524,-1891.3746,-47.67452,-1367.0993,-2.9809017,-1.6553155,-0.051055472,0.0109,0.7365,0.9731
sys13_planet4,planet,0.53398641,2.37066,-1804.8095,-29.162116,-1364.6131,-2.7756054,1.3705537,0.020805605,0.9941,0.1865,0.6138
sys13_planet5,planet,6.4417428,3.21124,-1941.3821,-193.49953,-1365.7893,1.8188196,-2.2977533,0.041393562,0.0427,0.7737,0.9370
sys13_planet6,planet,4.8354718,3.3735,-1771.125,-12.315925,-1367.5513,-2.2136193,1.6074476,-0.016857121,0.0160,0.2755,1.0000
sys13_planet7,planet,5.7201338,0.849782,-1942.5839,-9.5580957,-1367.5444,-1.9993689,-1.6469729,0.036837758,0.3593,0.9128,0.2070
sys13_planet8,planet,4.8669071,1.46303,-1788.3589,-276.67167,-1363.6012,2.244268,0.89705699,-0.018928746,0.9907,0.6296,0.0457
sys13_planet9,planet,1.6906517,3.30985,-2003.3896,-29.599626,-1368.4723,-1.2305027,-2.0491085,-0.013255305,0.9217,0.2094,0.0511
sys13_planet10,planet,4.4475557,1.01102,-1834.3438,-317.22567,-1360.6256,2.2762671,0.18662114,-0.017824354,0.0000,0.2917,0.8433
sys13_planet11,planet,0.69263673,2.77041,-2035.0114,-15.791464,-1364.6531,-1.0659445,-1.8620954,-0.031458615,0.0895,0.8981,0.8583
sys13_planet12,planet,1.8346788,2.05259,-1625.0034,-165.26579,-1362.6517,0.39646112,2.0405835,0.015225274,0.7198,0.8453,0.8527
sys13_planet13,planet,4.9874188,3.30201,-1699.675,-304.68781,-1366.9661,1.6022604,1.3180801,-0.014051723,0.0070,0.6737,0.9367
sys14_star,star,1000,8.53041,849.06997,-314.24041,1663.391,0,0,0,0.9850,0.9018,0.6326
sys14_planet0,planet,5.5315181,0.927906,880.99441,-342.35245,1663.3671,3.1698374,3.5997124,-0.011325829,1.0000,0.3969,0.0349
sys14_planet1,planet,4.9536502,1.80904,797.48683,-283.45083,1663.4598,-2.0773,-3.4801937,0.0042431017,0.2837,0.9576,0.2551
sys14_planet2,planet,4.2904853,2.40249,769.34173,-291.91542,1662.9318,-0.94582298,-3.3777763,0.0010890424,0.5399,0.1069,0.9231
sys14_planet3,planet,0.27592368,2.42371,752.14428,-261.96583,1661.0889,-1.4425765,-2.6747748,0.016572307,0.1137,0.7606,0.6468
sys14_planet4,planet,4.4212035,1.19621,965.58295,-369.81787,1666.6367,1.1818375,2.4776123,-0.01827868,0.9508,0.1893,0.5967
sys14_planet5,planet,7.8265614,2.08217,701.36096,-268.80724,1666.1612,-0.74390563,-2.4185319,-0.031997391,0.0856,0.2490,0.9269
sys14_planet6,planet,2.1448015,2.16227,695.7749,-234.49391,1667.2772,-1.1102937,-2.1342951,-0.019005646,0.0033,0.6985,0.9698
sys14_planet7,planet,1.573218,1.61378,972.17533,-471.97183,1662.2375,1.7639876,1.3767474,0.029274004,0.0540,0.9258,0.8838
sys14_planet8,planet,2.8559992,2.73523,940.78665,-115.05637,1665.3977,-1.925956,0.88682958,0.01956295,0.0533,0.2017,0.9152
sys14_planet9,planet,0.40793708,2.13542,636.63532,-417.40332,1659.8545,0.90970083,-1.8732698,-0.023385281,1.0000,0.0928,0.1004
sys15_star,star,1000,13.6214,1001.3255,-938.16679,1661.299,0,0,0,0.9638,0.9579,0.7981
sys15_planet0,planet,3.0911053,1.83995,995.57693,-900.18396,1660.3608,-5.0112409,-0.75843546,-0.065185049,0.3745,0.2180,0.1343
sys15_planet1,planet,7.4353568,2.16139,1055.45,-929.52286,1660.4447,-0.67881024,4.2504078,0.044007178,0.9780,0.1664,0.6068
sys15_planet2,planet,6.47055,1.63284,1044.066,-1001.6803,1662.8825,2.9925866,2.0138207,0.0034120313,0.8718,0.1867,0.1040
sys15_planet3,planet,6.1844769,2.9579,1013.2705,-1032.2898,1659.2809,3.2357773,0.41064769,0.02517646,0.7133,0.7721,0.9074
sys15_planet4,planet,3.2026066,1.94778,907.35808,-881.93715,1658.6796,-1.5492835,-2.5890647,0.0059915272,0.7022,0.0538,0.1275
sys15_planet5,planet,2.1332413,2.15723,883.31333,-878.94066,1660.1088,-1.2344881,-2.4598034,-0.022268749,0.1572,0.2317,0.9648
sys15_planet6,planet,7.7439849,3.06297,1065.9258,-1067.1231,1659.4626,2.3874108,1.1959667,-0.010094475,0.0377,0.9087,0.9296
sys15_planet7,planet,1.0099698,2.32243,1072.6344,-1094.1932,1662.0549,2.1803257,0.99647539,-0.0079628934,0.9257,0.8170,0.2328
sys15_planet8,planet,1.0375512,3.33004,1168.1908,-862.78976,1661.4164,-0.95509891,2.114342,0.016971028,0.7579,0.2210,0.9116
sys15_planet9,planet,0.9227968,3.49937,831.71112,-1042.3046,1663.5707,1.1707829,-1.9069121,-0.011670173,1.0000,0.1722,0.6212
sys15_planet10,planet,2.5862678,1.75895,1186.9306,-824.01136,1656.9,-1.1367646,1.8482632,-0.016021769,0.9623,0.3895,0.0074
sys15_planet11,planet,0.40613552,2.56507,1191.9538,-1079.6617,1658.2339,1.2307764,1.658157,0.010484679,0.0582,0.6848,0.9149
sys16_star,star,1000,12.4911,1523.8218,-562.6081,-1058.3595,0,0,0,1.0000,0.8376,0.4406
sys16_planet0,planet,6.3700137,0.95854,1489.4018,-583.70649,-1057.3756,2.6026724,-4.246008,-0.022717535,0.9348,0.8777,0.2343
sys16_planet1,planet,6.0370045,2.17073,1472.2827,-548.81317,-1059.4957,-1.1214632,-4.1898809,0.00060281682,0.0480,0.4532,0.9731
sys16_planet2,planet,4.4939033,1.38393,1525.7276,-628.95628,-1057.1703,3.9228238,0.11267883,0.0091949027,0.8265,0.2097,0.9170
sys16_planet3,planet,0.83930527,3.19768,1555.9918,-484.10104,-1059.0745,-3.1962039,1.309717,-0.031898278,0.7184,0.1893,0.9430
sys16_planet4,planet,0.41223659,2.7669,1498.0875,-658.29183,-1057.7861,3.0501377,-0.82034008,0.015549335,0.9739,0.1481,0.6408
sys16_planet5,planet,3.5454777,1.67654,1633.6813,-599.16512,-1056.8052,0.92712406,2.7861533,-0.069922579,1.0000,0.1880,0.6193
sys16_planet6,planet,2.8817517,1.57618,1653.0355,-566.66116,-1061.2072,0.0868948,2.7702585,-0.0054041034,0.9213,0.2425,0.0000
sys16_planet7,planet,0.73419083,1.50937,1650.8258,-633.21515,-1061.9101,1.2581151,2.2630265,0.016345192,0.9053,0.9160,0.1809
sys16_planet8,planet,1.1947864,1.95666,1359.4883,-560.54116,-1057.6673,-0.030908667,-2.4574038,0.027154997,0.4627,0.2744,0.1997
sys16_planet9,planet,5.850259,1.57776,1362.3035,-635.83666,-1062.3549,0.97082817,-2.1413295,0.026837666,0.1125,0.3400,0.9237
sys16_planet10,planet,1.9541576,2.28034,1686.8759,-460.6638,-1063.1467,-1.1928181,1.9078447,-0.020025835,0.7629,0.1827,0.9677
sys16_planet11,planet,0.50882299,2.08965,1314.2538,-563.47827,-1053.002,0.008974877,-2.1614709,0.017862707,0.1174,0.4628,0.9899
sys16_planet12,planet,2.682497,1.6248,1325.5962,-451.3096,-1059.9474,-1.0274769,-1.8299636,0.0088032436,0.5504,0.5166,0.7181
sys16_planet13,planet,6.7965651,1.44135,1689.571,-734.50116,-1057.0828,1.4569344,1.4048605,0.020232698,0.9988,0.6328,0.1030
sys17_star,star,1000,13.9231,912.47752,-1801.2376,-1500.459,0,0,0,1.0000,0.9910,0.8369
sys17_planet0,planet,2.7053045,3.31625,927.08871,-1841.2117,-1501.0219,4.5602899,1.6668593,0.015730941,1.0000,0.0451,0.0677
sys17_planet1,planet,4.2683272,0.981911,858.74056,-1814.1164,-1500.4963,0.97977815,-4.0881332,0.047058367,0.5115,0.5917,0.6960
sys17_planet2,planet,5.5655918,2.5054,968.61335,-1762.0819,-1499.0262,-2.2015839,3.156315,0.019412467,0.6470,0.3404,0.1477
sys17_planet3,planet,4.7414221,2.59373,834.53572,-1848.1132,-1501.3043,1.7190639,-2.8583504,-0.020482602,0.9984,0.5814,0.1247
sys17_planet4,planet,0.48768498,1.89155,945.34974,-1694.6106,-1500.2286,-2.8592365,0.88147905,-0.03470273,0.9775,0.6706,0.0844
sys17_planet5,planet,0.8994276,1.53752,889.98257,-1920.0361,-1499.563,2.8502666,-0.53970887,-0.025120176,0.6670,0.7812,0.8685
sys17_planet6,planet,4.7883046,2.39668,797.95358,-1876.2341,-1502.4524,1.4910724,-2.2769506,0.03021035,0.8779,0.2716,0.0000
sys17_planet7,planet,1.2297585,1.32117,886.96527,-1952.0001,-1500.3008,2.5115211,-0.42500305,-0.011099035,0.0298,0.8994,0.9638
sys17_planet8,planet,6.2027959,2.9673,1049.3705,-1694.0153,-1501.9309,-1.4927353,1.9058067,0.0024806691,0.9156,0.8597,0.2348
sys17_planet9,planet,1.7727547,3.01252,1081.6939,-1889.7432,-1496.6269,1.0612815,2.0290927,-0.022248873,0.5368,0.0840,0.9769
sys17_planet10,planet,7.5027955,2.23752,1012.4662,-1985.4385,-1502.9031,1.8939951,1.0281062,0.011661614,1.0000,0.4349,0.0288
sys17_planet11,planet,1.2520752,1.41209,1077.6602,-1647.1945,-1505.2222,-1.4235582,1.5265025,-0.027409455,0.6229,0.3346,0.1663
sys17_planet12,planet,7.3161259,3.23672,747.64129,-1621.436,-1498.8479,-1.5109345,-1.3851753,-0.008880354,0.8682,0.2513,0.0000
sys18_star,star,1000,11.8353,-2463.1887,1434.6219,824.25428,0,0,0,0.9944,0.7563,0.2324
sys18_planet0,planet,5.1855497,3.365,-2481.3368,1473.4,823.79253,-4.3828993,-2.0511978,0.10697588,0.3931,0.9694,0.2087
sys18_planet1,planet,5.9991805,2.19475,-2518.6699,1447.4929,822.85789,-0.95027314,-4.096217,0.038661753,0.1317,0.7893,0.2289
sys18_planet2,planet,4.5049096,2.82772,-2405.3413,1476.6238,824.83434,-2.2301363,3.0714727,0.0046968183,1.0000,0.3401,0.0425
sys18_planet3,planet,6.705978,1.0072,-2403.336,1361.3081,822.3845,2.5501869,2.0819466,-0.007038417,0.7739,0.7975,0.8870
sys18_planet4,planet,6.1645222,3.21145,-2520.2167,1531.9433,822.2832,-2.5651435,-1.5031151,0.016120001,1.0000,0.1197,0.5432
sys18_planet5,planet,5.3724354,2.03321,-2571.7864,1506.5881,827.26846,-1.5511353,-2.3406775,0.01144896,0.5484,0.0830,0.9391
sys18_planet6,planet,7.1044999,3.012,-2574.3107,1337.6444,822.19001,1.7206538,-1.9716186,-0.043939883,0.9136,0.2367,0.0000
sys18_planet7,planet,7.0320682,3.39091,-2409.7989,1590.5033,827.36482,-2.3532177,0.80598299,0.0089287426,1.0000,0.4397,0.0170
sys18_planet8,planet,2.0063833,1.02256,-2627.3278,1521.5356,824.84139,-1.0807107,-2.0409549,0.010839521,0.9564,0.0774,0.0933
sys18_planet9,planet,1.6672254,2.73488,-2645.5468,1522.4106,823.87705,-0.95577042,-1.9853634,0.030238794,0.9970,0.4119,0.0661
sys18_planet10,planet,5.3501797,3.08513,-2520.968,1653.6464,828.77561,-2.0455907,-0.53963304,0.0065458517,0.1164,0.4750,0.9437
sys18_planet11,planet,0.93694462,1.40959,-2689.6141,1503.7034,829.53932,-0.59786925,-1.95961,-0.039209227,0.4994,0.2469,0.1272
sys19_star,star,1000,9.47589,1025.8269,1403.6452,-205.42112,0,0,0,0.9801,0.9161,0.6665
sys19_planet0,planet,4.7031914,1.57034,1003.6957,1437.8596,-204.78024,-4.2036852,-2.7190965,0.010586628,1.0000,0.1214,0.5985
sys19_planet1,planet,7.8968622,3.1621,966.30037,1399.4704,-204.02141,0.28537747,-4.069091,0.00021712405,0.7741,0.2423,0.8885
sys19_planet2,planet,3.1641258,2.9932,962.24576,1454.0594,-203.8476,-2.1934636,-2.7663392,0.020781511,1.0000,0.0745,0.1374
sys19_planet3,planet,2.072396,1.17665,1073.5337,1490.9314,-204.67746,-2.821604,1.5421634,-0.034000726,0.7950,0.1711,0.8993
sys19_planet4,planet,6.4788343,1.75926,1144.6177,1396.825,-208.45526,0.16644902,2.8991587,-0.0052253394,0.5378,0.0500,0.9352
sys19_planet5,planet,2.4601967,2.29861,1117.1243,1509.4097,-206.20049,-2.0490233,1.7687446,-0.00053870532,1.0000,0.6337,0.1170
sys19_planet6,planet,0.83556371,3.0799,1092.905,1549.8081,-205.17166,-2.280404,1.0465396,0.01276268,0.8922,0.2848,0.0258
sys19_planet7,planet,1.879849,2.75483,1074.6639,1576.9036,-208.3723,-2.2683564,0.6393903,-0.0056507984,0.0052,0.8639,0.8978
sys19_planet8,planet,4.2482365,2.56253,1084.5737,1212.7591,-201.55905,2.1513679,0.66210176,0.011148332,1.0000,0.1111,0.6292
sys19_planet9,planet,7.928902,1.23681,1235.7184,1327.7892,-206.06071,0.72325289,2.0012223,0.00851822,0.6460,0.3482,0.1447
sys19_planet10,planet,2.1519638,1.1651,1032.0578,1161.2688,-207.2651,2.0392543,0.052423943,0.0013780832,0.9620,0.4061,0.0951
sys20_star,star,1000,9.2998,343.70598,-1801.015,-1927.3496,0,0,0,1.0000,0.9583,0.8126
sys20_planet0,planet,2.0336438,1.68771,304.8954,-1799.1757,-1928.2409,-0.24085146,-5.0820776,-0.042306063,0.6906,0.3866,0.1036
sys20_planet1,planet,0.32350921,2.30842,402.80674,-1783.859,-1926.1482,-1.1302848,3.893731,0.015873069,0.9378,0.2081,0.0724
sys20_planet2,planet,7.847984,2.7955,326.73494,-1730.9253,-1926.6733,-3.5708035,-0.86461016,-0.02551457,0.1311,0.7810,0.2257
sys20_planet3,planet,6.6286433,2.64638,335.40423,-1897.6027,-1928.7602,3.1952564,-0.27463374,0.02469085,0.9443,0.8350,0.2922
sys20_planet4,planet,2.0383145,1.36545,456.51028,-1767.7327,-1925.5837,-0.82350036,2.7911024,-0.029416816,0.7175,0.0873,0.1335
sys20_planet5,planet,6.5388541,1.66626,358.45776,-1934.5779,-1928.2187,2.7017461,0.29840297,-0.015675675,0.8725,0.2319,0.0885
sys20_planet6,planet,2.6100064,1.08148,341.62447,-1950.8881,-1927.6801,2.5760778,-0.035777785,-0.0066345863,0.9909,0.1839,0.6306
sys20_planet7,planet,3.716108,0.854705,185.83491,-1860.0285,-1923.5539,0.84102735,-2.2498919,0.041460754,0.9801,0.6278,0.0872
sys20_planet8,planet,0.83917445,2.28412,193.97439,-1694.0953,-1927.0699,-1.3345195,-1.8688761,-0.012291827,0.1264,0.7795,0.5961
sys20_planet9,planet,1.2577199,3.44945,546.76123,-1769.8613,-1922.6089,-0.33065579,2.1551676,0.00020001217,0.8917,0.1673,0.0480
sys20_planet10,planet,3.1332193,3.31436,565.35264,-1836.8333,-1930.827,0.3379218,2.0910912,0.010448494,0.7081,0.0919,0.1226
sys20_planet11,planet,4.5857099,2.70187,198.18768,-1998.0956,-1921.3573,1.6037594,-1.1841673,0.014589166,0.5283,0.6275,0.7342
sys21_star,star,1000,8.92991,842.01481,-144.51897,326.18053,0,0,0,1.0000,0.9974,0.8249
sys21_planet0,planet,7.067067,2.60045,827.38229,-187.06706,326.40266,4.418997,-1.5197172,0.071465057,0.6855,0.1763,0.8624
sys21_planet1,planet,6.5375199,1.25534,844.04247,-84.478368,324.64565,-4.1371431,0.13971774,-0.054732324,0.5607,0.1313,0.9763
sys21_planet2,planet,1.2687806,3.26613,925.58328,-167.2716,327.88071,0.88336255,3.2445156,0.01720026,0.0884,0.7714,0.2648
sys21_planet3,planet,7.7613703,1.07206,958.43504,-135.86485,324.64056,-0.21965754,2.9549617,-0.019650598,0.7528,0.1698,0.9283
sys21_planet4,planet,5.2414169,1.14609,813.71183,-11.905711,326.70481,-2.6305837,-0.56143231,-0.014446988,0.9900,0.0807,0.0380
sys21_planet5,planet,4.9474829,1.55119,747.82492,-281.08535,328.0041,2.0341797,-1.4029746,-2.7669201e-05,0.8052,0.2641,0.8643
sys21_planet6,planet,6.3478345,3.01908,1020.0676,-73.106098,326.67159,-0.84123948,2.0974512,-0.028766994,0.1314,0.4780,1.0000
sys21_planet7,planet,0.87483063,3.0389,629.2583,-107.92014,327.93356,-0.36170163,-2.1026456,0.018554786,0.6041,0.0000,0.1698
sys21_planet8,planet,6.031607,1.59093,878.48573,-380.3676,327.3049,1.9993317,0.30917061,0.025595388,0.9454,0.0880,0.1360
sys22_star,star,1000,9.67164,1324.9943,673.5916,267.897,0,0,0,1.0000,0.3566,0.0451
sys22_planet0,planet,5.6781788,2.46802,1359.3198,688.30684,267.41596,-2.0223572,4.7174496,0.072365776,0.6860,0.3481,0.1189
sys22_planet1,planet,5.1759545,3.28039,1375.7658,647.43241,268.68826,1.9134657,3.7137801,-0.032764283,0.1605,0.2469,1.0000
sys22_planet2,planet,1.2981433,1.38204,1278.0652,610.30617,269.06311,2.8715264,-2.1293707,-0.015982381,0.9484,0.2724,0.1070
sys22_planet3,planet,1.5373493,2.77539,1394.8557,610.27034,267.27464,2.1835444,2.4090736,-0.024920622,0.1287,0.7883,0.2937
sys22_planet4,planet,2.7661687,2.44959,1370.5436,569.70384,269.22433,2.749341,1.2054401,-0.0079660919,0.0905,0.4759,1.0000
sys22_planet5,planet,1.7215528,2.02476,1255.3766,564.92952,269.7941,2.3622424,-1.5134423,0.02769699,0.7370,0.0633,0.0484
sys22_planet6,planet,3.1831815,1.49576,1466.9099,641.47739,267.63417,0.57075472,2.5222162,-0.019710297,0.0758,0.8525,0.8706
sys22_planet7,planet,5.2067736,1.30407,1336.2186,509.03188,269.11408,2.4695264,0.16844127,-0.030433558,0.0670,0.9049,0.8966
sys22_planet8,planet,1.3599953,2.61799,1279.3182,490.14104,269.44537,2.228509,-0.55486103,-0.0027335443,0.7369,0.8170,0.9183
sys22_planet9,planet,4.3797347,1.14797,1224.9916,852.15643,267.40599,-1.9106998,-1.07006,-0.0204592,0.0842,0.7602,0.2345
sys22_planet10,planet,6.1120704,3.07626,1504.3581,545.16986,263.26283,1.2224752,1.7074039,0.024746552,0.9398,0.0801,0.0890
sys22_planet11,planet,5.152006,2.78472,1437.9467,888.63043,274.19407,-1.7727833,0.93118158,0.017202083,0.1270,0.4944,0.9700
sys23_star,star,1000,8.00495,296.0358,-980.24951,-2345.9108,0,0,0,0.9748,0.9910,0.8107
sys23_planet0,planet,5.4086778,2.71906,310.46316,-944.75188,-2346.7591,-4.7474277,1.929504,0.068078616,0.9144,0.0617,0.1073
sys23_planet1,planet,2.1329124,2.12709,260.48335,-939.75846,-2347.3067,-3.2378868,-2.8429699,0.032676471,0.4215,0.2582,0.1625
sys23_planet2,planet,1.6407328,0.872511,285.68159,-1051.4332,-2344.5409,3.6502088,-0.53095123,0.027620915,0.0563,0.7617,0.6565
sys23_planet3,planet,6.1159112,3.2914,203.16765,-1013.6909,-2348.0061,1.0671925,-2.9636426,0.017533052,0.9246,0.0929,0.1034
sys23_planet4,planet,0.85329228,1.7496,200.02533,-924.84794,-2348.7867,-1.4814657,-2.5673682,-0.01560639,0.0688,0.9690,0.8934
sys23_planet5,planet,2.7117444,1.54046,294.24629,-1115.9691,-2346.9426,2.6744233,-0.035263306,0.0068255438,0.7792,0.1960,0.9622
sys23_planet6,planet,5.219942,2.10548,394.76848,-862.40988,-2343.4346,-1.9653337,1.6466673,0.010730279,0.1435,0.8908,0.8490
sys23_planet7,planet,2.9061142,1.66962,380.02516,-839.73984,-2349.0572,-2.1503838,1.2853873,0.013899143,1.0000,0.6193,0.0783
sys23_planet8,planet,6.435064,3.17444,238.14724,-801.80037,-2349.6902,-2.1998035,-0.71361216,0.01592522,0.2884,0.9802,0.2062
sys23_planet9,planet,2.5391131,2.32635,91.882155,-966.08535,-2350.8609,-0.15439516,-2.2253593,-0.033416905,1.0000,0.3521,0.0157
sys23_planet10,planet,1.5913533,2.86121,497.3917,-882.73785,-2346.1793,-0.91702054,1.893594,-0.029919324,0.3459,0.9870,0.1544
sys23_planet11,planet,3.9194023,2.24007,147.53295,-1163.6205,-2343.318,1.6096043,-1.3035367,-0.011882075,0.4887,0.2650,0.1080
sys24_star,star,1000,8.20166,-316.41305,-1427.0766,-457.35678,0,0,0,1.0000,0.9590,0.8208
sys24_planet0,planet,0.3091849,3.34478,-276.05051,-1435.754,-456.80303,1.0343437,4.8112112,-0.090751751,0.9978,0.4215,0.0000
sys24_planet1,planet,7.5015617,2.27435,-253.02501,-1416.8321,-457.02188,-0.62153466,3.8457368,0.033882749,0.3884,0.9759,0.2318
sys24_planet2,planet,0.19847871,1.9719,-323.17411,-1512.7119,-459.14579,3.3590476,-0.26520279,0.008745261,0.9705,0.1028,0.6305
sys24_planet3,planet,7.5587506,1.54242,-411.57862,-1363.7069,-455.27071,-1.6394733,-2.4620823,-0.041564662,0.7620,0.1773,0.9576
sys24_planet4,planet,4.2140878,1.71838,-398.7849,-1315.7001,-457.17786,-2.1850087,-1.6159886,-0.029681815,0.7638,0.1038,0.8986
sys24_planet5,planet,3.2024095,0.888743,-395.22109,-1574.5442,-454.77117,2.1626698,-1.1557512,-0.0079998925,0.6829,0.7604,0.9336
sys24_planet6,planet,5.4557481,2.6008,-507.12677,-1421.6725,-458.79192,-0.064965062,-2.292643,0.03999107,0.5241,0.6353,0.6524
sys24_planet7,planet,1.1669014,1.99081,-401.39431,-1229.6762,-459.26581,-1.9928143,-0.85791033,-0.0047112254,0.3694,0.9296,0.2217
sys24_planet8,planet,7.3316358,2.0283,-191.95402,-1222.0218,-457.26574,-1.7414846,1.0570027,0.0030871294,0.1342,0.9081,0.2681
sys25_star,star,1000,11.341,1767.0154,-1330.3026,-2208.4863,0,0,0,1.0000,0.3598,0.0211
sys25_planet0,planet,4.1756013,1.47962,1728.0485,-1336.0793,-2207.6474,0.74723668,-5.0404394,-0.034336292,0.6488,0.2840,0.1061
sys25_planet1,planet,1.9334356,2.47409,1802.3661,-1290.7207,-2208.4552,-3.1943352,2.8528768,0.020899869,0.1267,0.5091,1.0000
sys25_planet2,planet,4.2764331,1.03317,1730.2288,-1274.1229,-2207.9273,-3.2189851,-2.1077985,0.0068331466,1.0000,0.1647,0.6289
sys25_planet3,planet,4.5393333,1.68772,1685.5904,-1364.0467,-2208.2205,1.3082969,-3.1569303,-0.021237138,0.9980,0.5709,0.1075
sys25_planet4,planet,2.7596994,2.6335,1807.4655,-1232.0217,-2211.0397,-2.8250337,1.162718,0.00091668519,0.3544,0.9411,0.1462
sys25_planet5,planet,7.9278402,2.91217,1726.9444,-1435.1101,-2208.1382,2.7467221,-1.0501525,-0.017886319,0.0903,0.8079,0.2614
sys25_planet6,planet,6.0354578,2.94116,1638.6001,-1289.5976,-2206.4451,-0.81107719,-2.558771,0.011438198,0.5958,0.3321,0.0824
sys25_planet7,planet,3.3350685,2.29221,1915.6755,-1361.8063,-2208.9699,0.53097194,2.5055574,0.014951945,0.4850,0.0827,0.9640
sys25_planet8,planet,4.5475597,2.68995,1620.9757,-1392.7343,-2208.9674,0.99241644,-2.3214502,-0.038266408,1.0000,0.6673,0.0986
sys25_planet9,planet,5.76475,2.84741,1874.8386,-1467.585,-2207.4807,1.8613449,1.4619219,-0.0084746866,0.3831,0.9548,0.2430
sys25_planet10,planet,4.0228147,2.98683,1962.7795,-1329.5125,-2207.0015,-0.0091808755,2.2748955,-0.022258689,0.9633,0.8684,0.2657
sys25_planet11,planet,6.0674352,2.44546,1711.1173,-1533.4633,-2203.1123,2.1301383,-0.58609031,-0.0075314161,0.7272,0.8035,0.8901
sys25_planet12,planet,3.5153698,1.09318,1916.0376,-1492.5557,-2212.9839,1.563531,1.4360334,0.0013582004,0.0385,0.8853,0.9343
sys25_planet13,planet,5.670495,2.94737,1999.0456,-1256.9652,-2214.6364,-0.61044672,1.9313784,0.014263753,0.6704,0.0583,0.0870
sys26_star,star,1000,13.3328,-1093.0805,-1032.0312,809.58257,0,0,0,1.0000,0.9220,0.6217
sys26_planet0,planet,7.4141532,2.48127,-1132.5007,-1036.8165,809.15121,0.61016416,-5.0263852,-0.066283204,0.3422,0.9898,0.2006
sys26_planet1,planet,6.8997936,2.10385,-1036.6507,-1070.6373,808.45372,2.1900811,3.2012032,0.050812245,0.9593,0.0831,0.0717
sys26_planet2,planet,6.5788275,1.49302,-1128.9081,-936.40304,809.29241,-2.9147594,-1.0920278,0.0075154665,0.7851,0.8378,0.8919
sys26_planet3,planet,6.4256325,1.85421,-1061.2775,-1149.6668,808.95541,2.783829,0.75261353,0.018336261,0.0437,0.7657,0.9691
sys26_planet4,planet,7.981636,3.14753,-1167.4224,-892.83414,812.10914,-2.1929579,-1.1712065,-0.015553762,0.9955,0.4125,0.0393
sys26_planet5,planet,7.4908518,0.810809,-1135.8592,-850.50992,805.97346,-2.2539598,-0.53118551,0.015209984,0.8445,0.2178,0.1049
sys26_planet6,planet,4.8601984,2.67524,-1211.0635,-1208.1201,807.66868,1.8106953,-1.2132014,-0.0024446778,0.0957,0.7623,0.9665
sys26_planet7,planet,6.700553,2.6048,-860.61939,-1085.0937,811.10319,0.45269859,1.983226,0.017557349,0.3446,0.9642,0.1907
sys27_star,star,1000,9.13861,285.16076,1419.491,821.5677,0,0,0,1.0000,0.7410,0.2348
sys27_planet0,planet,1.7605213,1.63497,253.76366,1445.6871,821.02642,-3.2022913,-3.8380908,0.035857099,1.0000,0.6754,0.1275
sys27_planet1,planet,1.7801302,3.25253,313.58288,1463.3759,821.34063,-3.7125123,2.4044157,-0.026908805,1.0000,0.3532,0.0726
sys27_planet2,planet,2.9434681,2.44923,303.62971,1493.7844,820.08044,-3.494836,0.86879803,0.011127813,0.5571,0.5720,0.6809
sys27_planet3,planet,0.52134367,2.79221,348.06699,1359.152,820.75565,2.3496596,2.4496291,0.015211494,0.0600,0.1879,0.9989
sys27_planet4,planet,3.1131408,0.905059,376.07346,1480.9047,820.69476,-1.712915,2.5356876,0.044620478,0.0000,0.9514,0.9275
sys27_planet5,planet,0.29574521,1.96107,286.67644,1295.8232,821.07288,2.8261901,0.034637839,-0.016377308,0.6852,0.2302,0.9417
sys27_planet6,planet,3.5683774,2.78233,412.98591,1470.8732,819.06758,-0.99976205,2.4871427,0.0087995812,0.5868,0.5978,0.7708
sys27_planet7,planet,6.4342344,3.32364,289.3244,1267.5793,824.36747,2.5898146,0.070982319,0.016342689,0.9455,0.0740,0.0348
sys27_planet8,planet,2.0664735,2.71597,124.83021,1493.2706,824.52012,-1.0039974,-2.1817893,-0.032328502,0.9968,0.3773,0.0404
sys27_planet9,planet,2.114638,2.75679,117.97409,1336.2466,822.3417,1.0210727,-2.0507051,0.03132508,0.4799,0.2752,0.1418
sys27_planet10,planet,2.0763513,3.16627,410.57737,1260.9056,821.68157,1.72293,1.3625719,-0.019921857,1.0000,0.1350,0.6110
sys27_planet11,planet,2.8161462,1.50647,59.861283,1403.139,820.98505,0.15345585,-2.1143195,-0.023330676,0.1184,0.8199,0.1824
sys27_planet12,planet,6.3412352,2.18389,174.32889,1630.6752,816.43394,-1.7994547,-0.94437446,0.012413577,0.0778,0.8197,0.2548
sys28_star,star,1000,13.6392,-468.06569,1570.1019,-1665.1354,0,0,0,1.0000,0.8157,0.4585
sys28_planet0,planet,1.3128213,2.31829,-480.84117,1532.2887,-1665.717,4.717177,-1.593734,-0.011557843,0.0403,0.7665,0.9734
sys28_planet1,planet,1.5078342,0.85439,-476.5113,1626.9067,-1666.5895,-4.0911619,-0.60826466,-0.03559899,0.5659,0.1098,0.9516
sys28_planet2,planet,4.5561674,0.966307,-406.87448,1543.9336,-1664.0971,1.5272767,3.5713385,-0.0039144188,0.7599,0.2086,0.8742
sys28_planet3,planet,4.3529239,0.883927,-502.88084,1488.4831,-1663.5527,3.1127158,-1.3277525,0.0024025105,1.0000,0.6264,0.0834
sys28_planet4,planet,5.0052817,1.9171,-517.94113,1663.8127,-1662.7175,-2.7194748,-1.4473791,0.019463738,0.9815,0.0546,0.1255
sys28_planet5,planet,5.17753,2.5621,-358.82561,1598.1075,-1663.3944,-0.73468547,2.8657518,0.02241828,0.9930,0.3555,0.0639
sys28_planet6,planet,2.9972705,1.85559,-456.37425,1705.2661,-1666.6742,-2.6986726,0.2334301,0.0082088186,1.0000,0.6656,0.1325
sys28_planet7,planet,5.4396889,1.72802,-509.33606,1423.789,-1668.4628,2.4662162,-0.6956434,0.010771563,0.6672,0.0183,0.1361
sys28_planet8,planet,1.7091459,1.10111,-475.50555,1730.268,-1664.1271,-2.4922008,-0.1157649,-0.046215877,0.7075,0.7885,0.9015
sys28_planet9,planet,7.325334,2.72479,-297.1153,1518.0145,-1669.6195,0.68777942,2.2572832,0.036545881,0.0000,0.7440,0.8919
sys28_planet10,planet,5.3401907,2.19282,-352.22452,1409.3716,-1660.6918,1.8091847,1.3039113,-0.0071163685,0.7844,0.1081,0.8709
sys28_planet11,planet,6.5013016,2.70316,-641.11279,1695.7175,-1669.2349,-1.2586466,-1.7339028,0.0057322403,0.8914,0.2902,0.0244
sys28_planet12,planet,3.8487877,3.13667,-305.87392,1420.1417,-1664.5916,1.4583023,1.5772488,-0.0064509395,0.0926,0.7885,0.2410
sys28_planet13,planet,6.9480523,1.7342,-697.14877,1503.7812,-1663.132,0.56824783,-1.9628233,-0.022993085,0.9438,0.8229,0.2501
sys29_star,star,1000,11.2197,-2386.4396,-2049.7607,1111.7968,0,0,0,0.9972,0.5536,0.0966
sys29_planet0,planet,7.0183935,1.59738,-2368.5358,-2013.0309,1112.6126,-4.4081459,2.1487388,-0.056354318,0.0075,0.7750,0.9086
sys29_planet1,planet,0.93741969,1.86911,-2334.9141,-2025.9329,1112.0742,-1.7875189,3.8653517,0.017774395,1.0000,0.6506,0.0641
sys29_planet2,planet,3.5135143,1.18702,-2396.6945,-1981.8369,1111.2389,-3.7262991,-0.56257929,0.015140019,0.7104,0.0329,0.1692
sys29_planet3,planet,3.9985248,2.5599,-2306.6274,-2008.2303,1110.3953,-1.5183528,2.9179408,0.0018467467,0.4408,0.2246,0.0775
sys29_planet4,planet,3.7873481,3.47419,-2376.1189,-1945.9704,1111.0982,-3.0415999,0.30245311,0.019179983,0.9777,0.4112,0.0725
sys29_planet5,planet,3.6802163,1.71709,-2440.743,-1940.7804,1110.1254,-2.5276257,-1.2594807,-0.045699333,0.4133,0.2136,0.0676
sys29_planet6,planet,4.0128749,1.21166,-2301.9356,-2163.2454,1109.8787,2.1347354,1.5895853,-0.035143793,0.9772,0.6577,0.1138
sys29_planet7,planet,2.0798101,2.02248,-2244.8015,-2116.6626,1108.0543,1.0812285,2.2890698,0.016856095,0.0777,0.8502,0.8498
sys29_planet8,planet,7.5804491,2.5603,-2327.4903,-1891.0919,1110.1565,-2.3059497,0.85671704,0.0086420523,0.5920,0.1164,0.9524
sys29_planet9,planet,2.5752707,3.08645,-2500.3305,-1903.0479,1113.1617,-1.8354574,-1.4248366,-0.019467565,0.5482,0.1458,0.8810
sys29_planet10,planet,2.1524061,1.45202,-2381.9636,-2253.2347,1107.9139,2.2443247,0.049371185,0.053514526,0.3846,0.8799,0.1734
sys29_planet11,planet,6.8122919,1.5912,-2493.7074,-2242.1152,1112.3407,1.8581522,-1.0362114,0.027860796,0.0841,0.7916,0.2219
sys29_planet12,planet,1.0383393,2.93068,-2150.5767,-2099.6576,1114.3668,0.41724574,1.972321,-0.020859689,0.6095,0.0766,0.9604
sys30_star,star,1000,10.3571,-190.61385,-1693.6411,5.2238755,0,0,0,0.9949,0.9349,0.6655
sys30_planet0,planet,4.974481,0.997764,-204.91555,-1657.2871,5.3059845,-4.767968,-1.8757238,-0.015623165,0.0562,0.2854,0.9414
sys30_planet1,planet,4.7695132,2.47885,-154.6002,-1753.7403,4.0744579,3.2133477,1.9255559,0.033535901,0.3392,0.9389,0.2164
sys30_planet2,planet,5.7248081,2.76526,-281.68549,-1729.5156,4.2290411,1.1857763,-3.0102338,0.0082973764,0.5560,0.0960,1.0000
sys30_planet3,planet,2.2162173,2.39167,-133.23359,-1801.6184,6.9567799,2.5253467,1.3419955,0.0055874597,0.9189,0.8162,0.1775
sys30_planet4,planet,1.3052683,2.20068,-144.73561,-1840.4313,8.33712,2.4254708,0.75806365,-0.031111689,0.5708,0.5746,0.7057
sys30_planet5,planet,4.1234725,0.854995,-212.07829,-1873.9196,6.4292531,2.3253936,-0.27686754,-0.0040691987,0.0000,0.7163,0.9448
sys30_planet6,planet,3.8478868,1.48906,-352.18811,-1560.8025,5.5411927,-1.3691539,-1.6653293,0.0013154192,0.9140,0.2310,0.0700
sys30_planet7,planet,3.8444773,2.36835,-399.68904,-1571.1939,2.0535525,-1.0278531,-1.7550301,0.017609561,0.1086,0.4872,0.9772
sys31_star,star,1000,9.24424,-1738.4395,981.60188,-269.21862,0,0,0,1.0000,0.9783,0.8035
sys31_planet0,planet,5.2664989,3.22681,-1728.3855,941.45407,-269.09823,4.7842164,1.1980893,0.042445237,0.9859,0.8493,0.1714
sys31_planet1,planet,1.1579336,0.98795,-1797.8608,987.47676,-267.91094,-0.40634701,-4.1099815,0.094021505,0.6693,0.2882,0.1393
sys31_planet2,planet,7.088419,1.27251,-1697.5196,913.28015,-270.13652,3.0417496,1.8217914,0.020030444,1.0000,0.3877,0.0772
sys31_planet3,planet,1.601481,0.966385,-1655.2463,1046.8178,-268.58534,-1.9115527,2.4384868,0.00092437819,0.9191,0.2217,0.0287
sys31_planet4,planet,5.4639867,0.992156,-1861.204,1022.0422,-271.83159,-0.8720243,-2.6472026,-0.020445745,0.9650,0.6625,0.1261
sys31_planet5,planet,6.994727,2.42865,-1588.3235,994.9309,-270.52461,-0.2254514,2.5391097,-0.0054513913,0.5622,0.5975,0.6632
sys31_planet6,planet,1.457768,1.83763,-1564.2419,1017.9702,-267.05482,-0.48843363,2.3395088,-0.024118205,0.1709,0.9100,0.8867
sys31_planet7,planet,2.1804046,3.10712,-1645.2826,807.31182,-269.46402,1.9843935,1.060645,0.044875907,0.4009,0.9632,0.1706
sys31_planet8,planet,0.65814065,0.882298,-1607.3303,1161.6602,-272.86918,-1.714481,1.2483968,0.028380927,0.0334,0.2035,0.9687
sys31_planet9,planet,5.5183517,2.18192,-1508.2761,921.22562,-264.39378,0.51677469,1.9700232,-0.0231691,0.3872,0.9712,0.2026
sys32_star,star,1000,13.9895,-594.89387,-992.43955,651.41297,0,0,0,0.9823,0.8251,0.4286
sys32_planet0,planet,1.8094755,3.48455,-570.60739,-966.65602,652.14768,-3.8278573,3.6056027,-0.019330371,0.1351,0.7788,0.6702
sys32_planet1,planet,3.6142025,2.39108,-534.62988,-961.77086,651.73121,-1.760386,3.4591583,0.0109953,0.4217,0.1804,0.1389
sys32_planet2,planet,4.4727621,1.7295,-494.19802,-994.14118,650.62369,0.052462935,3.1045524,0.00027464639,0.8880,0.2512,0.0605
sys32_planet3,planet,4.9954512,3.32384,-558.14866,-1110.4568,649.85123,2.741799,0.85367189,0.0014651031,0.8102,0.7865,0.9568
sys32_planet4,planet,4.4526189,0.958763,-743.27612,-1041.5106,652.38289,0.7837192,-2.3698313,-0.017206472,1.0000,0.1266,0.6317
sys32_planet5,planet,6.7379831,0.98984,-452.11594,-886.26155,655.5038,-1.3963306,1.8776506,0.032940686,0.1079,0.7972,0.2724
sys32_planet6,planet,5.8686885,3.36402,-448.6951,-841.71315,647.28994,-1.5696678,1.5225169,-0.018555196,0.0878,0.2491,0.9575
sys32_planet7,planet,0.51042478,3.2097,-475.64935,-1202.0501,647.41197,1.7470588,0.99387759,-0.0053809257,0.0723,0.7843,0.5892
sys33_star,star,1000,12.4501,-690.93695,-2061.7504,-1909.9705,0,0,0,1.0000,0.5526,0.1058
sys33_planet0,planet,1.8781046,2.07333,-657.18824,-2087.4948,-1911.0218,2.9457688,3.8616477,-0.01837309,0.3611,0.2779,0.1038
sys33_planet1,planet,6.1063367,2.20111,-661.75024,-2019.2395,-1909.3763,-3.6393481,2.4986646,-0.030021937,0.0449,0.7197,0.6948
sys33_planet2,planet,5.9981476,0.852442,-688.05053,-2132.2139,-1911.2359,3.793873,0.15540953,-0.025041488,0.5345,0.1384,0.9247
sys33_planet3,planet,3.0331159,0.941161,-614.86772,-2104.0553,-1910.5373,1.6659406,2.9955592,0.0088985489,0.7614,0.2013,0.9015
sys33_planet4,planet,1.5244604,2.4567,-593.3097,-2053.1573,-1912.5202,-0.28016779,3.1830216,0.019588773,0.8558,0.1749,0.9035
sys33_planet5,planet,2.534203,3.23528,-645.94464,-1954.568,-1912.171,-2.6830745,1.1262829,-0.012875432,0.6880,0.8643,0.8583
sys33_planet6,planet,0.42287292,1.64966,-629.14442,-2176.2935,-1911.7666,2.4246718,1.3080368,-0.023554782,0.7510,0.7913,0.8286
sys33_planet7,planet,0.2600442,3.07405,-829.85042,-2024.2715,-1910.8643,-0.68650751,-2.5444997,-0.01476733,0.9642,0.0982,0.0730
sys33_planet8,planet,6.6135703,1.93646,-773.369,-1920.9018,-1912.9673,-2.1417895,-1.2534885,-0.02549208,0.4373,0.2343,0.1884
sys33_planet9,planet,7.935973,1.43578,-611.35369,-1905.7607,-1913.1649,-2.1072709,1.0750936,-0.014108214,0.0937,0.4452,1.0000
sys33_planet10,planet,6.6451259,3.41937,-885.61587,-2056.433,-1908.3946,-0.061937071,-2.2676215,0.040186108,0.5970,0.3454,0.1035
sys33_planet11,planet,0.98558394,1.57864,-679.93004,-1856.117,-1906.0447,-2.1859897,0.11700912,0.010394294,0.9901,0.1714,0.5430
sys33_planet12,planet,4.001887,3.11173,-513.63787,-1920.2352,-1912.6849,-1.3041631,1.6339365,-0.022482678,0.9088,0.2523,0.0337
sys33_planet13,planet,3.35208,1.30683,-865.6182,-2221.8532,-1910.4618,1.3726762,-1.4976677,-0.009458689,0.9945,0.8313,0.2086
sys34_star,star,1000,13.2646,2309.4883,2042.9035,998.53567,0,0,0,0.9660,0.5886,0.0973
sys34_planet0,planet,3.9036954,2.15853,2273.4184,2030.9932,999.0736,1.5999513,-4.845407,-0.0096311002,0.9421,0.6685,0.1132
sys34_planet1,planet,3.9984249,1.7599,2268.9556,2088.24,997.10068,-2.9803982,-2.6645999,0.032705278,0.8245,0.2487,0.0143
sys34_planet2,planet,5.4384132,1.47602,2293.9484,2115.0655,996.87784,-3.6179422,-0.77911515,0.00071528511,0.0731,0.7914,0.2030
sys34_planet3,planet,2.2664847,2.99652,2398.8141,2056.7542,999.49966,-0.51714187,3.3351278,-0.020986862,0.1134,0.4481,1.0000
sys34_planet4,planet,1.3857228,1.78333,2203.9449,2005.8302,998.98008,0.98502882,-2.8042697,-0.00035755809,0.0214,0.9104,0.8737
sys34_planet5,planet,6.3457518,3.09462,2426.975,2106.6004,998.4603,-1.287156,2.3741132,0.013843087,0.7636,0.2075,0.8985
sys34_planet6,planet,4.0242285,2.77051,2439.7168,1963.3657,999.68412,1.3496613,2.2098237,-0.01659836,0.4650,0.2388,0.1816
sys34_planet7,planet,5.0223735,3.29214,2153.9968,2110.6431,995.7121,-0.96489218,-2.2148418,0.0078145709,0.7084,0.0325,0.0679
sys34_planet8,planet,6.9266955,1.61984,2425.4926,1897.4681,995.78843,1.7911193,1.4286597,-0.016061604,0.4147,0.2179,0.1412
sys34_planet9,planet,4.1462727,1.38146,2262.3404,2243.3104,994.61593,-2.1485182,-0.5054623,-0.016524875,0.6944,0.0399,0.0591
sys34_planet10,planet,2.1936683,1.53692,2149.2358,1886.9213,1002.624,1.4674569,-1.5076313,0.0066979497,0.6864,0.3084,0.1117
sys34_planet11,planet,1.489213,1.39651,2168.1925,1852.2008,992.98918,1.6413658,-1.2161246,0.018560631,0.8997,0.2628,0.0180
sys35_star,star,1000,9.63764,-1170.6502,2345.8819,1393.7545,0,0,0,0.9779,0.9338,0.6712
sys35_planet0,planet,6.5061001,1.71893,-1208.6973,2356.9954,1392.8904,-1.4116666,-4.8328287,0.023280113,0.3725,0.9243,0.2111
sys35_planet1,planet,1.1458438,1.00939,-1182.3757,2404.838,1394.2584,-3.9574373,-0.78707897,-0.12399517,0.9686,0.1656,0.5964
sys35_planet2,planet,3.6793488,3.11275,-1176.8079,2269.7708,1395.7377,3.5905778,-0.29049132,0.011216624,0.5627,0.5686,0.6147
sys35_planet3,planet,3.261675,2.09193,-1183.0645,2260.5174,1395.3543,3.3592256,-0.48852125,0.027196495,0.1164,0.7677,0.7026
sys35_planet4,planet,0.78293456,1.95531,-1227.0507,2431.9614,1393.0735,-2.578753,-1.6896366,0.026159683,0.8898,0.2765,0.0804
sys35_planet5,planet,4.7639167,2.16785,-1071.0133,2274.6154,1394.1838,1.6469085,2.3025257,0.053516794,0.3695,0.9460,0.2066
sys35_planet6,planet,2.1483499,2.43398,-1279.9532,2252.593,1390.5247,1.7041444,-1.9966805,-0.011343112,0.0352,0.7267,0.9307
sys35_planet7,planet,5.4862177,0.933744,-1259.4025,2479.5953,1391.5429,-2.1052968,-1.3973907,0.069015593,0.3524,0.9796,0.2644
sys35_planet8,planet,3.6011061,2.46625,-1139.8077,2179.3062,1391.8563,2.3582877,0.43665135,-0.016746693,0.0000,0.7186,0.9088
sys35_planet9,planet,4.4046441,1.92083,-1358.0592,2310.375,1392.3975,0.42600284,-2.2484855,-0.023889769,0.6785,0.0808,0.1193
sys35_planet10,planet,2.2526599,2.57881,-1373.817,2341.0859,1398.2387,0.052361577,-2.2181329,-0.016975577,0.4169,0.2847,0.1349
sys35_planet11,planet,0.14785913,1.0025,-1309.6922,2168.738,1392.5441,1.6329897,-1.2817503,-0.018010693,0.9432,0.3874,0.0698
sys35_planet12,planet,7.7388824,3.14365,-1258.5546,2573.6735,1400.1052,-1.9116342,-0.73769663,0.026726172,0.9725,0.5604,0.0844
sys36_star,star,1000,10.9465,1084.4509,-253.19249,-1138.7922,0,0,0,1.0000,0.5864,0.1076
sys36_planet0,planet,4.7981511,1.97787,1048.6466,-244.62762,-1138.1859,-1.2208825,-5.1037483,-0.010233327,1.0000,0.6240,0.0958
sys36_planet1,planet,4.0547942,2.25954,1145.3938,-277.05126,-1139.0388,1.404309,3.5870519,0.041569419,0.9329,0.0166,0.0894
sys36_planet2,planet,1.5135058,1.91777,1035.0565,-336.59863,-1137.7569,2.7562571,-1.6322982,-0.011166406,0.7304,0.8388,0.8691
sys36_planet3,planet,0.68219707,0.829035,1031.1522,-370.8215,-1137.1691,2.5218994,-1.1426949,-0.0099122221,0.9039,0.1183,0.5982
sys36_planet4,planet,2.4815472,1.17233,944.69074,-181.96087,-1140.6401,-1.144078,-2.2447416,-0.0081010296,0.0445,0.7398,1.0000
sys36_planet5,planet,7.6016249,2.05023,1063.1706,-434.17132,-1135.8785,2.3004048,-0.27049309,-0.018093238,0.5483,0.0905,0.9461
sys36_planet6,planet,5.3314821,1.11123,876.05501,-260.26284,-1134.5801,0.073746946,-2.1736646,0.0054905587,0.8888,0.1103,0.0888
sys36_planet7,planet,4.2025799,2.29693,869.29497,-157.53883,-1141.9402,-0.84210971,-1.8941768,-0.012621076,0.0655,0.7809,0.2563
sys37_star,star,1000,10.1808,-2018.0452,2013.012,-221.11855,0,0,0,1.0000,0.7441,0.2574
sys37_planet0,planet,4.1003551,3.19973,-2023.1602,2056.3094,-220.68038,-4.7534162,-0.56154844,-0.062510464,0.7930,0.1702,0.9110
sys37_planet1,planet,1.0613533,2.64272,-1968.6226,1965.647,-220.3655,2.6502867,2.7654161,0.00045623306,0.9396,0.0411,0.6257
sys37_planet2,planet,6.0157333,2.60339,-2083.4713,2068.9673,-219.13271,-2.2034801,-2.5764319,0.011872837,0.9351,0.0809,0.0990
sys37_planet3,planet,3.931186,2.735,-1932.9046,1932.8343,-221.27542,1.995167,2.1186658,-0.038659351,0.6301,0.3477,0.1224
sys37_planet4,planet,2.9739962,2.75577,-1985.5576,1877.9253,-222.92981,2.6186848,0.62977942,0.0047084957,0.4703,0.2018,0.1035
sys37_planet5,planet,4.8019297,2.91434,-2158.5169,1917.269,-216.81942,1.3672722,-2.0060267,0.018403672,0.6914,0.0949,0.0539
sys37_planet6,planet,1.9698036,3.11842,-2027.6639,1826.009,-223.6869,2.3411678,-0.12042032,-0.019026037,0.8644,0.2920,0.0641
sys37_planet7,planet,0.17298748,1.80021,-1902.9724,2192.0213,-221.27055,-1.8094638,1.1631795,-0.024504161,0.1316,0.7721,0.6242
sys37_planet8,planet,4.6991198,1.91233,-2185.5717,1841.9643,-226.49178,1.4520563,-1.4221639,0.041404431,0.0487,0.4275,0.9815
sys38_star,star,1000,13.464,-1488.1832,-970.21688,396.09784,0,0,0,0.9681,0.8519,0.4633
sys38_planet0,planet,2.8901839,2.46112,-1519.8158,-991.85987,395.54335,2.8556167,-4.1736641,0.047383235,0.3115,0.9311,0.2095
sys38_planet1,planet,5.2411607,2.69508,-1455.0066,-912.77886,394.51603,-3.3561105,1.9385096,-0.013517494,0.7913,0.8196,0.8486
sys38_planet2,planet,3.9450085,2.42229,-1501.1138,-1056.1459,394.72,3.3335618,-0.50163488,-0.0030437518,1.0000,0.6344,0.0271
sys38_planet3,planet,3.5355848,1.66969,-1401.7504,-1052.2935,396.90606,2.0025966,2.1088839,0.061254249,0.7320,0.1967,0.8729
sys38_planet4,planet,7.1762736,1.31326,-1357.8983,-931.09816,396.27445,-0.78239014,2.6057508,0.032561491,0.9482,0.0898,0.1140
sys38_planet5,planet,7.9912432,1.42006,-1394.7036,-840.28001,394.55804,-2.0227435,1.4552077,-0.032768672,0.7613,0.8523,0.9370
sys38_planet6,planet,2.2700157,2.28303,-1658.7716,-878.7784,396.69133,-1.0616111,-1.9805504,0.012051396,0.7590,0.7415,0.9245
sys38_planet7,planet,7.3831784,2.18498,-1381.9778,-780.93987,392.25084,-1.8608372,1.0441355,-0.0056420622,0.4985,0.2624,0.1191
sys38_planet8,planet,7.8760807,1.40297,-1553.7624,-740.85432,394.14523,-1.9657465,-0.56204546,-0.0015832517,0.7723,0.0528,0.0456
sys39_star,star,1000,12.3039,-1616.1361,1783.0714,1292.5976,0,0,0,0.9867,0.3925,0.0351
sys39_planet0,planet,5.1833516,3.0354,-1645.318,1816.4426,1293.7442,-3.5812731,-3.1316964,-0.029505441,0.4251,0.2705,0.1269
sys39_planet1,planet,2.3758484,2.17697,-1664.4039,1740.8382,1293.6898,2.5963088,-2.967289,0.016539913,0.5327,0.6290,0.6454
sys39_planet2,planet,4.8515935,2.87009,-1614.1712,1690.2529,1294.7144,3.2435009,0.06866098,0.013909554,0.6517,0.3188,0.1110
sys39_planet3,planet,3.571906,1.37731,-1719.9324,1830.6061,1292.9222,-1.234257,-2.6951148,0.006955601,0.1149,0.4215,1.0000
sys39_planet4,planet,0.53759729,0.907691,-1550.7417,1911.7855,1290.4785,-2.3447926,1.191293,0.044038607,0.5321,0.5583,0.7309
sys39_planet5,planet,7.1776378,2.105,-1684.5418,1930.918,1296.2556,-2.2372042,-1.0351104,-0.025719241,0.0958,0.7440,0.6789
sys39_planet6,planet,0.12943151,1.67683,-1455.1714,1882.357,1292.3395,-1.196943,1.9405188,0.02854628,0.9250,0.2230,0.0000
sys39_planet7,planet,5.8945773,1.7892,-1414.0672,1702.3683,1288.3371,0.79310093,1.9858096,0.0080416876,0.9980,0.1116,0.0433
sys39_planet8,planet,0.4831072,1.31871,-1784.0114,1613.7495,1296.8041,1.4345287,-1.4222727,0.0029942284,0.6994,0.0405,0.1064
sys40_star,star,1000,10.3095,1097.3148,-339.5348,636.5442,0,0,0,1.0000,0.9490,0.8360
sys40_planet0,planet,6.051146,2.26576,1123.0475,-363.59171,637.41745,3.6323878,3.8854255,0.065893275,0.5524,0.6297,0.6760
sys40_planet1,planet,7.4460879,0.996996,1030.6919,-322.06126,635.3555,-0.95273962,-3.6325917,-0.0082927481,0.7243,0.1497,0.9711
sys40_planet2,planet,0.39914232,1.59069,1183.0035,-393.17288,636.04003,1.6662084,2.6618265,-3.6741326e-05,0.1376,0.5309,0.9669
sys40_planet3,planet,1.1873148,0.812012,1200.1799,-266.01179,633.9185,-1.6343566,2.2866078,0.029296854,0.9812,0.8367,0.1909
sys40_planet4,planet,1.5547075,1.09076,968.29543,-252.96802,635.77163,-1.4225273,-2.1201383,0.00027000077,0.0705,0.9281,0.8930
sys40_planet5,planet,5.2592023,2.17535,1047.7194,-161.64578,634.66829,-2.2254711,-0.62046082,-0.032867628,1.0000,0.6668,0.1481
sys40_planet6,planet,7.0189514,2.42564,1289.3405,-260.5047,633.91546,-0.84280971,2.0478416,0.00026417879,0.0811,0.7387,0.6645
sys40_planet7,planet,3.0108988,0.934295,956.20172,-535.82493,637.62094,1.6342954,-1.1748956,-0.0036648563,0.6911,0.2039,0.9555
sys41_star,star,1000,13.738,420.48984,749.23301,-2077.7784,0,0,0,1.0000,0.8939,0.6825
sys41_planet0,planet,4.9067579,1.69667,452.89339,776.83306,-2077.1437,-3.148107,3.6960006,-0.033918585,0.9856,0.9281,0.2254
sys41_planet1,planet,2.1721002,1.04991,425.39369,686.42855,-2077.503,4.0307012,0.31472182,0.083275706,0.6891,0.1767,0.8766
sys41_planet2,planet,1.5530822,1.56077,506.87433,755.89881,-2077.1786,-0.26528611,3.4379355,0.013285867,0.9716,0.0799,0.0839
sys41_planet3,planet,3.3143991,1.68599,362.33035,834.77974,-2078.3413,-2.5357566,-1.7239503,0.010045148,1.0000,0.3590,0.0290
sys41_planet4,planet,3.5583701,1.72828,500.72739,853.0411,-2080.2054,-2.1910227,1.6935316,-0.025912596,0.0918,0.3986,0.9650
sys41_planet5,planet,5.3602443,3.03946,503.22749,881.11528,-2078.9373,-2.1646306,1.3580023,0.018915264,0.0750,0.7226,0.6919
sys41_planet6,planet,6.0150264,2.59868,271.60371,664.39695,-2079.5892,1.1805106,-2.0717801,-0.047148367,0.1354,0.8136,0.2517
sys41_planet7,planet,4.8055356,1.92501,310.72617,581.54587,-2076.1947,1.8916204,-1.2382059,0.019621259,0.5281,0.0916,0.9191
sys41_planet8,planet,3.4800226,2.91696,556.22652,917.97676,-2073.2459,-1.6937004,1.3624047,0.018451413,0.9788,0.8869,0.2049
sys41_planet9,planet,5.4861358,1.49019,657.44571,744.80523,-2083.5986,0.038489072,2.0597707,0.0066929023,0.8098,0.2517,0.9275
sys42_star,star,1000,12.1802,-420.96299,-2291.9291,-30.045904,0,0,0,1.0000,0.5352,0.0703
sys42_planet0,planet,5.5339128,0.910256,-453.75942,-2277.4263,-30.211793,-2.1236563,-4.8023896,0.058199185,0.9769,0.0854,0.6043
sys42_planet1,planet,1.390991,1.41157,-381.33259,-2239.8049,-29.865052,-3.132306,2.3815131,-0.060039991,0.9104,0.2633,0.0169
sys42_planet2,planet,7.6835451,1.19893,-384.65117,-2202.3078,-28.895452,-2.9776533,1.2064537,0.015431229,0.8350,0.8036,0.9512
sys42_planet3,planet,7.6101261,3.00695,-392.24697,-2418.7344,-33.402264,2.7399331,0.62047864,0.011162187,0.7417,0.1029,0.1831
sys42_planet4,planet,6.6568945,1.35131,-505.57559,-2421.6832,-30.63852,2.1430527,-1.3974845,0.018243481,0.6672,0.3438,0.1191
sys42_planet5,planet,2.2372631,3.03195,-352.07513,-2460.1007,-27.015527,2.1862423,0.89554693,-0.045633576,0.9771,0.6206,0.1008
sys42_planet6,planet,4.2901564,1.28126,-613.94013,-2389.4359,-27.245182,0.96040245,-1.900747,0.011213583,0.9640,0.8606,0.2591
sys42_planet7,planet,0.53609764,2.98638,-515.69856,-2512.0453,-34.925248,1.8542134,-0.79803306,0.018013931,0.0570,0.7542,0.8794
sys43_star,star,1000,11.7954,-850.69394,-1777.3791,-1982.9852,0,0,0,0.9866,0.5363,0.1287
sys43_planet0,planet,2.6550121,3.12316,-851.6319,-1813.6498,-1983.3411,5.2738207,-0.13638127,0.10523452,0.5502,0.1624,0.9763
sys43_planet1,planet,0.99045692,2.49033,-798.78577,-1769.649,-1983.6584,-0.63661886,4.2749659,0.0032757926,0.3986,0.9389,0.1912
sys43_planet2,planet,3.7978745,1.6832,-834.94675,-1845.8708,-1982.6485,3.6322415,0.83510126,-0.024918309,0.5901,0.5562,0.6908
sys43_planet3,planet,2.0715017,1.95944,-820.10642,-1696.0564,-1984.596,-3.1820671,1.1968565,-0.048364272,1.0000,0.4217,0.0653
sys43_planet4,planet,6.7473116,2.2008,-816.61826,-1676.449,-1980.4535,-2.9299336,0.98919494,-0.054521886,0.5756,0.0537,0.9502
sys43_planet5,planet,7.6983444,2.284,-883.93251,-1670.2339,-1982.3586,-2.840407,-0.8811515,0.00091456343,0.1251,0.2313,0.9825
sys43_planet6,planet,2.3741051,0.973742,-725.40802,-1799.9951,-1982.1742,0.50042681,2.7722055,0.027001367,0.9830,0.0380,0.0738
sys43_planet7,planet,1.2792443,3.30948,-744.75011,-1878.1221,-1984.4946,1.7932022,1.8857743,-0.017814597,0.0472,0.8110,0.2120
sys43_planet8,planet,7.0459819,1.19969,-847.76662,-1615.6671,-1981.6112,-2.460476,0.044539591,-0.014501244,0.9669,0.8498,0.1535
sys43_planet9,planet,6.820456,2.83077,-934.4662,-1615.4671,-1986.5308,-2.110265,-1.0918386,-0.016815805,1.0000,0.3930,0.0195
sys43_planet10,planet,3.9672775,2.45703,-891.79824,-1971.0368,-1978.3214,2.2030433,-0.4676009,0.012837861,0.5718,0.1315,0.9695
sys43_planet11,planet,3.3684012,2.35106,-638.03221,-1764.7563,-1982.2062,-0.12888771,2.1714359,-0.021213902,0.9130,0.2824,0.0396
sys43_planet12,planet,4.8238091,1.95871,-663.7514,-1895.3381,-1982.4289,1.1369467,1.8018429,0.0057351644,1.0000,0.4310,0.0155
sys43_planet13,planet,3.5795735,3.05621,-905.62966,-1544.654,-1981.0861,-1.9978807,-0.47160808,0.029086875,0.4254,0.2155,0.0947
sys44_star,star,1000,11.8499,438.22286,-1647.0352,2125.6006,0,0,0,0.9529,0.7159,0.2391
sys44_planet0,planet,6.396074,2.91667,427.97259,-1688.4735,2124.5921,4.7072871,-1.1644035,0.0082975929,0.7504,0.1461,0.8783
sys44_planet1,planet,4.7671126,1.77303,385.2229,-1623.9434,2124.6409,-1.680338,-3.856695,0.059970464,0.9724,0.8218,0.2297
sys44_planet2,planet,4.2741018,1.15113,493.44124,-1585.7648,2126.6656,-2.580217,2.3253578,0.007536046,0.0748,0.8214,0.2485
sys44_planet3,planet,6.9639118,1.77655,520.59928,-1713.5526,2126.4718,1.9499628,2.4148687,-0.027757291,0.7046,0.0630,0.1411
sys44_planet4,planet,3.0468167,1.26793,327.35327,-1706.2387,2127.2742,1.3234806,-2.4784636,0.048167004,0.8648,0.2752,0.0445
sys44_planet5,planet,4.4105629,1.08503,574.2999,-1583.1706,2123.2039,-1.1046791,2.3537556,0.0042679833,0.0530,0.8069,0.7371
sys44_planet6,planet,0.86797984,0.970866,575.40717,-1745.8104,2128.7318,1.4021428,1.9473703,0.012216971,0.8956,0.2569,0.0803
sys44_planet7,planet,6.2009125,2.28632,595.98974,-1755.9103,2129.0032,1.2800738,1.854907,0.025349789,0.3204,0.9859,0.2136
sys44_planet8,planet,6.1307577,0.973757,539.38512,-1841.7939,2131.2986,1.8714787,0.97208997,-0.011641593,0.4774,0.2434,0.0853
sys44_planet9,planet,2.4599158,1.54388,613.03386,-1807.992,2127.473,1.3821363,1.5011022,0.0080220097,0.9249,0.0901,0.0683
sys45_star,star,1000,13.7138,405.3057,-765.65098,454.57746,0,0,0,1.0000,0.3927,0.0376
sys45_planet0,planet,6.0477978,1.03195,446.62007,-774.23024,453.55568,0.98630853,4.7496744,-0.0049826547,1.0000,0.8566,0.2232
sys45_planet1,planet,5.9827031,3.31592,409.60607,-699.38697,453.02612,-3.8237154,0.2481497,0.015415757,0.7736,0.8671,0.8301
sys45_planet2,planet,2.0181273,2.22296,349.98008,-691.04997,455.77457,-2.65942,-1.9722796,-0.00028635184,1.0000,0.4127,0.0705
sys45_planet3,planet,7.9553537,2.0555,291.92605,-801.68957,455.97184,0.86737812,-2.7288254,0.05010176,0.0204,0.6942,0.9515
sys45_planet4,planet,5.556568,1.15762,461.3485,-895.90694,456.89063,2.43668,1.0483848,0.015945148,0.4818,0.5884,0.7003
sys45_planet5,planet,3.3700613,2.43416,245.81857,-785.16404,457.9996,0.30441885,-2.4881229,-0.0066262411,0.5611,0.0935,0.9274
sys45_planet6,planet,4.1587076,1.00167,353.47969,-945.15039,457.80649,2.1935677,-0.63333829,0.00064511764,0.9822,0.0924,0.6134
sys45_planet7,planet,3.3393991,2.67902,464.9627,-976.92984,452.28196,2.0355648,0.57476496,0.040090294,0.2893,1.0000,0.2480
sys45_planet8,planet,6.3554558,2.61154,538.46786,-560.37233,456.96911,-1.6831982,1.0918735,-0.0070566331,0.7731,0.8770,0.9087
sys46_star,star,1000,11.2968,-2385.9806,2292.7961,-88.482815,0,0,0,0.9631,0.9144,0.6729
sys46_planet0,planet,6.9224406,0.863983,-2378.9303,2329.1022,-89.256305,-5.1481891,0.99973362,0.13479695,0.4338,0.2863,0.1365
sys46_planet1,planet,0.34226913,2.54423,-2453.072,2286.9987,-88.29083,0.32928474,-3.8107142,0.1216271,0.0401,0.7810,0.2902
sys46_planet2,planet,5.1331565,1.58142,-2341.964,2208.0773,-87.405708,2.8398909,1.4754979,0.043868267,0.9658,0.1031,0.0176
sys46_planet3,planet,2.5613093,1.40345,-2482.3582,2215.6969,-90.572414,1.7894612,-2.2369102,0.016715665,0.0804,0.6863,0.8975
sys46_planet4,planet,0.7703465,3.40949,-2236.3931,2333.2448,-90.424664,-0.65629383,2.4271059,0.0081633805,0.7584,0.7703,0.8934
sys46_planet5,planet,0.58292228,3.04976,-2354.9993,2112.9654,-92.142085,2.3305511,0.40150849,0.01339491,0.9378,0.0846,0.0630
sys46_planet6,planet,2.4086573,1.16094,-2596.0775,2339.9369,-84.18755,-0.47372929,-2.1113109,0.026047502,0.8388,0.2111,0.9041
sys46_planet7,planet,6.9635333,1.59084,-2407.6678,2536.2454,-87.272431,-2.0327573,-0.18108399,-0.0056799244,0.4319,0.2480,0.1819
sys47_star,star,1000,9.81406,1413.6761,-2086.35,-66.708346,0,0,0,0.9854,0.9475,0.6725
sys47_planet0,planet,6.5473133,0.900642,1436.2017,-2123.8841,-66.266697,4.1098045,2.4664365,-0.014902066,0.9803,0.3646,0.1162
sys47_planet1,planet,0.46008716,1.96161,1381.6581,-2131.6334,-67.152468,3.4625795,-2.4482463,0.032697179,0.0906,0.8153,0.2620
sys47_planet2,planet,4.0307213,1.63808,1371.8575,-2160.2647,-67.558038,2.9431191,-1.6651262,-0.0069073888,0.5385,0.2363,0.1011
sys47_planet3,planet,4.3300196,3.4876,1342.981,-2153.4628,-65.182167,2.1976223,-2.3149257,-0.025896021,0.5824,0.0730,0.9488
sys47_planet4,planet,4.3599214,3.03396,1347.3268,-1988.6564,-68.807247,-2.4192397,-1.6430435,-0.00033019333,0.7337,0.1006,0.1399
sys47_planet5,planet,5.533832,3.40112,1314.6294,-1990.9867,-63.473282,-1.8695654,-1.941778,0.01748216,0.3404,0.9773,0.1993
sys47_planet6,planet,3.6982634,1.12092,1275.8289,-2162.8983,-64.101966,1.2358653,-2.2255313,0.030688887,0.9669,0.0587,0.0223
sys47_planet7,planet,6.1045433,2.69875,1312.5558,-2235.8977,-63.36389,1.9662443,-1.3295244,0.047893766,0.9562,0.0808,0.0352
sys47_planet8,planet,7.595302,3.44324,1597.8144,-2015.2225,-70.256517,-0.81886997,2.1199291,0.029117067,0.8982,0.2479,0.0774
sys47_planet9,planet,1.4732305,1.79528,1564.6347,-2244.9225,-70.697725,1.5301193,1.45665,0.018954162,0.6097,0.6699,0.7415
sys47_planet10,planet,3.4643458,2.02396,1586.2513,-2255.3681,-61.499639,1.4144591,1.444227,0.033839494,0.9885,0.1443,0.6047
sys48_star,star,1000,8.57646,-46.465028,2189.1323,358.64026,0,0,0,0.9952,0.9711,0.8027
sys48_planet0,planet,6.9732045,2.11414,-82.147677,2213.9956,357.85422,-2.7332493,-3.9226254,0.081628408,0.8559,0.2165,0.0464
sys48_planet1,planet,6.5059047,2.21336,7.8184841,2158.6583,357.17677,1.9333084,3.4438138,0.02088963,0.6946,0.1594,0.8607
sys48_planet2,planet,0.85651863,2.96102,-16.018497,2268.7885,356.55866,-3.2056848,1.22529,-0.063134618,0.6027,0.0929,0.0562
sys48_planet3,planet,4.8950767,3.42565,-60.821704,2079.6876,356.13741,2.949985,-0.38697171,0.095451055,0.7284,0.2149,0.8928
sys48_planet4,planet,6.6977758,1.96,40.704352,2293.9681,359.01763,-2.0635315,1.7157944,-0.038869221,0.9009,0.9058,0.1976
sys48_planet5,planet,2.1632595,3.37054,-158.151,2311.5428,359.51062,-1.7921442,-1.635132,-0.0020618458,0.9562,0.0730,0.0782
sys48_planet6,planet,5.5264962,1.7226,79.531586,2042.8262,353.59882,1.7014751,1.4652855,-0.012675768,0.9737,0.7024,0.0928
sys48_planet7,planet,5.8284139,1.51133,-260.12129,2141.6536,354.25178,0.46073133,-2.0733113,-0.003426948,0.0257,0.8323,0.2585
sys48_planet8,planet,0.85744835,2.52846,51.91286,2409.5232,357.94568,-1.8414195,0.82197106,0.0045149019,0.3016,0.9579,0.1981
sys49_star,star,1000,9.95815,-132.55299,-1165.1217,-842.15501,0,0,0,0.9403,0.5709,0.0799
sys49_planet0,planet,7.8497494,1.94685,-163.41109,-1188.2851,-842.23541,3.042062,-4.0526009,0.031092331,0.9275,0.1099,0.0029
sys49_planet1,planet,0.39002628,2.2251,-146.82761,-1216.3863,-842.54731,4.159971,-1.1583413,0.016832752,0.9394,0.8690,0.1717
sys49_planet2,planet,4.9264974,3.06743,-142.18263,-1234.4505,-841.351,3.7171834,-0.51630923,-0.05045338,0.1307,0.7313,0.6791
sys49_planet3,planet,7.9191769,2.16598,-203.39628,-1123.5813,-840.91642,-1.7464781,-2.9784565,-0.041331132,0.0726,0.7312,0.9132
sys49_planet4,planet,0.35539804,2.82495,-212.69664,-1103.5721,-843.26627,-1.8891392,-2.4598447,-0.027000083,0.3675,1.0000,0.2124
sys49_planet5,planet,3.6127743,1.38314,-242.44424,-1188.5192,-841.00454,0.615601,-2.8912913,-0.028477064,0.9778,0.8602,0.2028
sys49_planet6,planet,3.5266199,3.25142,-36.203179,-1081.851,-842.25141,-1.8219933,2.108169,0.057171752,0.4627,0.2115,0.0824
sys49_planet7,planet,4.5707278,2.5282,2.8477218,-1096.0358,-842.78576,-1.171616,2.2962371,0.046711791,0.9549,0.3883,0.0318
sys49_planet8,planet,4.9684326,1.82232,-50.401594,-1022.0611,-845.68211,-2.1630938,1.242139,-0.021022861,0.0252,0.8804,0.9610
sys49_planet9,planet,3.909323,1.46239,20.255269,-1258.4988,-838.22399,1.237745,2.025525,0.058061805,0.7404,0.7925,0.9051
sys49_planet10,planet,6.4285014,0.900804,-186.85302,-1349.5514,-842.62525,2.2100057,-0.65067258,-0.03026338,0.1199,0.9351,0.9331
sys49_planet11,planet,5.2856953,2.82479,74.627176,-1131.2165,-847.25406,-0.35488292,2.1685368,0.01717783,0.0943,0.2426,0.9450
sys49_planet12,planet,4.0868557,3.4151,-308.22298,-1018.9487,-847.09506,-1.3515705,-1.6243109,0.015553493,0.0952,0.8507,0.3086
sys49_planet13,planet,6.4555054,2.53981,69.565672,-1297.3404,-835.95631,1.1016091,1.6839957,0.019183406,0.3263,0.8779,0.2450
sys50_star,star,1000,10.9975,103.36201,-305.4427,-2391.9396,0,0,0,0.9872,0.3640,0.0064
sys50_planet0,planet,3.0902021,3.13615,92.041047,-345.81649,-2391.9643,4.7163081,-1.322471,-0.1306313,0.0354,0.7890,0.2079
sys50_planet1,planet,7.6651374,2.17487,47.545953,-335.69265,-2392.2619,1.8768705,-3.4631304,0.01340365,0.0000,0.7120,0.9513
sys50_planet2,planet,6.9969442,3.2451,32.888777,-270.87645,-2392.6096,-1.5553415,-3.1710108,0.035661204,0.1600,0.4419,0.9940
sys50_planet3,planet,6.2030495,3.28203,201.34946,-334.1078,-2390.7263,0.87858691,3.0033203,0.016657922,0.5451,0.6297,0.7194
sys50_planet4,planet,3.8292451,1.74013,-13.205696,-305.35603,-2392.9881,-0.0022066608,-2.9678464,0.0040570235,0.0432,0.7478,0.8929
sys50_planet5,planet,5.646235,3.17915,12.604861,-194.3402,-2392.446,-2.0266467,-1.6555225,-0.016260669,0.6781,0.0925,0.1548
sys50_planet6,planet,2.4019824,2.04962,68.180862,-144.72798,-2394.4837,-2.3936544,-0.52398135,-0.00020503485,0.9520,0.2389,0.0507
sys50_planet7,planet,7.8123299,1.34443,185.15267,-149.00725,-2388.4549,-2.0950128,1.0953558,-0.00070977889,0.7456,0.2004,0.9303
sys50_planet8,planet,1.3285495,2.30354,238.45696,-155.37447,-2390.8706,-1.6668078,1.5004995,-0.0053305542,0.8814,0.2898,0.0488
sys50_planet9,planet,1.7491684,2.55256,-114.06557,-339.3677,-2395.4552,0.33084536,-2.1204099,0.026941328,0.8135,0.8084,0.8906
sys50_planet10,planet,3.6532181,1.34781,-116.58701,-208.6247,-2386.3259,-0.8226806,-1.868948,0.0044809671,0.0110,0.7156,0.9303
sys51_star,star,1000,12.0169,1631.4596,1980.8039,-1798.7546,0,0,0,0.9936,0.3670,0.0310
sys51_planet0,planet,4.0096769,3.25939,1592.5463,1979.114,-1799.1334,0.22216884,-5.1159879,0.049926247,0.1400,0.7718,0.9096
sys51_planet1,planet,6.1089551,1.59735,1668.4361,2033.8564,-1798.1111,-3.2230905,2.2464258,-0.037553829,0.1520,0.4536,0.9804
sys51_planet2,planet,5.7316866,1.40741,1629.6855,1894.4575,-1798.881,3.4248893,-0.070368134,0.0038352893,0.1550,0.7749,0.2417
sys51_planet3,planet,7.6363371,3.13885,1524.3321,1941.4957,-1796.6336,1.0120761,-2.7582334,-0.047539522,1.0000,0.0994,0.6198
sys51_planet4,planet,2.0498218,1.73871,1736.0213,2073.0196,-1802.0678,-1.7869037,2.0261359,0.014865509,0.9978,0.6314,0.0678
sys51_planet5,planet,5.3065679,0.855466,1616.2246,1820.435,-1794.763,2.5092621,-0.23837882,0.0025883569,0.0957,0.7848,0.2855
sys51_planet6,planet,3.8290972,1.81004,1735.0202,2145.0472,-1795.221,-1.8915775,1.1926991,-0.0055552432,0.3858,0.2633,0.0723
sys51_planet7,planet,7.548047,0.925947,1441.703,1877.6305,-1794.4902,1.0362275,-1.9058308,-0.018305934,0.5916,0.1124,0.9418
sys51_planet8,planet,5.8800199,2.55835,1734.0263,2196.5497,-1795.6027,-1.8283843,0.86922346,-0.016536961,1.0000,0.0734,0.1082
sys52_star,star,1000,10.692,270.18072,-1957.1213,861.20047,0,0,0,0.9832,0.8615,0.4869
sys52_planet0,planet,5.968646,3.20923,286.85042,-1926.0461,860.50499,-4.7048974,2.5238536,0.0067422653,0.0740,0.9113,0.8980
sys52_planet1,planet,2.3118237,3.13143,309.07629,-2013.7509,859.53233,3.150482,2.1638823,-0.044759426,0.1520,0.6973,0.6312
sys52_planet2,planet,7.0159621,1.42028,320.03702,-1878.6393,860.62111,-2.7975772,1.7771823,0.012770661,0.0909,0.7057,0.9140
sys52_planet3,planet,4.9709632,3.22552,155.9229,-1910.3636,862.43046,-1.0803622,-2.6399923,0.00068680741,1.0000,0.3848,0.0413
sys52_planet4,planet,6.0851536,3.41606,145.24017,-2055.8003,860.64297,1.5591699,-1.9741141,0.022708732,0.0241,0.2145,0.9976
sys52_planet5,planet,7.7372268,3.13239,350.9545,-1790.7936,860.99733,-2.0766975,1.0085072,-0.00083061395,0.4572,0.2483,0.1720
sys52_planet6,planet,2.030784,1.52193,80.36781,-1874.7001,864.48508,-0.88868339,-2.0466045,-0.036672492,1.0000,0.6429,0.1538
sys52_planet7,planet,6.9413534,1.39701,237.63527,-1719.8561,856.93892,-2.0385703,-0.27962887,0.022487572,0.1213,0.4559,1.0000
sys53_star,star,1000,9.5397,-1093.8311,797.11317,1134.9731,0,0,0,1.0000,0.8724,0.4498
sys53_planet0,planet,0.57766223,3.17829,-1127.7485,777.6215,1134.3622,2.5343142,-4.4099546,-0.014050822,0.7235,0.0551,0.2108
sys53_planet1,planet,6.5642068,1.35645,-1112.5267,736.41047,1135.9498,3.7791214,-1.1639204,0.0064740651,0.9195,0.0783,0.0063
sys53_planet2,planet,5.3192046,3.47094,-1024.1723,830.96544,1133.0529,-1.5902296,3.2722628,-0.02407486,0.6804,0.0476,0.1190
sys53_planet3,planet,2.7263141,3.18554,-1172.9269,739.8138,1137.3157,1.8934189,-2.6136693,-0.013548246,0.5541,0.0310,0.9486
sys53_planet4,planet,6.7736652,1.79227,-1120.2061,676.88725,1136.9452,2.7822147,-0.61035944,0.035636328,0.1057,0.7841,0.6304
sys53_planet5,planet,3.7129728,2.58344,-1004.1817,901.67644,1134.5093,-2.0696357,1.7744431,-0.017772195,0.3452,0.8825,0.1491
sys53_planet6,planet,4.5078286,2.08382,-1067.3604,949.86528,1133.7785,-2.5356634,0.43940875,0.0056342921,0.9713,0.0873,0.1185
sys53_planet7,planet,5.802139,2.30301,-1266.3796,845.77554,1132.9034,-0.63803898,-2.2623779,-0.055140732,1.0000,0.4550,0.0000
sys53_planet8,planet,4.2994837,2.43614,-953.61699,932.81105,1134.5489,-1.5740785,1.626466,-0.0053028925,1.0000,0.6869,0.0848
sys53_planet9,planet,6.7405538,2.48808,-1246.8941,633.43183,1136.4604,1.5586159,-1.4575058,-0.060480464,0.0120,0.8910,0.8956
sys53_planet10,planet,0.37311614,1.54285,-1304.2024,915.54725,1130.292,-0.99616205,-1.7694561,-0.0047976133,0.0000,0.7662,0.9342
sys54_star,star,1000,13.1245,1343.2375,-1961.2953,2080.0592,0,0,0,1.0000,0.5834,0.0798
sys54_planet0,planet,5.5661797,0.845431,1376.6205,-1937.5471,2080.2971,-2.8661212,4.0289345,-0.096368012,0.0945,0.2450,0.9372
sys54_planet1,planet,3.3679161,1.45706,1277.0404,-1934.2823,2078.4945,-1.4256708,-3.4937043,0.0014234338,0.4925,0.2286,0.1017
sys54_planet2,planet,6.5760131,1.85816,1304.091,-1874.2291,2080.7733,-2.9813292,-1.3404564,0.041381019,0.1025,0.2578,0.9752
sys54_planet3,planet,4.4287256,1.75826,1468.6295,-1979.4533,2080.168,0.40124006,2.7708091,0.017460171,0.8979,0.2522,0.1089
sys54_planet4,planet,5.7820986,2.84729,1485.1052,-1904.2508,2081.3028,-0.95419619,2.3730542,0.028241801,0.7119,0.2497,0.9137
sys54_planet5,planet,1.601323,2.30042,1187.8339,-2049.0385,2081.2907,1.165771,-2.0647164,-0.0059447753,0.4375,0.2341,0.0732
sys54_planet6,planet,7.6054199,1.94579,1193.0591,-1819.5414,2084.2174,-1.5228371,-1.6133393,0.0044097966,0.0693,0.8916,0.8802
sys54_planet7,planet,5.1100685,1.31325,1219.2153,-1760.571,2075.195,-1.7514483,-1.0821731,-0.016188082,0.0787,0.7334,0.9207
sys55_star,star,1000,10.9393,-1348.93,-2312.9372,274.26235,0,0,0,1.0000,0.9975,0.8119
sys55_planet0,planet,4.8496233,1.01537,-1361.8574,-2354.5897,275.38068,4.6038256,-1.4288524,0.096059359,0.1652,0.2361,0.9692
sys55_planet1,planet,3.3213888,1.17667,-1293.5158,-2329.6041,275.76125,1.1926946,3.9654898,-0.057316131,0.1087,0.2120,1.0000
sys55_planet2,planet,2.6655775,2.22681,-1291.2584,-2263.778,273.1418,-2.385205,2.7982257,-0.045296925,0.3119,0.9399,0.1837
sys55_planet3,planet,3.5594383,1.74538,-1402.4468,-2385.2215,274.56127,2.6944605,-1.9948828,0.058167728,0.0500,0.7328,0.9380
sys55_planet4,planet,3.2424203,2.96493,-1396.1511,-2409.9008,272.05523,2.7017287,-1.3157356,-0.012166251,0.0653,0.7099,0.6347
sys55_planet5,planet,2.642051,0.97213,-1359.7996,-2192.5188,274.94989,-2.8752615,-0.25953422,0.043766904,1.0000,0.0689,0.6389
sys55_planet6,planet,4.2640749,2.67862,-1204.74,-2300.3599,275.03421,-0.23147727,2.6537175,0.024457524,0.0521,0.7709,0.6737
sys55_planet7,planet,6.002021,2.42752,-1353.4722,-2468.5448,276.77479,2.5704592,-0.075030422,-0.025814869,1.0000,0.0984,0.0915
sys55_planet8,planet,3.4189836,2.17354,-1381.0813,-2146.0494,275.10385,-2.3998153,-0.46232946,-0.0090233658,0.5221,0.1210,0.9478
sys55_planet9,planet,5.8122616,2.34954,-1190.9364,-2410.2522,272.40682,1.2348042,2.0047396,0.040852508,0.0895,0.8484,0.2376
sys55_planet10,planet,4.0031896,2.28109,-1540.6347,-2393.7155,269.56163,0.84550177,-2.006562,0.038506074,0.6225,0.1010,0.9408
sys55_planet11,planet,4.803603,3.41109,-1386.6963,-2537.9571,276.82168,2.0779616,-0.3487547,-0.00199764,0.9489,0.8096,0.2538
sys55_planet12,planet,2.9186601,1.27441,-1406.9362,-2075.9757,274.90149,-1.9585724,-0.47944148,-0.013025243,0.0761,0.7369,0.9624
sys56_star,star,1000,11.3891,-645.38858,1648.9487,1541.2574,0,0,0,0.9900,0.9584,0.6430
sys56_planet0,planet,5.0706637,2.41391,-603.64802,1639.778,1540.7528,1.0463304,4.7623713,-0.022526595,0.7515,0.7811,0.8981
sys56_planet1,planet,6.7226628,2.78435,-648.20586,1707.4967,1542.5048,-4.1279412,-0.19863285,-0.041556621,0.1096,0.4910,0.9307
sys56_planet2,planet,7.1322842,2.02705,-648.7219,1571.5328,1542.8847,3.5996914,-0.1549931,-0.0085249602,0.7640,0.8005,0.9122
sys56_planet3,planet,2.0227391,3.41239,-551.85725,1695.5823,1543.8608,-1.3597442,2.7271914,0.054065935,0.7479,0.7885,0.9221
sys56_planet4,planet,3.9133588,1.07123,-759.28189,1609.2547,1544.3257,0.96126736,-2.7581495,0.037165671,0.1661,0.7494,0.6048
sys56_planet5,planet,1.078701,1.24847,-536.10542,1569.2271,1537.7292,1.5893561,2.1787037,0.044458984,0.8996,0.2047,0.1041
sys56_planet6,planet,0.77384295,1.42647,-521.60342,1542.5824,1544.8979,1.6209793,1.886435,-0.014567873,0.1380,0.4463,1.0000
sys56_planet7,planet,3.0162272,1.9593,-822.00622,1637.8251,1539.3278,0.15156917,-2.4065695,0.018320307,0.4500,0.2542,0.0603
sys56_planet8,planet,0.1974557,1.53803,-516.43539,1805.5482,1542.1498,-1.7091353,1.407402,-0.004975626,0.0487,0.7848,0.9132
sys56_planet9,planet,1.8146658,1.61967,-435.3614,1576.8688,1540.4088,0.6931577,2.0197312,-0.0019721844,0.0868,0.4079,0.9638
sys56_planet10,planet,6.4914657,3.06501,-611.2794,1891.2478,1547.5683,-1.9787674,0.27855712,-0.014649741,0.9141,0.8514,0.2018
sys57_star,star,1000,12.4741,-914.30554,2264.497,-1045.4108,0,0,0,1.0000,0.5481,0.1137
sys57_planet0,planet,0.45367897,2.53183,-915.87069,2305.2047,-1045.2574,-4.8858478,-0.18785387,-0.011245714,0.9509,0.4285,0.0540
sys57_planet1,planet,6.4716127,3.22023,-850.99311,2247.356,-1045.121,1.0258607,3.7891581,-0.028492451,0.9209,0.0092,0.0604
sys57_planet2,planet,2.3976087,3.49394,-984.52635,2316.0868,-1047.6571,-2.0331592,-2.7674087,0.067151212,0.9768,0.9098,0.2648
sys57_planet3,planet,3.4365679,1.63541,-950.77541,2366.6078,-1045.6916,-2.8741575,-1.0265336,-0.0012616036,0.9933,0.3176,0.1103
sys57_planet4,planet,0.84956131,3.10039,-843.99575,2369.6863,-1045.9274,-2.3522221,1.5722525,0.0084961961,0.6339,0.1380,0.9573
sys57_planet5,planet,7.9941532,2.36209,-934.81738,2114.9976,-1044.6137,2.5548595,-0.35053591,0.037244253,0.7189,0.2946,0.1763
sys57_planet6,planet,4.6087093,2.95472,-854.20718,2425.3225,-1048.4157,-2.2665738,0.84698839,-0.026322301,0.7759,0.7768,0.8575
sys57_planet7,planet,4.408158,2.7857,-851.01728,2446.7245,-1045.0618,-2.1199414,0.73626305,0.00076772833,0.0135,0.9027,0.9165
sys57_planet8,planet,3.5476887,2.66284,-704.4676,2228.6356,-1040.7095,0.36319398,2.1251822,-0.0044806334,0.6438,0.0000,0.1083
sys57_planet9,planet,4.2603844,1.53133,-930.15485,2502.3642,-1047.5956,-2.0229084,-0.13478833,-0.0081307382,0.6017,0.1171,0.9218
sys58_star,star,1000,8.78402,75.285646,-1220.1745,2180.2179,0,0,0,1.0000,0.7443,0.2380
sys58_planet0,planet,4.8513418,3.00122,47.826466,-1247.0736,2180.2466,3.599987,-3.6749572,-0.023644602,0.9213,0.8884,0.1547
sys58_planet1,planet,4.2378793,1.16619,65.267487,-1157.3403,2179.2046,-3.8813357,-0.61883242,0.079325078,0.9254,0.2596,0.0849
sys58_planet2,planet,1.6544816,1.8094,111.7111,-1124.9379,2182.8222,-2.9077287,1.1121275,0.061162086,0.6414,0.0799,1.0000
sys58_planet3,planet,2.3901442,2.69969,-13.812303,-1310.3663,2180.0988,2.018763,-1.9942798,0.017756769,0.5828,0.0243,0.9470
sys58_planet4,planet,4.1601148,3.10421,125.44179,-1075.3022,2182.5183,-2.4207361,0.83808087,-0.0093733948,0.6702,0.8206,0.8883
sys58_planet5,planet,7.083539,3.032,-98.424211,-1161.6777,2184.1292,-0.75016546,-2.227661,0.024425897,0.6469,0.3257,0.0978
sys58_planet6,planet,6.8941879,3.27957,-13.225286,-1033.2359,2181.6137,-2.0119325,-0.95260146,-0.037505977,0.9116,0.2934,0.0042
sys58_planet7,planet,5.9442222,2.74038,85.461259,-1456.6923,2178.8844,2.0630197,0.088756516,0.025587762,0.0935,0.4452,1.0000
sys59_star,star,1000,13.4813,-1676.9609,-2275.4469,-324.5147,0,0,0,1.0000,0.9812,0.8004
sys59_planet0,planet,1.0986528,1.86534,-1714.8981,-2283.0108,-324.61102,0.98139937,-4.9222726,-0.027011595,0.0433,0.8852,0.8877
sys59_planet1,planet,7.7695779,2.03818,-1716.088,-2311.2793,-325.03853,2.9032992,-3.1702519,0.14159605,0.5181,0.1318,0.9426
sys59_planet2,planet,3.4871874,1.54734,-1609.9029,-2306.8776,-323.62043,1.5524673,3.3122252,0.035591989,0.3714,0.9923,0.2047
sys59_planet3,planet,5.1748079,2.11828,-1730.0788,-2212.1936,-323.83163,-2.6556925,-2.2301598,0.0087212959,0.0877,0.2354,0.9618
sys59_planet4,planet,2.7845333,2.08718,-1602.8017,-2346.9274,-326.91415,2.1503108,2.2308911,0.0051792471,0.0450,0.7472,0.9380
sys59_planet5,planet,3.1361583,2.71273,-1610.2045,-2173.6158,-321.63129,-2.4021162,1.5747308,0.012764182,0.0933,0.8118,0.2346
sys59_planet6,planet,0.82261486,1.25749,-1660.0665,-2408.5573,-321.728,2.7345239,0.34706616,-0.017066268,0.0300,0.7315,0.9125
sys59_planet7,planet,4.4320823,1.19391,-1719.7675,-2138.4964,-321.95993,-2.5224775,-0.78845106,0.033178285,0.1292,0.4796,1.0000
sys59_planet8,planet,1.0405842,2.93206,-1780.4896,-2144.2114,-325.57418,-1.9459422,-1.5351098,-0.020199492,0.0757,0.4514,0.9895
sys59_planet9,planet,5.9327196,3.10967,-1647.9651,-2097.9068,-326.76672,-2.2929877,0.37448995,-0.022130925,0.4470,0.2194,0.1428
sys59_planet10,planet,0.20806129,3.39038,-1682.7584,-2082.1245,-326.3239,-2.2738735,-0.068190694,-0.017906106,0.5689,0.5672,0.7321
sys59_planet11,planet,5.2997306,3.05603,-1657.1372,-2485.3405,-321.89664,2.1419082,0.20229585,-0.014581809,1.0000,0.7143,0.0899
sys59_planet12,planet,6.0151345,1.30416,-1497.0327,-2134.752,-328.12634,-1.2804949,1.6375657,-0.048678435,0.0541,0.7649,0.6817
sys59_planet13,planet,1.1602245,0.82609,-1460.6938,-2378.9786,-320.34364,0.88572771,1.8501939,-0.019811471,1.0000,0.6248,0.1487
sys60_star,star,1000,13.4981,2461.8778,1958.3863,1243.0401,0,0,0,1.0000,0.8637,0.4726
sys60_planet0,planet,4.6222044,0.903726,2474.3163,1925.1542,1242.3228,4.9946604,1.8694539,-0.039473902,0.0343,0.9437,0.9015
sys60_planet1,planet,1.5009359,2.99772,2475.3619,2015.0085,1242.0662,-4.0662051,0.96833374,0.064364492,0.9202,0.8432,0.2136
sys60_planet2,planet,4.0728637,3.27424,2387.703,1967.6893,1242.1581,-0.45412029,-3.6207954,-0.008942913,0.9285,0.8557,0.1790
sys60_planet3,planet,0.27105771,3.35707,2484.1583,1872.5362,1241.946,3.2032636,0.83133507,-0.014523205,1.0000,0.6244,0.0902
sys60_planet4,planet,0.28999876,2.15416,2457.7183,1852.0741,1242.1058,3.0636554,-0.11986656,0.0054197572,0.4075,0.2441,0.0872
sys60_planet5,planet,5.0099955,2.37583,2341.218,1933.3751,1244.5594,0.5862704,-2.8282963,0.04228435,0.0736,0.7341,0.9137
sys60_planet6,planet,2.9650508,0.853175,2433.0324,1824.0491,1243.1299,2.6669751,-0.57266296,-0.009959013,0.7468,0.1094,0.0842
sys60_planet7,planet,6.1931739,1.83394,2539.1097,2092.5536,1240.5236,-2.1848708,1.2576962,0.016816781,0.5850,0.3950,0.1078
sys60_planet8,planet,6.5988928,1.14902,2627.38,2007.0815,1241.5376,-0.68898335,2.3416774,-0.002559498,0.0570,0.8638,0.9052
sys60_planet9,planet,4.3023928,0.94752,2348.0501,1804.9706,1247.7946,1.8402323,-1.3653716,-0.01291742,0.0986,0.8028,0.2346
sys60_planet10,planet,2.4631988,1.66821,2398.7175,2159.947,1239.958,-2.087695,-0.65419256,0.015027227,0.0193,0.7428,0.9246
sys60_planet11,planet,7.0825467,0.898914,2401.9581,2173.9309,1238.5972,-2.0333056,-0.56524307,-0.0054137418,0.5348,0.1382,0.9443
sys60_planet12,planet,7.8513518,3.23736,2692.2936,1883.3964,1237.6634,0.62604334,1.9235944,-0.001833929,0.6739,0.0634,0.0730
sys61_star,star,1000,9.55123,1953.9625,1967.2332,94.291802,0,0,0,1.0000,0.5782,0.0847
sys61_planet0,planet,4.1496902,2.34943,1921.9691,1989.1385,94.494804,-2.9119401,-4.2529702,-0.068118184,0.9558,0.6575,0.0948
sys61_planet1,planet,5.3765935,1.92121,1930.5493,2014.9194,95.393596,-3.9259084,-1.9275586,-0.06325547,0.5442,0.6367,0.6748
sys61_planet2,planet,5.9609252,1.08752,1922.7858,1895.3965,95.218981,3.3119562,-1.4373672,-0.035404456,0.5239,0.1411,0.9198
sys61_planet3,planet,5.6455068,3.19471,2028.3617,1914.5215,92.141538,1.933946,2.7296409,-0.0036624738,0.0937,0.7897,0.9503
sys61_planet4,planet,0.34428393,3.27044,1847.9218,1969.2846,96.78285,-0.059519015,-3.0767137,-0.047705722,0.0799,0.4275,0.9982
sys61_planet5,planet,6.5762817,1.4006,2066.3385,2014.8412,93.556998,-1.1104854,2.6212385,-0.022749744,0.3656,0.9360,0.2294
sys61_planet6,planet,4.4531743,1.94131,1964.5987,1823.5691,96.503461,2.649304,0.19614167,0.0099993935,0.0722,0.8642,0.9063
sys61_planet7,planet,4.1424472,3.47821,1801.6401,2015.8034,96.564264,-0.75676134,-2.3733028,-0.00311742,0.4363,0.2618,0.1363
sys61_planet8,planet,7.3007489,3.42684,1781.0733,2002.4787,94.556043,-0.4721948,-2.3162488,-0.031489792,0.9120,0.9028,0.1905
sys61_planet9,planet,3.0549639,1.79528,2142.9901,1995.7189,97.636189,-0.34079185,2.2614541,0.021408794,0.4481,0.2581,0.0946
sys61_planet10,planet,0.97994234,2.35964,1957.5033,2177.7497,95.219323,-2.1671257,0.036450955,-0.016756277,0.4555,0.2836,0.1153
sys61_planet11,planet,3.0469401,2.59855,1755.2514,2064.6969,94.4016,-0.92708011,-1.8901493,-0.031640897,0.0651,0.9166,0.8816
sys61_planet12,planet,6.663959,2.8766,1975.5723,2208.3036,91.424826,-1.9968983,0.17900459,0.011921894,0.9476,0.4543,0.0647
sys62_star,star,1000,10.3953,-920.35474,1360.0622,808.30632,0,0,0,1.0000,0.8465,0.4240
sys62_planet0,planet,6.5483095,3.2593,-885.99716,1382.4358,808.1786,-2.6956086,4.1394462,0.033107394,0.0923,0.8536,0.2333
sys62_planet1,planet,2.2110156,3.23761,-956.47036,1313.7334,807.65395,3.2844688,-2.5604106,-0.03364213,0.9272,0.0893,0.1243
sys62_planet2,planet,7.5423351,1.48772,-835.68704,1375.1059,807.62143,-0.59773275,3.364099,-0.019070868,0.7433,0.7964,0.8992
sys62_planet3,planet,0.51249815,1.0501,-935.25944,1255.0665,807.62602,3.0838709,-0.43777201,0.029276075,0.9840,0.1751,0.5660
sys62_planet4,planet,6.1302625,1.59557,-881.40482,1481.1864,810.79292,-2.6450061,0.85055454,0.031843414,0.0984,0.4045,0.9995
sys62_planet5,planet,1.988414,2.72478,-775.38392,1327.7859,809.80785,0.56976722,2.5591412,0.0066643726,0.0610,0.2761,0.9441
sys62_planet6,planet,2.2419801,1.32682,-936.60456,1184.2449,805.93353,2.396459,-0.22149151,-0.0019586757,0.8816,0.1959,0.0262
sys62_planet7,planet,7.5661271,0.882649,-887.29584,1551.7547,810.2012,-2.2531875,0.38858008,0.031398777,1.0000,0.1209,0.6002
sys62_planet8,planet,7.7851836,2.03038,-1127.9332,1286.695,806.21323,0.71136177,-2.0126637,-0.0064692742,0.0366,0.7331,0.9836
sys62_planet9,planet,1.2580404,2.97175,-924.96357,1599.4213,814.41121,-2.0254333,-0.038999488,-0.0083103332,0.9034,0.0512,0.0959
sys63_star,star,1000,12.1591,-631.71136,-2027.6667,1233.9481,0,0,0,0.9560,0.9475,0.6472
sys63_planet0,planet,6.7341139,2.36935,-641.31686,-1986.3551,1233.3155,-4.7583174,-1.1063728,-0.030356772,0.7876,0.1954,0.8757
sys63_planet1,planet,4.9417006,0.905085,-610.98002,-1967.8874,1233.0945,-3.7945542,1.3159433,0.049554327,0.5051,0.0928,0.9281
sys63_planet2,planet,2.1643499,1.02545,-711.26439,-2077.292,1234.9013,1.7042754,-2.7320759,0.017138218,0.0239,0.6968,0.9585
sys63_planet3,planet,0.33233586,1.68941,-612.52858,-2138.7102,1236.7198,2.9749419,0.51392132,0.0074525339,0.7786,0.2332,0.8787
sys63_planet4,planet,7.2951197,1.07847,-605.73614,-1894.4773,1235.4122,-2.6771595,0.52211216,-0.013935637,0.7394,0.2032,0.8856
sys63_planet5,planet,2.9358836,2.4838,-775.07983,-2111.3389,1230.2507,1.25417,-2.1489622,-0.022514752,0.9755,0.1247,0.5595
sys63_planet6,planet,7.8795924,1.18067,-768.29969,-2154.023,1237.1497,1.5746996,-1.7022141,-0.032373886,0.6692,0.2777,0.1088
sys63_planet7,planet,3.4825208,2.55937,-420.55903,-2053.8265,1238.2308,0.26296018,2.1225127,0.013881408,0.5167,0.0661,1.0000
sys63_planet8,planet,5.5735383,1.59935,-548.64878,-1802.4221,1229.9911,-1.9114585,0.70488132,-0.0005223463,0.9699,0.7784,0.2154
sys64_star,star,1000,11.7372,-1187.6974,2184.0658,-1295.1471,0,0,0,1.0000,0.9824,0.7940
sys64_planet0,planet,0.56246826,3.06173,-1153.6965,2160.7477,-1294.812,2.7949706,4.0754521,0.0065929783,0.7996,0.7987,0.9194
sys64_planet1,planet,5.7102043,1.23408,-1132.7893,2162.7536,-1296.2504,1.4801907,3.8135338,0.05028428,0.5871,0.0968,0.9112
sys64_planet2,planet,4.2470975,0.838094,-1116.8089,2227.3749,-1297.1326,-1.8162814,2.9728927,0.012077975,0.0918,0.7109,0.7253
sys64_planet3,planet,7.4228165,3.42666,-1098.6579,2121.9844,-1295.4653,1.7306812,2.4822092,-0.010735116,0.9944,0.1358,0.6410
sys64_planet4,planet,7.5586029,1.05363,-1065.7226,2141.9972,-1294.025,0.9174314,2.6600289,0.017533066,0.3697,0.9840,0.1949
sys64_planet5,planet,7.1920728,1.55076,-1338.4763,2203.9466,-1297.2782,-0.33975069,-2.5767125,-0.032763025,0.5632,0.6165,0.6673
sys64_planet6,planet,7.7308296,2.74322,-1351.6083,2135.8957,-1292.3283,0.68911593,-2.3448911,-0.067215086,0.1487,0.4506,1.0000
sys64_planet7,planet,1.6427711,1.51179,-1170.2369,1984.9471,-1292.9514,2.2168784,0.19439552,-0.00018281496,0.5903,0.0849,1.0000
sys64_planet8,planet,4.7747257,2.3961,-1403.9028,2201.6171,-1296.4302,-0.17492453,-2.154803,0.025762643,0.5596,0.0921,0.9504
sys64_planet9,planet,6.7131731,1.25991,-1029.1662,2006.7248,-1296.0259,1.5282609,1.3661649,0.018819322,0.9638,0.7976,0.2207
sys65_star,star,1000,13.5869,-1886.2103,1655.5634,-1733.5784,0,0,0,1.0000,0.5261,0.0922
sys65_planet0,planet,4.398462,2.84103,-1896.7309,1614.9831,-1732.7409,4.7485023,-1.2310621,-0.038582385,0.9932,0.6492,0.0803
sys65_planet1,planet,1.8939935,2.01264,-1841.1773,1700.9436,-1731.9729,-2.8009087,2.7794794,0.020456325,0.6297,0.3798,0.1221
sys65_planet2,planet,4.9605863,1.00765,-1881.8683,1747.9748,-1731.2647,-3.3323037,0.15656976,-0.020556884,0.6999,0.0332,0.1065
sys65_planet3,planet,0.61427226,1.51428,-1830.8073,1760.9799,-1733.8109,-2.5344655,1.332021,-0.037855063,1.0000,0.0616,0.1096
sys65_planet4,planet,1.6724939,1.28514,-1760.6688,1721.9863,-1733.3628,-1.239142,2.3420191,0.019643452,0.9112,0.4208,0.0408
sys65_planet5,planet,2.4377412,1.50247,-1896.8017,1824.5911,-1730.5669,-2.4325213,-0.15242269,-0.011649255,0.7704,0.2794,0.8993
sys65_planet6,planet,5.8306956,1.81594,-1709.7593,1582.7436,-1732.7552,0.86877973,2.1051577,-0.0080232532,0.5816,0.4108,0.1012
sys65_planet7,planet,3.5769467,2.5543,-2019.7109,1825.0771,-1734.4893,-1.7013467,-1.3398955,0.02360883,0.9621,0.1008,0.1069
sys65_planet8,planet,6.1813582,1.67335,-1898.7809,1893.2775,-1734.5829,-2.0500458,-0.10840806,0.0041175042,0.0515,0.8855,0.9447
sys66_star,star,1000,11.6289,-1603.6585,496.91396,1872.8102,0,0,0,1.0000,0.9196,0.6564
sys66_planet0,planet,4.4686615,1.42778,-1595.764,531.96311,1872.3236,-5.1228863,1.1538822,-0.0095811781,0.8057,0.8027,0.9161
sys66_planet1,planet,7.7209522,2.66302,-1629.699,433.3409,1874.52,3.4990219,-1.4332545,-0.0049641665,0.1171,0.7126,0.6575
sys66_planet2,planet,2.1118511,2.83937,-1672.2754,427.86003,1873.1755,2.2761927,-2.2617875,0.0046942161,0.9468,0.0671,0.0849
sys66_planet3,planet,6.433231,2.60485,-1489.7148,442.06996,1871.9753,1.2164373,2.5272664,-0.039528708,0.4038,0.2649,0.1287
sys66_planet4,planet,1.7013566,0.859337,-1760.6575,477.93309,1873.843,0.29921715,-2.4749546,0.030310339,0.4848,0.6035,0.6722
sys66_planet5,planet,5.1354581,3.39453,-1660.8227,671.91021,1871.5632,-2.2086512,-0.72147773,-0.039419839,0.7904,0.2206,0.9402
sys66_planet6,planet,3.3738695,2.99231,-1586.162,712.36962,1867.8701,-2.1664136,0.17592729,-0.031853427,0.9674,0.6715,0.1331
sys66_planet7,planet,1.3864933,3.36328,-1389.4439,380.68831,1869.8504,0.95550814,1.7610896,0.010556324,1.0000,0.5930,0.0954
sys67_star,star,1000,11.6471,-1517.8267,-948.38164,1387.0242,0,0,0,1.0000,0.7528,0.2405
sys67_planet0,planet,5.8711696,3.05008,-1550.1558,-922.06813,1386.0485,-3.0820987,-3.7867098,0.0056545184,0.9533,0.2983,0.0357
sys67_planet1,planet,0.75958979,3.03428,-1517.6353,-887.43096,1387.8519,-4.0586794,0.012745735,0.051828523,1.0000,0.6120,0.1222
sys67_planet2,planet,1.3400269,3.4319,-1490.5303,-873.14438,1387.9927,-3.3077927,1.2000805,-0.048630049,0.6196,0.3479,0.1695
sys67_planet3,planet,3.8327507,2.40166,-1616.1368,-896.31559,1388.4654,-1.4211403,-2.6833708,-0.030053586,0.9977,0.6863,0.1215
sys67_planet4,planet,3.7270766,0.823233,-1626.6431,-870.46654,1389.9282,-1.5841654,-2.2124493,0.10954764,0.9046,0.8277,0.1925
sys67_planet5,planet,3.2055949,1.39177,-1543.7749,-800.8902,1383.1295,-2.5331282,-0.44565355,0.032077525,0.9483,0.0196,0.1049
sys67_planet6,planet,2.5976757,0.883946,-1606.0566,-1102.7136,1385.8212,2.0880743,-1.1937302,-0.0026566534,0.9709,0.4255,0.0336
sys67_planet7,planet,0.38868337,2.26924,-1350.1076,-1042.3166,1390.748,1.1080224,1.9783537,0.017125796,0.6222,0.3976,0.0667
sys67_planet8,planet,1.6149986,2.52758,-1584.8647,-1151.9521,1387.7875,2.0702151,-0.68174429,-0.01499131,0.0547,0.4163,1.0000
sys67_planet9,planet,5.8948205,1.242,-1611.5332,-1164.6876,1391.07,1.8677793,-0.80914606,0.0092474069,0.1167,0.7843,0.6050
sys68_star,star,1000,11.0639,2359.1321,3.705931,-1780.5125,0,0,0,0.9992,0.7151,0.2589
sys68_planet0,planet,3.9284738,1.80681,2394.0215,-23.167522,-1781.2943,2.879168,3.7379783,-0.027104913,0.1247,0.5265,1.0000
sys68_planet1,planet,4.4351477,1.3561,2362.2921,-68.622927,-1781.1404,3.6703274,0.16035172,-0.015119703,0.5464,0.6170,0.6567
sys68_planet2,planet,4.5741917,1.09247,2410.9069,-82.103016,-1780.9892,2.6983865,1.6281326,0.057875339,1.0000,0.6691,0.0956
sys68_planet3,planet,5.3857048,1.97437,2480.1268,-16.742563,-1779.981,0.47469886,2.808814,0.018823051,0.9697,0.8304,0.2387
sys68_planet4,planet,4.07993,1.25752,2211.3745,-41.575319,-1778.4359,0.75613438,-2.4673483,-0.026664956,0.9404,0.6674,0.0713
sys68_planet5,planet,5.480034,2.65153,2443.8146,-161.69457,-1783.5365,2.0780925,1.0639508,0.0017697498,0.0447,0.7707,0.9148
sys68_planet6,planet,0.8388882,1.55637,2459.1375,-184.55618,-1775.5733,1.9332231,1.0269335,-0.024079783,0.8561,0.2283,0.0184
sys68_planet7,planet,7.7163108,2.39947,2229.2531,200.9386,-1779.876,-1.7335847,-1.1415769,0.01196005,0.0658,0.8966,0.9087
sys69_star,star,1000,12.5784,-2430.3186,-1351.7199,-1840.8889,0,0,0,0.9967,0.9641,0.8115
sys69_planet0,planet,7.7953681,1.33421,-2420.6835,-1387.155,-1840.0405,4.9737895,1.3524016,0.0096177601,0.6316,0.3959,0.1129
sys69_planet1,planet,5.3013336,3.07795,-2466.5324,-1405.5329,-1840.7142,3.2984824,-2.2197345,0.0077015549,0.0984,0.7545,0.6512
sys69_planet2,planet,3.3904556,0.869011,-2512.0192,-1363.3364,-1841.4902,0.48926361,-3.4410545,-0.011892063,0.5661,0.1964,0.9715
sys69_planet3,planet,1.4765817,3.03278,-2529.9219,-1318.8669,-1842.0949,-0.97623572,-2.9597465,-0.0097959868,0.9925,0.1369,0.5937
sys69_planet4,planet,7.4604479,1.89135,-2312.3334,-1302.0438,-1838.8845,-1.0913393,2.5920317,0.021440198,0.9433,0.1348,0.0654
sys69_planet5,planet,0.24444787,2.89961,-2347.0098,-1221.3101,-1837.536,-2.145896,1.3708481,-0.0018552237,1.0000,0.1291,0.6198
sys69_planet6,planet,2.3755381,2.2278,-2583.1387,-1422.8284,-1843.1801,1.0413338,-2.2379416,-0.034890473,0.0503,0.8547,0.9043
sys69_planet7,planet,0.93481607,2.46725,-2610.5053,-1425.9945,-1836.52,0.85452504,-2.073036,0.010193746,0.1185,0.7744,0.6450
sys69_planet8,planet,5.1722227,0.902654,-2319.7339,-1541.4187,-1837.2027,1.8544368,1.0810413,0.011675651,0.9229,0.8803,0.1584
sys69_planet9,planet,2.1308534,1.29311,-2401.717,-1117.3545,-1845.6878,-2.0703694,0.25266478,0.026603045,0.8956,0.1326,0.1195
sys70_star,star,1000,11.0258,888.29337,-1890.8375,31.649658,0,0,0,0.9755,0.9583,0.7836
sys70_planet0,planet,3.6963623,2.67463,889.06265,-1849.759,31.467893,-4.9130892,0.092007904,-0.014665633,0.5583,0.0996,0.9301
sys70_planet1,planet,0.27836085,1.50204,907.13603,-1945.8639,31.345768,3.9758821,1.3614588,0.018984034,0.0941,0.8322,0.1873
sys70_planet2,planet,1.2072516,1.98237,813.74281,-1907.1995,29.662577,0.78406788,-3.5724555,-0.071684965,0.6725,0.0426,0.1316
sys70_planet3,planet,6.2053431,2.58242,976.97281,-1865.9634,33.439449,-0.88874374,3.1684947,0.043694066,0.7094,0.8169,0.8865
sys70_planet4,planet,3.4095799,1.40038,992.38714,-1856.585,30.496453,-0.95803004,2.911469,0.023616205,0.6863,0.0721,0.1263
sys70_planet5,planet,5.1073903,2.34201,872.72982,-2009.6114,32.545252,2.8278265,-0.37054422,0.028770794,0.9229,0.8180,0.2229
sys70_planet6,planet,0.4893732,1.61631,774.14602,-1974.9269,29.395428,1.5836775,-2.1497667,0.02732625,0.5369,0.1081,0.9917
sys70_planet7,planet,0.95172938,2.09262,729.49182,-1899.4861,31.791036,0.13434046,-2.466682,0.0030781404,0.7075,0.0254,0.1139
sys70_planet8,planet,2.6392297,1.82434,851.35584,-1723.5335,36.034261,-2.327767,-0.51392656,-0.02644279,0.0655,0.8468,0.3012
sys70_planet9,planet,1.0454212,1.72831,769.41403,-2043.8248,29.847619,1.8180889,-1.4127522,0.032137078,0.3873,0.9322,0.1640
sys70_planet10,planet,7.3970513,1.00493,705.51283,-1798.6474,29.212644,-0.98871138,-1.9602678,0.016321463,0.1135,0.7313,0.6551
sys70_planet11,planet,7.8854036,1.29217,707.23999,-2017.1696,36.144268,1.2020433,-1.7227135,0.012728405,0.9696,0.8642,0.1821
sys70_planet12,planet,6.2373258,3.13689,928.21912,-2131.2153,34.120593,1.976592,0.32830374,-0.032722919,0.0049,0.7510,0.9421
sys71_star,star,1000,9.53929,971.31218,405.58305,-1501.1217,0,0,0,1.0000,0.9717,0.8455
sys71_planet0,planet,3.875654,1.93408,965.53429,440.21871,-1501.0307,-5.2179858,-0.8704593,0.10626175,0.9573,0.0536,0.0293
sys71_planet1,planet,0.13115358,0.872219,958.8616,342.88256,-1502.3547,3.9128287,-0.7769791,-0.058619352,0.0090,0.7370,0.9388
sys71_planet2,planet,6.0305502,2.16826,1068.2954,430.24215,-1499.5371,-0.77881746,3.0630573,-0.062761542,0.9811,0.6179,0.0997
sys71_planet3,planet,3.8955504,2.86061,889.292,500.71927,-1502.9402,-2.1389783,-1.844086,-0.001502034,0.6695,0.3726,0.1456
sys71_planet4,planet,1.4442799,2.75608,1004.1683,258.42337,-1500.0203,2.4763342,0.55288695,-0.01461472,0.5606,0.6300,0.6696
sys71_planet5,planet,6.3333064,3.03844,1003.9032,227.09187,-1500.6906,2.3248829,0.42450413,-0.018218039,0.9534,0.1438,0.0872
sys71_planet6,planet,0.902762,1.52878,1076.0146,585.40342,-1502.2925,-1.8770263,1.0929195,0.029491293,0.0455,0.8827,0.9353
sys71_planet7,planet,7.7511557,2.63393,1206.3237,382.64,-1500.3173,0.19742781,2.0223046,-0.024555225,0.5511,0.0662,0.9249
sys72_star,star,1000,10.6902,1520.6226,1077.0356,1194.92,0,0,0,0.9606,0.9498,0.7827
sys72_planet0,planet,1.1716678,1.90389,1486.5769,1063.6818,1195.0974,1.9081205,-4.8647824,-0.043053384,0.0439,0.9008,0.9189
sys72_planet1,planet,7.2848003,3.17716,1532.8281,1017.0146,1195.0798,3.9030035,0.79368716,0.032903554,0.0907,0.8614,0.9632
sys72_planet2,planet,6.3605341,2.89466,1589.5294,1060.5327,1196.5828,0.87008468,3.6329743,0.081734667,0.7533,0.1885,0.8953
sys72_planet3,planet,7.6594529,1.2823,1513.5595,985.04004,1196.7526,3.319491,-0.25485948,0.034576659,0.5786,0.5614,0.7269
sys72_planet4,planet,5.2201228,2.77423,1608.345,1132.8583,1195.2902,-1.659456,2.6077455,0.043288263,0.6867,0.3272,0.1279
sys72_planet5,planet,6.4938765,2.39699,1595.4568,1176.5272,1195.5658,-2.2839237,1.7178887,-0.02112497,0.0296,0.8358,0.9175
sys72_planet6,planet,1.5554595,3.18168,1603.8903,1191.5563,1192.2196,-2.1557122,1.5674135,-0.012164276,0.0811,0.2068,0.9081
sys72_planet7,planet,3.8365348,1.0439,1402.8466,1177.7263,1197.7832,-1.6555654,-1.9364839,0.016191664,0.4603,0.2566,0.1411
sys72_planet8,planet,0.27900089,1.62158,1352.5544,1023.0637,1198.3802,0.71717003,-2.233264,-0.0056411239,0.4763,0.2528,0.1728
sys72_planet9,planet,0.47745845,2.41598,1699.647,1002.6748,1196.2832,0.8588075,2.0675853,-0.063814546,0.5577,0.6054,0.7244
sys72_planet10,planet,1.0460315,1.44501,1463.7364,874.66149,1197.6923,2.0835959,-0.58568664,0.0050310573,0.9707,0.0468,0.0696
sys72_planet11,planet,1.9874894,1.89842,1701.1302,948.42031,1198.2127,1.2268336,1.7218219,0.01355874,0.3921,0.9023,0.1514
sys72_planet12,planet,3.5073042,1.51265,1356.292,1255.289,1194.9292,-1.4986185,-1.3815671,-0.012273341,0.7333,0.1813,0.8529
sys73_star,star,1000,10.4617,-1844.7112,-1881.231,2137.8128,0,0,0,1.0000,0.7218,0.2352
sys73_planet0,planet,0.644727,2.86555,-1805.2615,-1876.7981,2137.6824,-0.56773635,5.0524742,-0.001166605,0.9912,0.6196,0.1277
sys73_planet1,planet,4.05906,1.69006,-1854.8459,-1941.0476,2137.6496,3.9617788,-0.67123693,0.017366174,0.0227,0.8251,0.9493
sys73_planet2,planet,3.0643458,2.70714,-1892.0923,-1946.9173,2135.7066,2.8599268,-2.0629311,-0.06431535,0.4255,0.2802,0.1032
sys73_planet3,planet,6.9411156,1.85349,-1938.0013,-1884.4457,2136.9301,0.11411645,-3.3116368,-0.022867333,0.4260,0.2992,0.1296
sys73_planet4,planet,4.3066932,2.3378,-1735.6702,-1859.2562,2140.2491,-0.59619568,2.9583826,-5.0784859e-05,0.7429,0.7476,0.8412
sys73_planet5,planet,3.1539551,3.18153,-1845.8884,-2013.24,2136.2994,2.7915151,-0.024893517,0.0083772729,0.6555,0.2552,0.1087
sys73_planet6,planet,5.1739994,3.15888,-1710.4855,-1940.9308,2140.396,1.0591484,2.3813311,-0.035527095,0.1032,0.9354,0.9123
sys73_planet7,planet,5.5984591,0.887033,-1681.2797,-1872.1027,2139.5731,-0.13626018,2.4395834,0.0282955,0.5786,0.0933,0.9377
sys73_planet8,planet,5.717772,3.00372,-1657.13,-1911.8882,2141.2387,0.37163907,2.2739314,-0.0060684636,0.9817,0.7159,0.1148
sys73_planet9,planet,6.6331594,0.862701,-2050.5857,-1862.4244,2140.2239,-0.20022259,-2.1918189,-0.001946337,0.7262,0.0647,0.1103
sys73_planet10,planet,4.5292991,1.77331,-1672.5416,-2028.2549,2137.3674,1.3561395,1.5880822,0.0042636975,0.1240,0.3914,0.9959
sys73_planet11,planet,2.191989,1.90344,-2001.377,-1703.1596,2139.1456,-1.532736,-1.3484891,-0.033688547,1.0000,0.3303,0.0137
sys74_star,star,1000,13.5178,-512.10903,-995.25654,-57.079773,0,0,0,1.0000,0.4059,0.0521
sys74_planet0,planet,5.3452622,2.62756,-532.37438,-1035.3782,-57.439641,4.1742916,-2.1084234,0.021561533,0.7717,0.0491,0.1689
sys74_planet1,planet,2.9488782,1.11703,-533.07573,-1046.4632,-58.437812,3.9147559,-1.6029084,0.061182076,0.5458,0.5638,0.7092
sys74_planet2,planet,4.3779334,1.15509,-476.6351,-1070.6791,-56.963525,3.1273055,1.4708847,-0.017272501,0.0645,0.8051,0.6673
sys74_planet3,planet,2.5821283,2.20453,-612.68294,-970.52487,-57.689334,-0.74325711,-3.0225328,0.05473204,0.0067,0.9249,0.9204
sys74_planet4,planet,7.8756154,1.78492,-474.86855,-876.80574,-57.410731,-2.7325248,0.85909552,-0.0031629152,0.9466,0.3501,0.0698
sys74_planet5,planet,6.8246483,2.44484,-433.08206,-1110.5547,-59.600606,2.2106883,1.5152372,-0.053490069,0.0458,0.7053,0.6680
sys74_planet6,planet,5.2315815,1.05284,-354.74319,-1037.2695,-59.149564,0.64124661,2.4018845,0.013369468,0.4698,0.2715,0.1513
sys74_planet7,planet,2.593777,1.19371,-337.48934,-966.62872,-55.26949,-0.38455392,2.3456443,-3.2827696e-05,0.7311,0.0004,0.0852
sys74_planet8,planet,3.0052495,1.10467,-320.85592,-933.32243,-54.784859,-0.68173104,2.1051918,-0.036308918,0.9589,0.5617,0.0975
sys74_planet9,planet,0.94959208,1.42141,-296.81263,-1033.0388,-57.422925,0.37429919,2.1328883,0.037938792,0.1403,0.7954,0.6834
sys74_planet10,planet,1.0843966,1.23884,-724.48724,-1109.09,-57.190428,0.95941669,-1.7899764,-0.033940857,1.0000,0.6437,0.0550
sys75_star,star,1000,8.14861,814.32106,2278.1163,-1067.7689,0,0,0,0.9983,0.8890,0.6877
sys75_planet0,planet,3.7661216,1.58988,813.32923,2238.1749,-1067.5427,5.0394979,-0.12514242,0.010455468,0.6568,0.2746,0.1272
sys75_planet1,planet,1.3839574,3.39843,752.22485,2251.0616,-1068.6718,1.525227,-3.5007228,-0.085614671,0.9258,0.1549,0.0343
sys75_planet2,planet,5.9865856,3.35278,861.52433,2206.9931,-1067.2065,2.8446215,1.8879282,-0.056052795,1.0000,0.1109,0.6035
sys75_planet3,planet,1.3812518,3.43982,809.98223,2163.9285,-1064.8935,2.9998119,-0.11398492,0.014527798,0.8910,0.9044,0.1640
sys75_planet4,planet,6.2752443,1.85385,943.91187,2319.3686,-1065.4509,-0.8347947,2.6224392,-0.0054928371,0.6299,0.3644,0.1265
sys75_planet5,planet,6.3231868,3.39476,936.68778,2387.3199,-1069.4419,-1.6372503,1.8346002,-0.026342174,0.1138,0.4741,1.0000
sys75_planet6,planet,5.0302159,3.03726,677.41494,2416.7476,-1066.8119,-1.6105349,-1.5904925,0.017299714,0.0653,0.7302,0.6696
sys75_planet7,planet,3.1964086,1.96068,913.56351,2084.5369,-1071.0776,1.9101734,0.97928944,0.0020935959,0.2203,0.7647,0.6243
sys75_planet8,planet,6.837838,3.25012,958.46963,2080.1947,-1072.2418,1.6440947,1.1974132,0.0095096062,0.3243,0.9458,0.2224
sys76_star,star,1000,11.7281,2124.0421,-2375.7025,275.99021,0,0,0,1.0000,0.3886,0.0510
sys76_planet0,planet,6.9429137,2.6992,2088.6326,-2389.8606,275.79955,1.8771707,-4.694829,-0.026370481,0.0542,0.2405,0.9401
sys76_planet1,planet,6.325654,1.7947,2179.7197,-2334.5108,277.56204,-2.2702799,3.0686638,-0.022020665,0.0078,0.7564,0.9877
sys76_planet2,planet,1.8919052,2.31258,2176.5693,-2454.2562,278.10535,2.6914099,1.799688,-0.0085564435,0.0983,0.8009,0.6660
sys76_planet3,planet,0.85448263,2.79897,2235.8785,-2418.9829,278.41699,1.037119,2.679916,0.012082963,0.0459,0.7691,0.9791
sys76_planet4,planet,4.8492233,2.48443,1986.7768,-2402.0121,276.14045,0.49686985,-2.5923272,-0.023044624,0.1145,0.7975,0.2212
sys76_planet5,planet,4.670627,1.64252,2034.5295,-2510.4557,278.76868,2.0660486,-1.3724177,0.011664293,0.0489,0.9208,0.9333
sys76_planet6,planet,5.6173726,0.861402,1994.2824,-2514.3265,276.75619,1.6703664,-1.5635563,0.014573383,0.0865,0.4464,0.9647
sys76_planet7,planet,5.224797,2.43561,2093.5012,-2584.5039,278.04556,2.1417235,-0.31326539,-0.038791853,0.9854,0.1170,0.6028
sys76_planet8,planet,6.5511167,2.86563,1881.1001,-2395.2275,279.34519,0.16111411,-2.0046891,-0.021773782,0.1070,0.4539,1.0000
sys77_star,star,1000,12.1831,669.87556,-1970.513,-1798.302,0,0,0,0.9853,0.9922,0.8447
sys77_planet0,planet,5.3893603,2.32559,690.50162,-2000.925,-1798.2003,4.2799333,2.9027398,-0.086245677,0.5229,0.5689,0.7199
sys77_planet1,planet,4.9229064,2.12295,641.71082,-2016.2815,-1798.2312,3.6698437,-2.2583256,-0.023445556,0.5503,0.5348,0.6896
sys77_planet2,planet,3.2730599,2.78943,632.9113,-1914.046,-1798.8097,-3.1961312,-2.0922413,-0.040423584,0.7631,0.0337,0.1100
sys77_planet3,planet,1.1910671,1.98964,591.92647,-2006.3655,-1799.6342,1.4310453,-3.1113205,-0.015164244,0.9302,0.2921,0.0006
sys77_planet4,planet,4.4890509,1.55444,697.27572,-1873.5841,-1797.8495,-3.0278882,0.85593326,0.004714392,0.9073,0.2178,0.0418
sys77_planet5,planet,2.3325899,2.26526,780.60543,-2007.788,-1797.0452,0.92773984,2.7559628,-0.033440409,1.0000,0.2191,0.5226
sys77_planet6,planet,4.3077701,1.17129,797.54866,-2019.0489,-1800.0848,0.97017669,2.5520388,0.019561133,0.9715,0.0142,0.1072
sys77_planet7,planet,7.807855,1.43615,775.61335,-2073.3165,-1801.9619,1.8028918,1.8543516,-0.0041173202,0.1427,0.7302,0.6720
sys77_planet8,planet,0.75107685,1.78514,694.54643,-1809.165,-1796.8463,-2.4171751,0.36959766,-0.0015473886,0.1200,0.8015,0.2996
sys77_planet9,planet,5.1434386,2.8212,634.96717,-2149.4684,-1793.8586,2.2887918,-0.44646897,-0.0473187,0.4486,0.2474,0.1131
sys77_planet10,planet,7.0900192,2.39404,859.55329,-2023.8113,-1794.1323,0.60755744,2.1621718,0.024787323,0.5440,0.0556,0.9028
sys77_planet11,planet,5.0860444,1.3581,874.34077,-2000.3308,-1801.4142,0.31928024,2.1893501,0.0035337386,0.1268,0.4499,0.9760
sys77_planet12,planet,3.5464487,1.47577,755.67136,-1768.2093,-1795.7365,-1.9387881,0.8222285,-0.023590382,0.0478,0.2701,0.9460
sys77_planet13,planet,5.0575017,0.885816,515.38303,-1785.1611,-1800.7631,-1.5467696,-1.2892466,-0.01266805,0.7446,0.7856,0.8543
sys78_star,star,1000,11.0538,-404.4284,2331.1596,480.21277,0,0,0,0.9796,0.9652,0.8347
sys78_planet0,planet,4.2390882,2.41399,-369.28926,2353.032,481.26431,-2.6328298,4.2297657,0.035198912,0.0608,0.2214,0.9554
sys78_planet1,planet,0.91439991,1.19447,-360.56953,2389.7585,481.81721,-2.9250095,2.1892498,0.0027405867,0.1107,0.7609,0.2557
sys78_planet2,planet,0.55296549,2.48847,-500.62128,2318.0582,481.09978,0.43540233,-3.1968042,-0.0049863365,0.7286,0.8556,0.9145
sys78_planet3,planet,3.4000337,2.73888,-288.95309,2390.6255,481.11249,-1.2558671,2.438734,-0.011981104,0.5636,0.0823,0.9376
sys78_planet4,planet,0.60190228,1.40623,-467.42549,2191.9127,477.17472,2.3007141,-1.0408729,-0.052238503,0.8761,0.2948,0.0760
sys78_planet5,planet,0.87014216,3.26578,-587.97237,2298.4744,482.8796,0.40162118,-2.2553062,0.020100645,0.7439,0.8693,0.9088
sys78_planet6,planet,1.6424426,2.66398,-522.77741,2503.1638,482.69476,-1.8051678,-1.2420614,0.0023818078,0.4257,0.2635,0.1177
sys78_planet7,planet,5.5899104,2.50936,-642.75685,2288.736,486.30383,0.35476321,-1.9930007,0.019403456,1.0000,0.8163,0.1747
sys79_star,star,1000,8.06103,2165.1161,1521.8046,-163.09199,0,0,0,0.9831,0.5777,0.0893
sys79_planet0,planet,2.6413247,2.54096,2142.7097,1485.8969,-162.45187,4.1817251,-2.6093993,0.10055138,0.3749,0.9662,0.1711
sys79_planet1,planet,4.0326945,1.95735,2209.5252,1579.8292,-161.58336,-2.9025832,2.2214903,-0.042703737,0.0797,0.2094,0.9046
sys79_planet2,planet,3.4624963,0.929851,2223.5027,1441.1441,-161.52394,2.541121,1.8394063,-0.030710043,0.7362,0.2347,0.9075
sys79_planet3,planet,7.729737,3.48858,2153.8442,1649.8709,-160.8405,-2.7428997,-0.24141975,-0.035201065,0.6584,0.3198,0.1002
sys79_planet4,planet,0.9632113,2.39471,2317.9898,1489.2919,-159.595,0.52673465,2.4766911,-0.0072806578,0.1235,0.7352,0.6709
sys79_planet5,planet,0.14335833,3.11361,2342.4832,1553.0864,-158.78082,-0.40668649,2.3058984,0.0061431337,0.6998,0.2643,0.8935
sys79_planet6,planet,4.4427037,1.83354,1966.2314,1589.3369,-166.54598,-0.70652655,-2.0807401,0.01436359,0.7265,0.7906,0.8544
sys79_planet7,planet,2.5255018,1.14319,2389.6175,1618.6331,-168.01163,-0.81243181,1.8836602,-0.0054306664,1.0000,0.3853,0.0686
gal0_star00000,star,0.54647979,0.690936,-551.43501,-56.815552,-5.3126653,0.68133131,-9.6264131,-0.27499819,0.9699,0.5629,0.1453
gal0_star00001,star,1.2160276,0.804164,585.6456,-439.30128,-31.393804,5.437422,6.3731592,0.097490237,1.0000,0.8446,0.4763
gal0_star00002,star,0.72834434,1.08903,-80.06082,23.403668,0.090303496,-4.9975652,-22.364581,-0.93745422,1.0000,0.8533,0.4254
gal0_star00003,star,0.51736476,0.965125,167.39627,643.41808,4.5083475,-8.3506809,2.5106971,0.21593999,0.9916,0.9039,0.6263
gal0_star00004,star,1.0737211,0.3151,-680.40345,187.75088,-14.843748,-2.5113218,-7.8918398,-0.1887799,0.9719,0.3902,0.0195
gal0_star00005,star,0.75701813,1.08412,96.611068,114.79299,28.491942,-14.009324,10.406118,0.8543206,0.9913,0.8692,0.4538
gal0_star00006,star,0.80037653,0.50757,-1106.1376,707.91157,-4.3749166,-3.5909117,-5.4231555,-0.39674238,1.0000,0.8286,0.4210
gal0_star00007,star,0.78561182,0.374562,-181.19106,-130.18649,-21.081099,9.5346462,-12.569295,0.76974895,0.9980,0.7308,0.2561
gal0_star00008,star,0.62357145,0.692787,-1003.9225,-177.38299,11.783048,0.97236834,-6.9333331,-0.3133265,0.9917,0.9492,0.8266
gal0_star00009,star,1.447378,1.03984,-632.40251,265.45808,-11.250177,-3.2749633,-7.7116929,0.25079223,0.9781,0.9507,0.8162
gal0_star00010,star,1.9094028,0.801216,-431.57862,155.713,1.7563965,-3.2360161,-9.656153,0.2489968,1.0000,0.8275,0.4384
gal0_star00011,star,1.6328161,1.10018,-368.52975,-97.609097,-7.5072355,2.7019666,-11.444589,-0.55059561,1.0000,0.6013,0.0890
gal0_star00012,star,0.69228388,0.392659,667.75818,166.59369,5.3841902,-2.3383362,8.2919898,-0.42350261,1.0000,0.5306,0.0750
gal0_star00013,star,0.91325673,0.310872,-970.59509,-37.5792,4.2586316,0.10346354,-6.8095621,-0.39805149,0.9916,0.3843,0.0344
gal0_star00014,star,1.5185575,0.583329,-628.03995,-633.82389,-2.3071587,5.2775364,-5.6257212,0.16920581,0.9854,0.7235,0.2731
gal0_star00015,star,1.8204585,0.792943,-553.4199,-224.50417,-9.5426099,4.0716268,-9.0341248,-0.04154972,0.9730,0.9209,0.6590
gal0_star00016,star,0.97300157,1.11507,-318.1983,14.560773,-20.774247,-0.40177563,-12.634154,-0.22882672,0.9769,0.9642,0.8154
gal0_star00017,star,1.8246136,1.01162,-394.80731,907.25618,-0.54732313,-6.378468,-3.2371315,0.30339725,1.0000,0.7151,0.2443
gal0_star00018,star,1.1835601,0.754303,394.39224,436.15693,-31.447481,-6.8255142,6.1954731,0.046896205,1.0000,0.7100,0.2397
gal0_star00019,star,1.809455,0.614069,-258.10984,518.44788,3.4136079,-8.6875704,-3.7547512,-0.36788079,0.9858,0.9170,0.6200
gal0_star00020,star,1.6956026,1.10212,1081.29,389.146,1.3921674,-2.0897858,6.0325491,0.28503639,0.9686,0.8276,0.4169
gal0_star00021,star,0.97388773,0.860466,-108.27842,118.77866,22.424722,-12.986648,-12.292469,0.50156328,1.0000,0.8294,0.4527
gal0_star00022,star,1.2397144,0.937349,615.51737,381.71791,-11.390422,-4.4440134,7.0980454,-0.041401709,1.0000,0.7275,0.2261
gal0_star00023,star,1.0604303,0.849756,-479.10412,647.52349,-5.8219745,-5.9208018,-5.0120674,-0.151674,0.9839,0.3540,0.0254
gal0_star00024,star,0.99214747,0.387493,168.73383,361.54118,-10.471381,-10.25213,4.8822562,-0.80949297,0.9794,0.8725,0.4591
gal0_star00025,star,1.4746408,1.04741,335.90614,-821.61152,-4.9769797,7.053596,3.0243411,0.14993314,0.9915,0.8903,0.6402
gal0_star00026,star,1.0623741,0.365175,-1423.435,-149.09934,-2.933964,0.51336896,-5.9375116,-0.17890375,1.0000,0.8532,0.4310
gal0_star00027,star,1.3027781,0.977988,302.16284,825.05561,12.231248,-7.0065797,2.3300842,-0.073249586,1.0000,0.5497,0.1042
gal0_star00028,star,1.345086,1.07624,287.09992,-178.57865,26.187225,6.0981866,10.827318,-1.1509591,0.9968,0.3861,0.0465
gal0_star00029,star,0.95519703,0.957927,-743.52961,-14.676015,-14.456835,-0.088535259,-8.6495731,0.15574961,1.0000,0.5254,0.1572
gal0_star00030,star,1.5712712,0.946517,-556.46094,-140.19831,-3.1685765,2.0487657,-8.7370077,0.0064817433,1.0000,0.7291,0.2346
gal0_star00031,star,1.7472948,0.844706,754.85304,652.07709,-4.2943122,-4.8229029,5.169143,0.16456406,0.9957,0.9248,0.6580
gal0_star00032,star,1.724904,0.574749,-169.05846,-164.34067,-15.732754,10.921474,-9.0743215,0.54962593,1.0000,0.7055,0.2376
gal0_star00033,star,0.98619484,0.583812,166.01592,-233.5497,-8.6977419,11.070229,7.266988,0.43781078,0.9996,0.5539,0.1015
gal0_star00034,star,1.3669259,0.957428,-615.51065,-655.09153,-5.9310948,5.4590821,-5.1935098,0.21669289,1.0000,0.7018,0.2187
gal0_star00035,star,1.5157928,0.830382,636.9535,-707.33369,1.7068028,5.2277492,4.6757147,-0.044437078,0.9829,0.9460,0.6444
gal0_star00036,star,0.66262791,0.535977,-1400.9876,100.70313,-17.097418,-0.55111448,-5.2085595,-0.050937015,0.9967,0.9220,0.6670
gal0_star00037,star,0.85186162,0.36523,98.768113,-418.37453,-2.054933,10.357363,2.6240496,0.11488175,0.9900,0.9640,0.8081
gal0_star00038,star,1.1795575,0.318479,439.54204,252.69341,22.700565,-5.3074113,8.9331614,-0.29438782,1.0000,0.9454,0.6458
gal0_star00039,star,1.2039669,0.3299,242.65317,215.11972,5.6621975,-8.6503331,9.4605932,0.34213418,0.9859,0.8650,0.4382
gal0_star00040,star,1.4146755,0.967358,-158.68253,319.54528,22.012961,-9.7510955,-5.733446,0.33040973,1.0000,0.9947,0.8057
gal0_star00041,star,0.97264759,1.09932,-313.70626,19.807882,-8.2224886,0.085069035,-12.489143,-0.24048108,1.0000,0.8102,0.4460
gal0_star00042,star,0.57264926,0.490031,-176.77321,-154.78547,-2.8751586,8.8961141,-10.402764,-0.1486543,1.0000,0.7140,0.2435
gal0_star00043,star,0.90408941,0.561285,843.00314,-1067.3062,10.756484,4.791177,3.7537999,0.091514065,1.0000,0.8351,0.4648
gal0_star00044,star,1.1770403,0.48805,-1824.4044,136.41853,-8.5768001,-0.47665241,-5.3582691,-0.067668098,1.0000,0.7049,0.2468
gal0_star00045,star,1.5702509,0.349059,78.787103,88.487236,-17.590436,-13.845365,13.880115,0.60957939,0.9863,0.9793,0.8265
gal0_star00046,star,0.73790495,0.860637,-99.181884,-556.04908,12.681304,9.636176,-2.2439633,-0.010413884,0.9865,0.9607,0.7838
gal0_star00047,star,1.0225675,0.890085,-97.743718,-325.87817,11.662452,12.17248,-3.289206,0.21122734,0.9993,0.9822,0.8289
gal0_star00048,star,1.7393459,1.02789,-34.107971,711.30177,9.6093737,-7.9131277,-0.3151999,-0.04026999,1.0000,0.9748,0.8359
gal0_star00049,star,1.7544461,1.10036,71.535974,471.4453,3.3259859,-10.301744,1.3440891,0.71959521,0.9910,0.8557,0.4658
gal0_star00050,star,1.7162588,0.625678,54.153965,20.12953,-9.9980134,-10.694779,27.354937,-0.21214326,0.9799,0.9257,0.6237
gal0_star00051,star,1.0153263,0.396325,-311.43362,1134.555,9.3580539,-5.7032661,-2.1562923,0.10556431,0.9811,0.8975,0.6159
gal0_star00052,star,0.53945387,0.902482,663.77225,113.03103,-4.2458085,-1.4475426,8.4583986,0.44028342,1.0000,0.5637,0.0680
gal0_star00053,star,0.8151408,1.12765,-816.17375,1660.229,7.7058001,-4.7319408,-2.4711214,0.28085407,1.0000,0.9350,0.8380
gal0_star00054,star,0.92875782,0.919785,-587.81703,272.09464,-14.737204,-3.6122439,-7.985134,0.24149436,1.0000,0.4190,0.0402
gal0_star00055,star,1.7876316,0.329187,101.4491,179.02779,-33.503411,-13.966342,7.1591333,0.13080149,0.9706,0.9167,0.6491
gal0_star00056,star,0.63347374,0.504639,862.01558,324.70233,-12.65166,-3.3235206,6.5753678,0.33181034,0.9718,0.7518,0.2514
gal0_star00057,star,1.0253591,0.819127,-147.39864,937.13673,24.773256,-7.2110552,-1.1415225,0.19822413,0.9865,0.7355,0.2622
gal0_star00058,star,1.9314963,0.546065,-861.5207,277.9967,7.1976367,-2.459801,-6.8507922,0.30143572,1.0000,0.9089,0.6347
gal0_star00059,star,1.1251951,0.590301,-301.09418,508.64765,9.7456017,-7.7758952,-4.9945793,0.20511005,0.9992,0.5623,0.1022
gal0_star00060,star,1.2932438,0.603862,-1625.1147,-61.258654,1.1101363,0.40731972,-5.7878583,0.18159051,1.0000,0.3736,0.0485
gal0_star00061,star,0.91209226,0.803287,-293.74616,-367.84351,-6.9222631,7.7957916,-6.1405825,0.17492189,1.0000,0.7045,0.2450
gal0_star00062,star,1.7196324,0.450553,654.76086,270.53768,8.1594204,-2.8894628,8.1469403,0.22194964,1.0000,0.5873,0.1262
gal0_star00063,star,0.80772182,0.459481,-371.16226,665.35946,-4.7512497,-6.7348079,-3.6793619,-0.21159997,0.9818,0.7349,0.2531
gal0_star00064,star,0.63472277,0.679534,195.97482,342.3649,-5.8410859,-10.226724,5.813925,0.18807305,0.9812,0.8492,0.4666
gal0_star00065,star,1.8944922,0.550801,-508.86417,78.638897,-8.6345456,-1.0993727,-10.154332,-0.50632535,1.0000,0.8346,0.4310
gal0_star00066,star,1.4595521,0.600271,-537.04349,1087.3949,18.430304,-5.5486853,-2.9964657,0.32386649,1.0000,0.5439,0.0809
gal0_star00067,star,0.55206611,0.915459,-124.15927,-264.27443,-27.054251,12.25618,-5.0979584,-0.44943572,0.9630,0.9240,0.6810
gal0_star00068,star,0.81200866,0.828771,-952.47059,76.528962,22.983831,-0.29325004,-7.6699463,-0.013773143,1.0000,0.9542,0.8500
gal0_star00069,star,1.002344,0.450644,-784.89958,-107.90369,-2.5485367,0.7093426,-8.0049319,-0.17102572,0.9902,0.3757,0.0418
gal0_star00070,star,0.70658638,0.610631,58.429762,22.431154,-9.4494187,-10.183178,26.79962,0.97390505,1.0000,0.9725,0.8588
gal0_star00071,star,0.62870285,0.674365,-128.80516,123.1367,30.835825,-12.169643,-11.580837,0.90106264,0.9849,0.9253,0.8379
gal0_star00072,star,1.7768123,0.348166,459.86976,-287.3287,-0.76630514,5.4714401,8.3387133,-0.34874857,0.9977,0.5949,0.1062
gal0_star00073,star,1.9865359,0.842282,-412.32189,709.17424,14.036028,-6.7176184,-4.2582063,0.14131416,1.0000,0.7130,0.2543
gal0_star00074,star,1.2864524,0.716408,224.302,315.58038,15.732478,-9.4086289,6.6193972,-0.58929076,1.0000,0.9569,0.8257
gal0_star00075,star,1.5703404,1.11693,-163.80749,324.27738,18.468793,-9.9371791,-5.3521206,-0.25142254,0.9951,0.7108,0.2290
gal0_star00076,star,1.655079,1.10871,879.87325,306.76608,5.6572894,-2.2475043,6.9990107,0.46809989,1.0000,0.3749,0.0301
gal0_star00077,star,1.2959392,0.362407,612.52818,497.6977,11.673247,-4.9600291,6.6187341,0.24991603,0.9598,0.9689,0.7986
gal0_star00078,star,1.5557302,0.76104,448.7341,322.27582,-16.39132,-5.6831956,7.7469385,0.18301592,0.9852,0.8684,0.4206
gal0_star00079,star,1.2797294,0.409678,-693.74925,-516.31427,18.429095,4.5358734,-5.9476985,0.043849869,0.9897,0.7117,0.2358
gal0_star00080,star,1.5829454,0.514926,625.7526,-680.81115,10.586281,5.2539704,4.5030639,-0.57655937,0.9851,0.9759,0.8322
gal0_star00081,star,0.80537904,0.592195,-342.6795,-201.8171,8.877587,5.7263111,-9.5812451,0.36387264,1.0000,0.7523,0.2645
gal0_star00082,star,1.3969997,1.10725,-1067.0827,354.45194,-15.899826,-1.7868895,-6.2773264,-0.24451304,1.0000,0.5559,0.0619
gal0_star00083,star,1.9260623,0.803085,460.25036,263.71699,-7.5562608,-4.426878,7.9345175,-0.1701797,1.0000,0.9374,0.6377
gal0_star00084,star,1.8382267,0.518692,-211.65304,515.7889,-23.406958,-8.5045323,-3.1663484,0.10826023,0.9821,0.3431,0.0472
gal0_star00085,star,1.2743886,0.724572,922.58096,-409.74219,19.327256,2.8887236,6.4661545,-0.79272859,1.0000,0.7214,0.2769
gal0_star00086,star,1.1923116,0.560486,-169.44739,133.73291,-38.345468,-8.7165581,-11.423744,0.14404644,0.9759,0.9551,0.8040
gal0_star00087,star,1.6701553,0.799885,154.6533,-416.1565,26.750458,9.3472598,3.9524344,-0.29247014,0.9880,0.9092,0.6454
gal0_star00088,star,1.6549087,1.04652,476.86039,273.5871,-14.328067,-4.4067104,8.5698799,0.078344212,0.9844,0.9446,0.6711
gal0_star00089,star,1.876865,0.578205,-406.87651,451.601,9.0751361,-6.7075972,-6.3526714,0.32440668,0.9824,0.3741,0.0249
gal0_star00090,star,0.82857766,0.432675,59.707178,192.00584,-30.736059,-14.720321,4.7920473,0.54933685,1.0000,0.7741,0.2578
gal0_star00091,star,1.1140868,0.332828,416.02347,-546.83379,-10.992668,6.7334669,4.6526757,-0.511026,0.9530,0.8563,0.4102
gal0_star00092,star,1.2247768,0.751296,-172.30338,-130.78521,-5.5645069,9.1264212,-13.318022,0.38786067,1.0000,0.7053,0.2383
gal0_star00093,star,0.86131909,0.889362,-929.84815,139.50569,5.5705025,-1.0645057,-7.275637,0.016457983,0.9702,0.9304,0.5965
gal0_star00094,star,1.0416044,0.892902,139.65746,-49.897499,17.854926,6.0841495,16.82323,-0.11323716,0.9842,0.8346,0.4200
gal0_star00095,star,0.92430769,1.03948,-537.25662,-35.287943,-8.5159353,0.57824445,-10.092177,0.13263028,0.9859,0.8585,0.4600
gal0_star00096,star,1.2262979,0.973323,452.89678,-540.46591,27.086892,6.9671102,5.2793478,0.22831794,1.0000,0.8469,0.5024
gal0_star00097,star,0.93765851,0.703248,-159.91018,962.81079,4.4967993,-6.6097748,-1.7544837,0.15986612,0.9912,0.9869,0.8219
gal0_star00098,star,0.85725646,0.303274,-654.3017,548.68877,34.474849,-5.0645415,-5.7221463,0.54321345,1.0000,0.8779,0.6398
gal0_star00099,star,0.90039912,0.960773,-755.32202,-348.87806,12.960974,3.2687082,-7.2385422,-0.078932282,0.9914,0.5329,0.1317
gal0_star00100,star,1.1942713,1.03202,261.26561,-812.46228,13.061204,7.3851618,2.1268539,-0.13783424,0.9936,0.7398,0.2353
gal0_star00101,star,1.2395962,0.703801,-173.50726,-503.09961,-19.442934,9.4502301,-3.0594053,-0.29955935,0.9549,0.3689,0.0685
gal0_star00102,star,0.56681157,0.426245,-157.05092,-77.096915,-10.066073,6.6256178,-15.114615,-0.16373117,1.0000,0.3624,0.0306
gal0_star00103,star,1.1887082,0.816023,-150.71067,745.86324,-8.6631361,-8.0418358,-1.6839607,0.45456265,0.9784,0.7069,0.2698
gal0_star00104,star,1.4923731,0.566985,-440.55455,-843.57321,-2.4479893,6.4035137,-3.3793288,0.28149859,0.9833,0.3506,0.0280
gal0_star00105,star,1.7824231,1.103,788.21232,-567.03739,2.1678021,4.2232853,5.832256,-0.13301585,1.0000,0.5468,0.0965
gal0_star00106,star,1.6911967,0.84209,-47.143884,113.52692,-14.559666,-16.718536,-7.3103502,1.2329239,0.9752,0.9669,0.8589
gal0_star00107,star,1.896159,0.410888,342.15762,-371.58313,34.693565,6.9574841,6.7013087,0.1734602,1.0000,0.3842,0.0453
gal0_star00108,star,1.7212339,1.0032,344.08248,-131.57651,-10.233958,4.9383478,10.754158,0.12136184,0.9751,0.4332,0.0435
gal0_star00109,star,1.7337893,0.509018,1311.4916,114.79115,0.86969378,-0.48417675,6.5533903,0.26669932,1.0000,0.8982,0.6730
gal0_star00110,star,1.4888118,0.54438,-248.06783,289.01746,8.5637452,-8.8671069,-7.3316491,-0.0036810591,1.0000,0.9147,0.6625
gal0_star00111,star,1.7667855,0.69537,-13.806206,95.135781,-23.211107,-22.455617,-2.8940089,0.86479616,1.0000,0.9523,0.8120
gal0_star00112,star,1.9629821,1.00912,48.602679,925.78574,-8.8705866,-7.2937558,-0.15322398,-0.1695011,1.0000,0.8753,0.6627
gal0_star00113,star,0.81054873,0.657238,181.28368,-201.21187,6.0916635,9.8420533,9.7231769,-0.18406337,0.9766,0.9511,0.8458
gal0_star00114,star,1.5953573,0.417753,1043.8052,958.92781,0.4956605,-4.1565644,4.548821,-0.07528256,1.0000,0.7150,0.2628
gal0_star00115,star,0.94331381,0.914911,65.582152,191.05733,2.6167999,-15.094399,5.2770757,-0.68568518,0.9957,0.8692,0.4143
gal0_star00116,star,1.1951955,0.434948,-66.745666,120.79078,-6.1064103,-15.556106,-8.8829866,-0.97730292,0.9987,0.9635,0.8094
gal0_star00117,star,0.60184376,0.341068,374.64224,-357.78157,6.0445578,6.6747912,7.1377127,0.013922093,0.9708,0.8504,0.4667
gal0_star00118,star,1.5906435,0.574366,390.92597,-94.148718,-10.998851,2.7508988,11.08438,-0.0021967892,0.9481,0.5613,0.1115
gal0_star00119,star,0.56864608,0.828226,128.96333,-1035.07,1.8371853,6.9606868,0.91692633,-0.63688558,0.9944,0.9800,0.8347
gal0_star00120,star,1.7608448,0.617941,639.45859,-687.60327,33.273155,5.6663048,4.7249074,-0.066878779,0.9930,0.5382,0.0829
gal0_star00121,star,0.85755433,1.02809,-51.734318,106.18755,3.0454201,-18.510454,-9.4353883,0.77034104,0.9887,0.3785,0.0458
gal0_star00122,star,1.3158675,0.78592,75.275485,-428.20472,10.414216,10.313388,1.4110631,-0.012981376,1.0000,0.3657,0.0786
gal0_star00123,star,0.75754912,0.533692,63.138106,-216.64153,-0.86945524,14.910867,3.8496248,-0.076190087,1.0000,0.7266,0.2600
gal0_star00124,star,0.90521254,0.55702,-682.09218,-575.37938,5.6287286,5.215009,-5.8148613,-0.051618104,1.0000,0.9615,0.8469
gal0_star00125,star,1.6665313,1.0444,65.120743,30.701224,-3.3536617,-10.436852,23.829729,-1.8310088,0.9925,0.8315,0.4430
gal0_star00126,star,0.74671646,0.345692,-308.77496,15.406363,-33.614477,-0.76824775,-12.725761,0.012454116,0.9994,0.3682,0.0140
gal0_star00127,star,1.9530597,0.490094,665.80533,125.18148,4.7314911,-2.1100057,8.4558362,-0.33705913,0.9947,0.8459,0.4561
gal0_star00128,star,1.9196764,1.08804,-25.034275,-134.76297,-27.852641,18.622518,-3.4670311,-0.86235569,0.9718,0.9405,0.6276
gal0_star00129,star,1.7062001,1.00989,273.5843,121.56445,17.362505,-5.2548902,11.512907,0.16917538,1.0000,0.6906,0.2341
gal0_star00130,star,1.7007462,0.490546,99.727625,126.48736,-17.53613,-14.190957,10.411673,1.0642304,0.9895,0.9728,0.8270
gal0_star00131,star,0.65980334,0.732177,-175.65148,-499.3919,-0.25633258,9.314127,-3.9693741,0.063928167,0.9826,0.6776,0.2484
gal0_star00132,star,1.0986471,0.436739,-112.52501,-320.1066,0.34877938,11.590935,-3.9077545,-0.38362193,0.9946,0.8451,0.4167
gal0_star00133,star,0.62004701,1.13879,410.35581,-54.749098,-34.182546,1.492925,10.794278,-0.34966242,1.0000,0.9685,0.8049
gal0_star00134,star,1.1898471,1.00506,498.41858,-994.45296,-5.0117443,6.0476584,3.3776453,0.23736952,1.0000,0.3286,0.0379
gal0_star00135,star,1.2462849,0.312096,-164.10164,319.83423,-6.4360922,-10.99563,-5.5347844,0.8907201,1.0000,0.8401,0.4595
gal0_star00136,star,0.93487713,0.728336,-99.34413,134.42156,33.868545,-14.160059,-10.862882,0.46350572,0.9645,0.5606,0.0870
gal0_star00137,star,0.89625913,1.01817,578.98415,-167.55524,-9.5958014,1.9071364,9.0833833,-0.33295164,1.0000,0.8197,0.4601
gal0_star00138,star,1.5635962,0.341463,340.24216,-125.76163,-3.6648833,4.2082182,11.042743,-0.32157491,0.9863,0.9685,0.8502
gal0_star00139,star,0.6808929,0.50474,61.577416,439.01054,37.354986,-10.860268,1.4309367,-0.04259881,0.9636,0.9690,0.8180
gal0_star00140,star,1.2675773,0.369821,844.08026,-526.41558,14.779382,3.8542145,6.0490406,0.107686,0.9993,0.9719,0.8589
gal0_star00141,star,0.83766043,1.08994,-342.58386,-265.77172,16.903762,6.5702027,-8.812856,1.2684747,1.0000,0.3687,0.0084
gal0_star00142,star,0.70411372,1.14068,677.9526,36.5083,7.7552527,-0.36106399,8.2983561,-0.37172074,0.9948,0.8651,0.4542
gal0_star00143,star,1.9282182,1.11794,417.88549,-21.740421,-10.171475,0.78269488,11.308833,0.23671306,1.0000,0.9508,0.6539
gal0_star00144,star,1.0428758,0.497572,-1849.6548,-35.73613,-11.714839,0.11548965,-5.2933681,-0.090866436,0.9911,0.8662,0.4271
gal0_star00145,star,1.1691843,1.08497,1059.9544,-5.0020568,-9.0903399,-0.36494655,6.779277,-0.12251131,1.0000,0.5654,0.0980
gal0_star00146,star,1.1826293,0.534329,743.48735,-302.11254,-26.754721,2.7573879,7.3632545,-0.42821049,1.0000,0.9236,0.6586
gal0_star00147,star,1.120148,0.530718,-168.5066,-151.50824,0.18922887,10.255618,-11.069104,-0.45608558,0.9896,0.8542,0.4302
gal0_star00148,star,1.5806827,0.446812,-243.11119,731.08732,8.1589906,-8.0193657,-2.5462488,-0.078382454,1.0000,0.4047,0.0708
gal0_star00149,star,1.7804201,0.625318,24.858004,-31.748376,7.2790169,27.754939,22.277677,-0.86941865,0.9538,0.8554,0.4239
gal0_star00150,star,1.4290976,0.724109,537.28282,1164.7115,-23.42841,-5.8328084,2.6481516,0.017819303,0.9815,0.3399,0.0452
gal0_star00151,star,1.1802941,0.987503,845.65272,-94.604609,-2.7861974,0.75058494,7.8356436,0.041664116,1.0000,0.8396,0.4704
gal0_star00152,star,1.5004984,0.613626,345.6573,-1461.4941,1.383122,5.5802023,1.356961,0.63413047,0.9840,0.3720,0.0000
gal0_star00153,star,1.5980998,0.325951,443.98517,287.29128,-5.4133013,-5.8308386,8.124135,-0.10523409,1.0000,0.5690,0.0915
gal0_star00154,star,1.2317904,0.696624,132.07935,431.69395,28.595823,-9.6627922,3.2412821,-0.44693278,1.0000,0.5558,0.1135
gal0_star00155,star,1.9171256,0.748356,-347.30677,266.71464,-5.7647902,-6.0980995,-8.4623394,-0.42112372,0.9825,0.3745,0.0186
gal0_star00156,star,1.6933826,0.364592,897.48926,146.92679,1.0912731,-1.180783,7.0664321,-0.11738628,1.0000,0.5448,0.1287
gal0_star00157,star,1.7417977,0.994346,47.783659,-380.00048,7.8812821,11.12074,1.5473196,0.12885685,0.9909,0.8252,0.4115
gal0_star00158,star,1.8237131,1.13424,984.64506,-983.1794,12.61934,4.0299435,4.1428547,0.19569808,0.9884,0.8590,0.4435
gal0_star00159,star,1.1796268,0.928738,-182.08241,497.99202,-13.200265,-9.6574493,-3.0435917,-0.47356934,1.0000,0.7976,0.4622
gal0_star00160,star,1.2252141,0.721925,47.066476,232.49034,12.931239,-14.018779,2.7999956,-0.32103916,0.9649,0.6930,0.2438
gal0_star00161,star,1.9761207,0.861391,-3.5710141,63.852889,15.565852,-26.550531,-3.121244,0.13538791,0.9907,0.3716,0.0148
gal0_star00162,star,1.4476127,1.09296,659.03054,250.81926,-14.736459,-3.2681022,7.5133609,-0.34814593,0.9858,0.3977,0.0225
gal0_star00163,star,1.0573052,0.785323,441.54606,41.291092,-6.0411087,-1.7601566,10.537802,-0.2342673,0.9946,0.9673,0.6609
gal0_star00164,star,1.8154945,0.854854,-12.872039,480.89963,5.5611896,-9.974055,-0.27948034,0.33816347,1.0000,0.9943,0.8301
gal0_star00165,star,1.6223903,0.481299,-451.76852,-514.73602,-6.557056,6.4542925,-6.3089231,-0.72858621,0.9763,0.9237,0.6469
gal0_star00166,star,0.59531623,0.824276,108.09388,-610.50081,-7.7351963,9.2195259,1.4082644,0.13344104,0.9967,0.8450,0.4667
gal0_star00167,star,0.99990496,0.97168,161.46016,-400.3062,-21.9485,10.126522,4.2719257,0.25637453,0.9887,0.9509,0.8015
gal0_star00168,star,1.0737511,0.339321,223.82243,-219.70209,5.6374504,9.3202716,8.8224834,0.038927327,0.9764,0.5332,0.1234
gal0_star00169,star,1.3370878,1.01613,0.3313375,487.41172,19.731398,-10.600719,-0.095905095,-0.17023002,1.0000,0.9484,0.6413
gal0_star00170,star,1.6511401,0.822127,91.298957,179.32611,1.7319636,-14.62081,7.1265345,-0.64048312,1.0000,0.8190,0.5049
gal0_star00171,star,1.0043158,0.626426,679.61245,754.37701,9.7950083,-5.0533081,4.4496946,0.25380124,1.0000,0.9110,0.6498
gal0_star00172,star,1.1045831,0.32645,-154.47503,-147.43021,24.001961,11.172247,-10.920457,-0.76658717,0.9986,0.7327,0.2874
gal0_star00173,star,1.2077459,1.13712,287.31726,-193.69424,8.6860129,6.6043146,10.001838,-0.34760314,0.9923,0.3824,0.0287
gal0_star00174,star,1.5190241,0.375062,-789.29922,-130.56139,9.4220696,1.0001709,-7.9319951,-0.049370974,0.9719,0.7191,0.1864
gal0_star00175,star,1.9585643,0.938986,736.37848,-622.48143,8.4584096,4.146843,5.6403773,0.13800662,0.9588,0.9134,0.6584
gal0_star00176,star,1.2267544,0.689569,549.48468,914.81592,12.354048,-5.988343,3.781942,-0.013639936,1.0000,0.8035,0.4406
gal0_star00177,star,1.204948,0.800796,-158.97746,-202.46006,-16.624373,11.212379,-8.6932437,0.26747477,0.9879,0.9624,0.7946
gal0_star00178,star,1.7819358,1.06311,447.38909,24.747085,-16.004728,-0.20333473,10.867936,-0.45082852,1.0000,0.5887,0.1084
gal0_star00179,star,1.704788,0.341257,266.87552,-7.710365,34.639869,0.48427421,13.827836,0.2651198,1.0000,0.8555,0.4305
gal0_star00180,star,1.361164,0.983173,-400.00342,-1806.2384,-0.43050025,5.334078,-1.1802358,-0.18424214,1.0000,0.6931,0.2353
gal0_star00181,star,1.6781264,0.406549,-219.84896,127.38406,25.465891,-5.9571788,-13.085497,0.6286165,1.0000,0.6821,0.2461
gal0_star00182,star,1.8722038,1.12094,-112.73178,-267.15549,-33.90207,11.46673,-5.3094917,0.48116098,1.0000,0.3868,0.0170
gal0_star00183,star,1.1940297,0.505602,-25.307077,-30.976634,-1.4990794,26.327876,-20.384143,-1.9362991,0.9949,0.5734,0.1165
gal0_star00184,star,1.2969649,0.678217,154.98364,418.16562,-7.3221061,-9.9359566,3.9887556,0.53332753,0.9792,0.9638,0.8297
gal0_star00185,star,0.82941351,0.658042,-196.83228,-752.29323,-1.3954344,7.6275303,-2.0033103,-0.13918543,0.9862,0.8953,0.6663
gal0_star00186,star,0.73873676,0.416145,-258.34686,94.949725,-1.7857605,-4.5140317,-12.880799,0.23443094,1.0000,0.7110,0.2558
gal0_star00187,star,1.8256314,0.742012,-1049.7688,453.82852,-0.49571477,-2.5224396,-5.9327749,-0.037059475,1.0000,0.5440,0.1285
gal0_star00188,star,0.77920882,0.474893,-545.00718,637.45825,-7.1430774,-5.1403769,-5.5895636,0.68764424,1.0000,0.3743,0.0675
gal0_star00189,star,0.51246416,0.703793,-51.810437,502.22824,24.740631,-10.141321,-1.1501139,-0.033626663,0.9966,0.3762,0.0089
gal0_star00190,star,0.60195062,0.450905,-512.62149,89.42381,-14.65868,-1.3662369,-9.3294137,-0.37071789,0.9872,0.8549,0.4311
gal0_star00191,star,1.0580978,0.735997,-368.83593,-265.16731,-15.160692,5.6669749,-8.3353637,-0.76238315,1.0000,0.7159,0.2781
gal0_star00192,star,0.88431752,0.433956,607.02066,-95.734725,11.666157,1.4542786,8.6621486,0.62369336,1.0000,0.3930,0.0435
gal0_star00193,star,1.3146814,1.00479,353.24395,-114.26551,-5.0569637,3.6071213,11.69377,0.57570638,0.9968,0.9948,0.8093
gal0_star00194,star,0.52528135,0.932853,-222.38201,520.80865,-16.453283,-8.4727836,-3.8214918,0.18447862,0.9928,0.9908,0.8197
gal0_star00195,star,1.9625834,0.542006,-418.37832,182.53327,-23.27839,-4.2278068,-8.9392133,-0.30549175,1.0000,0.6804,0.2490
gal0_star00196,star,1.1464479,0.408709,1400.8208,-1208.3878,-5.7888135,3.5513288,3.9283488,-0.21417035,1.0000,0.5509,0.1038
gal0_star00197,star,1.0114917,0.892905,-186.75196,-159.32451,-3.8344151,8.8946967,-10.501765,0.20022907,1.0000,0.9364,0.6428
gal0_star00198,star,1.421031,1.09708,434.0541,-49.279109,-22.224339,1.2761519,11.074794,-0.10475229,0.9651,0.8741,0.4470
gal0_star00199,star,1.3414993,0.528633,-675.29329,219.28925,14.92015,-2.7493182,-8.0322497,-0.010195487,0.9871,0.8236,0.4612
gal0_star00200,star,1.9308723,0.534479,-491.59863,-467.18738,3.7307746,5.6967458,-6.5121845,-0.53155437,0.9899,0.8440,0.4500
gal0_star00201,star,1.5730752,0.485384,-229.12942,96.602606,1.0597226,-5.0323465,-12.758546,0.21421263,1.0000,0.8715,0.4559
gal0_star00202,star,1.2940738,0.591657,-94.629985,19.856727,-21.002276,-3.7726205,-21.748874,0.2301044,0.9969,0.3505,0.0221
gal0_star00203,star,1.0746873,1.13148,-515.2271,674.35195,-3.7281632,-5.6790365,-4.8675069,-0.23833597,1.0000,0.3724,0.0000
gal0_star00204,star,1.4169219,0.620128,-12.610211,490.61869,-10.076923,-10.153582,-0.52677878,0.47891834,0.9896,0.8319,0.4460
gal0_star00205,star,1.5025831,0.944341,-103.98223,291.52725,-8.9414059,-11.560132,-4.6971137,0.36354021,0.9712,0.9534,0.8404
gal0_star00206,star,0.60652749,0.804158,483.14812,909.47511,-1.9352232,-6.3276171,3.1520507,0.12362274,0.9893,0.5795,0.1095
gal0_star00207,star,1.4113831,0.910764,563.79291,603.67772,1.2096098,-5.8510303,5.4002702,0.12327306,0.9592,0.5512,0.0971
gal0_star00208,star,1.149456,0.848998,-64.480499,718.60262,10.726069,-8.2016141,-0.52220923,-0.29952116,0.9802,0.7121,0.2690
gal0_star00209,star,1.262255,0.764968,-352.28137,457.9223,-6.5977524,-6.891558,-5.7872188,-0.47935682,0.9862,0.9037,0.6616
gal0_star00210,star,1.5483899,0.331242,-688.18696,1258.9938,-9.0665984,-5.3233875,-2.7443378,0.087955187,0.9868,0.9656,0.6670
gal0_star00211,star,1.3907794,0.745348,869.8586,35.241725,15.890865,-0.11095,7.8120715,-0.07433413,0.9903,0.9368,0.6524
gal0_star00212,star,0.86213219,0.509453,256.68377,-425.78345,-18.551902,8.9916593,5.0890845,-0.16140061,0.9919,0.9800,0.7803
gal0_star00213,star,0.80495737,0.422518,-43.972636,714.15851,12.65801,-8.4413245,-0.54544762,0.32895278,0.9958,0.8371,0.4685
gal0_star00214,star,1.9729984,0.64176,146.71639,-36.35729,-10.180861,4.5073184,17.038659,1.1264406,0.9990,0.3397,0.0004
gal0_star00215,star,0.77879633,1.13114,-57.712144,297.10774,-39.227647,-12.303224,-2.644514,0.047007026,1.0000,0.8661,0.4582
gal0_star00216,star,1.9093534,0.746459,-148.67926,142.44813,-8.8455023,-11.541284,-10.510812,-0.014722113,0.9905,0.3794,0.0113
gal0_star00217,star,1.1720803,0.921093,-165.24158,-172.58932,20.857225,10.265597,-10.054228,0.2361989,0.9895,0.9646,0.8483
gal0_star00218,star,1.7729872,0.845267,297.01133,-173.25364,1.1211783,5.3467079,10.612542,0.65506087,1.0000,0.9930,0.8166
gal0_star00219,star,0.75864083,0.863486,1268.1204,480.70308,16.375717,-2.2712926,5.64985,-0.3484978,1.0000,0.5204,0.1066
gal0_star00220,star,1.4911174,1.06874,14.037621,276.45363,14.847087,-14.105034,0.81932147,-0.0084371207,1.0000,0.7249,0.2527
gal0_star00221,star,0.79653526,0.761496,-117.40813,-542.76194,-13.625804,9.5949838,-2.1143877,-0.034746947,0.9997,0.9402,0.6663
gal0_star00222,star,1.1472437,0.844947,640.53958,319.13395,-13.723037,-3.6940245,7.9259536,-0.20675068,0.9691,0.8567,0.4448
gal0_star00223,star,1.2527542,0.52666,323.96444,-145.98287,-11.30301,4.282283,10.746622,-0.14409273,1.0000,1.0000,0.8277
gal0_star00224,star,1.92213,0.504554,247.76484,40.764315,-17.791096,-2.4904176,15.011982,-0.13865086,1.0000,0.4008,0.0394
gal0_star00225,star,0.85925356,0.480098,83.305688,173.33386,-28.203315,-14.449151,6.9655897,0.13406327,1.0000,0.7118,0.2369
gal0_star00226,star,0.75455827,0.819571,877.13528,125.68516,-9.021015,-1.0456267,7.61682,0.28775807,1.0000,0.7213,0.2565
gal0_star00227,star,0.84161094,0.771705,571.79287,-166.15227,1.1006964,3.0276227,8.814209,-0.47110129,0.9815,0.5559,0.1091
gal0_star00228,star,0.83854001,0.660943,346.96969,454.77838,-15.140151,-7.2419006,5.856837,0.074571628,1.0000,0.8790,0.4434
gal0_star00229,star,1.45104,0.516399,211.00968,316.84987,-29.348904,-9.1168788,5.866257,0.33390343,0.9828,0.7445,0.2524
gal0_star00230,star,0.5814483,1.07161,-331.21867,267.36431,-13.526216,-6.4865322,-8.6487586,0.64145015,0.9845,0.7204,0.2423
gal0_star00231,star,0.94951421,0.74024,-295.37307,-372.38826,9.4104948,8.3794309,-6.5822846,0.13278854,1.0000,0.9971,0.8229
gal0_star00232,star,1.7551118,0.420379,676.49411,119.36939,13.992906,-1.4757546,8.1393053,0.41813632,1.0000,0.7104,0.2181
gal0_star00233,star,0.76871721,0.838124,456.69315,157.44599,22.217735,-3.5944307,9.470554,-0.18010734,1.0000,0.9487,0.8253
gal0_star00234,star,0.88397257,0.76359,-659.11578,-632.38879,-16.99447,5.0166477,-5.6639154,0.39011719,0.9845,0.5766,0.1218
gal0_star00235,star,1.9087816,0.631727,-255.33892,291.48709,7.39052,-8.2762786,-7.0629975,0.25102665,1.0000,0.5624,0.0905
gal0_star00236,star,1.5238939,0.837165,182.69403,-630.70608,18.270218,8.2153416,2.4003437,0.20404095,0.9816,0.3921,0.0733
gal0_star00237,star,1.8630563,0.926666,-455.9073,884.23347,22.884815,-6.803391,-3.1667495,0.24148957,1.0000,0.8290,0.4785
gal0_star00238,star,0.9040681,0.913781,455.41299,293.65085,1.4809403,-4.6909367,8.4692425,-0.27461134,0.9964,0.5645,0.1245
gal0_star00239,star,0.64257452,0.645412,-106.22313,496.33792,12.040318,-9.6389997,-1.5675859,-0.23990555,1.0000,0.9532,0.8097
gal0_star00240,star,0.57252042,0.982677,87.861225,86.852057,-15.963237,-14.419436,15.28373,1.4001124,1.0000,0.7313,0.2431
gal0_star00241,star,0.71051162,0.67926,-334.7176,-100.03057,42.663781,3.4237467,-11.186173,-0.016495677,1.0000,0.9697,0.8138
gal0_star00242,star,0.87447773,0.535174,-821.25314,693.26181,-4.2188376,-4.5145555,-5.4162517,0.19826191,1.0000,0.7617,0.2674
gal0_star00243,star,0.54400989,0.958065,379.44087,436.89772,15.149728,-6.9129159,6.5008162,-0.23957383,1.0000,0.9268,0.8347
gal0_star00244,star,1.6129969,0.545957,242.42917,287.9818,0.26234742,-9.1597552,7.0717014,0.14887166,1.0000,0.8264,0.4698
gal0_star00245,star,1.7020631,1.03128,113.69266,130.81034,-27.898156,-13.423439,11.492352,-0.71520697,0.9818,0.9429,0.6549
gal0_star00246,star,1.1751981,1.00921,-48.891545,115.17418,-18.777547,-18.266504,-7.6469433,0.34815294,1.0000,0.5316,0.1145
gal0_star00247,star,1.4150173,0.946224,171.10063,-390.07382,18.496099,10.362071,4.3530236,-1.069265,0.9948,0.7322,0.2748
gal0_star00248,star,1.8603861,0.309418,248.10283,-197.7069,6.3323627,7.9522767,10.364403,-0.28074878,1.0000,0.5351,0.1081
gal0_star00249,star,1.5599202,0.379047,549.258,-994.66929,8.7159134,5.6464901,2.8740781,0.0033671372,1.0000,0.8940,0.6393
gal0_star00250,star,1.4537873,0.495733,-511.68019,-1777.8311,-10.413733,4.9987966,-1.6650982,-0.28526571,1.0000,0.8757,0.4618
gal0_star00251,star,1.9366838,0.621346,-55.460861,129.48098,-1.5533618,-17.035422,-8.3857947,0.025949673,1.0000,0.5853,0.1014
gal0_star00252,star,0.63296589,0.636644,194.52074,-390.98162,-14.082521,9.7297287,5.3114772,0.40356295,1.0000,0.3959,0.0598
gal0_star00253,star,1.663522,0.311275,62.408602,-198.65861,5.0691875,15.819245,4.030663,0.59351321,1.0000,0.9325,0.8214
gal0_star00254,star,1.3021269,1.10364,-773.09484,-122.37489,7.418609,1.3746562,-7.8061554,0.026826778,0.9847,0.8282,0.4447
gal0_star00255,star,1.5992211,0.465656,-344.87326,256.29798,4.0772469,-5.887071,-8.9403202,-0.096576374,0.9757,0.7251,0.2479
gal0_star00256,star,0.51220201,0.68738,768.79714,-238.34827,6.5770614,2.8895285,7.3011395,-0.31591094,1.0000,0.9090,0.6860
gal0_star00257,star,1.37096,0.381976,382.99108,-350.76854,-0.40239719,6.5457372,7.3115681,0.097971412,1.0000,0.3756,0.0532
gal0_star00258,star,1.6278429,0.396017,-737.32869,-834.30098,8.057087,4.8263583,-4.6165725,0.15177595,0.9874,0.3635,0.0224
gal0_star00259,star,1.6090763,1.03274,142.62718,-52.439,-2.3000968,5.9902027,16.590567,0.20074002,0.9523,0.7505,0.2565
gal0_star00260,star,1.0587314,0.458633,-505.01839,-407.37108,-6.5790719,5.2802051,-6.9718473,-0.14876679,0.9991,0.9749,0.7725
gal0_star00261,star,0.65896642,0.339212,582.3398,-458.81998,2.6452969,4.5038054,6.5070652,-0.1393253,1.0000,0.9472,0.6562
gal0_star00262,star,0.5610936,0.957927,384.56853,733.59215,-6.9726287,-7.3599186,3.5635239,0.073506775,0.9783,0.3870,0.0281
gal0_star00263,star,0.54788017,0.817904,308.50453,-146.52296,-2.3836048,6.3883716,10.422405,0.058292979,0.9711,0.5460,0.0842
gal0_star00264,star,1.2411299,0.898958,266.32061,111.17842,10.561909,-5.5351668,12.302491,-0.63329341,1.0000,0.9621,0.8247
gal0_star00265,star,1.7749074,0.482904,-1293.9916,806.0811,-13.097808,-2.7741182,-4.82941,0.088354043,1.0000,0.9788,0.8239
gal0_star00266,star,0.6931474,0.670048,-122.70904,133.63355,-43.31165,-12.721208,-10.986981,0.91995801,1.0000,0.9060,0.6853
gal0_star00267,star,0.52967033,0.300095,409.5174,697.42307,14.092909,-6.5764039,3.5661581,0.10634552,0.9867,0.5791,0.0978
gal0_star00268,star,1.536769,0.415015,-636.66463,559.44145,-27.706078,-4.7115629,-5.7036092,-0.086674556,0.9768,0.7157,0.2406
gal0_star00269,star,1.1964996,0.613645,263.43338,92.28516,15.934106,-3.930485,12.862533,0.63016433,1.0000,0.5757,0.1071
gal0_star00270,star,1.8396378,0.562673,-208.48157,284.47167,25.970683,-8.9736102,-6.9821736,-0.96257448,1.0000,0.3829,0.0249
gal0_star00271,star,0.76862684,0.578086,-64.763788,-573.07443,0.2083088,9.6073192,-1.5833186,0.22820115,1.0000,0.8267,0.4554
gal0_star00272,star,0.59313433,0.362183,-45.065818,-348.47372,-16.385819,11.57198,-1.5653544,-0.05039655,1.0000,0.5502,0.0841
gal0_star00273,star,1.587648,0.804162,110.2676,-207.70069,-7.6035362,12.142669,6.5877149,0.15502429,0.9769,1.0000,0.7738
gal0_star00274,star,1.3299999,0.367606,210.08926,39.522911,-7.8739685,-2.6577624,15.707572,-0.53657968,1.0000,0.6126,0.0867
gal0_star00275,star,1.2558521,0.946556,-488.51471,117.78546,-7.1715043,-2.0891321,-9.6589437,0.11719316,1.0000,0.3732,0.0447
gal0_star00276,star,0.59743102,0.332159,-289.73519,-379.92693,25.221469,7.7081263,-6.1823461,0.14507982,1.0000,0.8004,0.4528
gal0_star00277,star,1.5378264,0.70228,-513.84775,-1306.469,11.655894,5.5250703,-2.5021672,0.13591815,1.0000,0.8509,0.4651
gal0_star00278,star,0.57685454,0.914893,447.43484,199.51587,15.566582,-3.817331,8.9564973,0.46661119,1.0000,0.9172,0.6551
gal0_star00279,star,1.175171,0.508782,81.604285,443.27038,-2.2747522,-11.015821,2.5400972,-0.073215274,0.9897,0.3526,0.0286
gal0_star00280,star,1.8665958,0.633741,682.9803,1056.8417,15.740449,-5.719808,3.1894269,-0.059542007,0.9574,0.5712,0.0954
gal0_star00281,star,1.3841041,1.11199,319.64754,-623.66407,-9.3401749,7.4974995,3.728289,-0.37878577,1.0000,0.5614,0.0983
gal0_star00282,star,0.9649644,0.619223,-1011.1302,474.34663,0.12011694,-3.1105361,-5.7885584,-0.11886051,1.0000,0.8444,0.4303
gal0_star00283,star,1.8529213,1.02998,438.72704,47.440933,-5.910101,-1.8095636,10.631948,0.18233915,1.0000,0.3646,0.0361
gal0_star00284,star,1.9133171,1.00103,252.1637,213.24299,-15.722918,-7.8540388,8.8507933,0.050099296,0.9995,0.9258,0.6304
gal0_star00285,star,0.64429662,0.764628,-522.20785,-416.27667,4.8192507,5.6672435,-6.1494149,-0.39139436,0.9759,0.3903,0.0150
gal0_star00286,star,0.68736951,0.94012,-198.50529,-502.84375,-11.775445,9.5694692,-3.8360914,0.29656772,0.9939,0.3659,0.0357
gal0_star00287,star,0.69811289,0.550857,-480.8897,849.75686,23.72758,-6.2352158,-3.4060337,0.085245617,1.0000,0.8332,0.4617
gal0_star00288,star,1.8870516,1.02715,479.17878,147.01308,-4.4854619,-3.0036521,9.9288474,-0.20536683,0.9881,0.5795,0.1123
gal0_star00289,star,0.52858129,0.700457,-328.56553,477.90279,-8.528331,-7.4917949,-5.3716446,-0.094100331,0.9779,0.9795,0.7810
gal0_star00290,star,1.5019069,0.879973,12.113344,266.17099,-7.6777585,-12.708583,0.64016906,-0.35004872,0.9987,0.9170,0.6148
gal0_star00291,star,1.3778827,0.320142,757.14858,-331.44861,18.933332,3.0642771,6.9331184,0.086331351,0.9938,0.7219,0.2569
gal0_star00292,star,0.56922365,0.809963,-749.03129,741.85556,-1.6040299,-4.8437693,-4.6732362,-0.17535223,1.0000,0.9515,0.8021
gal0_star00293,star,1.3230533,0.379159,249.50653,591.90347,6.942113,-8.3611258,3.5514447,0.33960753,1.0000,0.9791,0.8092
gal0_star00294,star,1.7927481,0.331323,-166.29271,-1011.1618,-13.148052,6.5621858,-1.4793279,0.17336436,1.0000,0.6959,0.2736
gal0_star00295,star,1.552017,0.719175,30.29331,255.53302,-2.0896038,-13.762884,1.3813242,-0.046947374,1.0000,0.8752,0.4341
gal0_star00296,star,0.83661415,1.01677,786.70756,-237.87858,-9.7296313,2.3517791,7.6772621,0.21437329,0.9970,0.3778,0.0338
gal0_star00297,star,1.1647888,0.785786,-802.79724,701.4313,-11.956782,-4.4278196,-5.0101448,-0.12558072,1.0000,0.9470,0.6471
gal0_star00298,star,0.56573955,0.35935,35.627168,-191.47071,37.243146,14.824364,3.227538,-0.64097845,0.9846,1.0000,0.7850
gal0_star00299,star,0.84626454,0.960014,-757.55634,-35.385021,14.754318,0.47676034,-7.9871685,-0.31209502,1.0000,0.7250,0.1990
gal0_star00300,star,1.3014295,0.325471,99.865919,137.43056,-4.2422185,-13.345216,10.155084,-0.89883088,1.0000,0.3662,0.0490
gal0_star00301,star,1.7828849,0.712172,6.0224745,60.140198,-15.687757,-27.881187,2.4118085,-0.8950578,0.9994,0.8071,0.4128
gal0_star00302,star,1.3712926,0.541071,-13.425708,-332.36409,-12.56398,12.101753,-0.60334264,-0.3847628,0.9617,0.3912,0.0399
gal0_star00303,star,1.7658813,0.372697,-930.82068,215.07719,0.90781053,-1.6096637,-7.1999831,-0.18842201,1.0000,0.5829,0.0806
gal0_star00304,star,1.9960612,0.453151,-126.93506,522.88677,25.667263,-9.0022814,-2.1965478,0.51766592,0.9674,0.7908,0.4265
gal0_star00305,star,0.83701524,0.736936,321.53331,1259.9494,4.8802311,-6.0399353,1.4071813,0.090545491,0.9610,0.5631,0.0923
gal0_star00306,star,0.95995659,1.00304,-86.966431,135.21158,9.2489122,-14.241695,-10.438678,-0.091023283,1.0000,0.8440,0.4561
gal0_star00307,star,1.297402,0.928211,120.92923,-424.36747,-31.130833,10.498778,3.095956,0.33866801,1.0000,0.9483,0.8154
gal0_star00308,star,1.4807356,0.491863,77.411285,-227.07194,9.5549949,13.197206,4.958206,0.29275665,1.0000,0.6450,0.2465
gal0_star00309,star,0.58298637,0.791765,221.58121,279.11202,-25.335383,-9.2904994,7.0722341,0.23173962,0.9802,0.3478,0.0536
gal0_star00310,star,1.6358552,1.03739,1058.2355,-46.288464,-15.760077,0.49506701,6.6190729,0.0063922675,0.9933,0.7177,0.2267
gal0_star00311,star,0.98093205,0.597685,-355.74952,-80.88919,-8.4290037,2.0383269,-11.739067,-0.043917069,0.9816,0.8691,0.4771
gal0_star00312,star,1.0604906,1.14351,473.43227,-261.70005,14.774243,4.3757626,8.5345741,-0.10278838,0.9444,0.5683,0.1047
gal0_star00313,star,1.3385203,0.917128,-140.86846,745.00802,-7.473706,-8.4832641,-1.83626,0.23883949,0.9885,0.5637,0.1091
gal0_star00314,star,0.95016872,0.314842,182.45247,-7.1959244,-13.946191,0.87430597,16.361719,-0.022769196,1.0000,0.5383,0.0890
gal0_star00315,star,1.0880667,0.565585,743.62734,-608.14763,12.917257,4.7487623,5.4465803,-0.058677776,0.9895,0.9442,0.6236
gal0_star00316,star,1.1018496,0.815103,303.93801,-579.00176,30.621506,7.4452321,4.2627146,-0.17262005,1.0000,0.8760,0.4274
gal0_star00317,star,0.68751317,0.331824,-312.93399,905.81087,3.1739723,-6.7728581,-2.1436563,0.53048374,0.9759,0.9555,0.8002
gal0_star00318,star,1.4592458,0.921361,-357.26573,703.9672,7.084961,-7.3317144,-3.6347072,0.23868891,0.9651,0.9744,0.8212
gal0_star00319,star,1.5189728,0.718011,-706.59807,167.89068,-17.042911,-2.0455585,-7.4878501,-0.090684817,0.9960,0.8531,0.4598
gal0_star00320,star,0.8762415,1.0687,247.95791,-816.18635,12.215014,8.02348,2.3654621,0.015312029,0.9825,0.3498,0.0835
gal0_star00321,star,1.297781,0.472704,-299.47162,37.681518,-0.95469086,-1.4590489,-12.704455,-0.88371565,0.9819,0.3929,0.0121
gal0_star00322,star,0.90228525,0.32335,-120.2703,-9.9895295,-30.016249,2.2794768,-19.616621,0.46230725,0.9821,0.9305,0.6523
gal0_star00323,star,1.030733,0.335179,-36.938237,-78.42297,-28.48599,21.45596,-10.986463,-1.4893245,1.0000,0.5908,0.0781
gal0_star00324,star,0.7082623,0.435474,985.55151,-660.97341,18.203693,4.1459343,5.5728924,0.17056589,1.0000,0.8272,0.4778
gal0_star00325,star,1.5356891,1.13419,-198.03995,301.62249,-0.56974727,-10.327794,-6.9762083,0.25693566,1.0000,0.4085,0.0473
gal0_star00326,star,1.5566026,1.10277,876.43851,190.6366,-2.4647163,-1.747033,7.2661639,-0.17766575,0.9823,0.8387,0.4223
gal0_star00327,star,1.6502735,0.921709,201.28295,-409.94934,-16.68275,9.3448115,4.5215131,-0.16633195,0.9850,0.8555,0.4842
gal0_star00328,star,1.0907275,0.84551,397.0801,-62.905457,1.3855703,1.9728828,11.366054,-0.53604527,1.0000,0.7225,0.2337
gal0_star00329,star,1.2627886,0.47866,1283.1051,-1.8140323,16.661905,-0.16598931,6.0535381,0.12002425,1.0000,0.9248,0.8339
gal0_star00330,star,0.71476013,1.04994,93.692221,78.696484,-9.7777047,-12.948168,16.632684,-0.24183517,1.0000,0.7132,0.2280
gal0_star00331,star,1.5382456,0.704089,-347.08203,-200.94648,-7.9539548,6.238565,-10.323842,0.041284765,1.0000,0.3993,0.0507
gal0_star00332,star,1.1945416,0.95175,325.2878,-378.47562,-5.3901692,7.5222565,6.2786329,-0.34831495,0.9939,0.9520,0.8015
gal0_star00333,star,1.3488466,0.582234,235.7934,-205.11437,-5.7833144,7.6732966,9.6339973,-0.21113054,1.0000,0.9156,0.6649
gal0_star00334,star,0.59532904,0.325882,-774.87519,-189.84127,3.8123602,2.1046737,-7.6840401,0.0051205235,0.9767,0.5587,0.1043
gal0_star00335,star,1.9338221,1.13855,87.470038,1325.0424,14.719675,-6.13656,0.53577264,-0.088930681,1.0000,0.6793,0.2524
gal0_star00336,star,1.7479459,0.672051,-144.98871,128.44874,11.128356,-11.466398,-11.532448,0.076960954,1.0000,0.7164,0.2680
gal0_star00337,star,0.8357086,0.39782,465.22365,-290.08076,-16.44718,5.1543848,7.8596211,-0.097303033,0.9968,0.9648,0.8201
gal0_star00338,star,0.50744102,0.625967,120.22724,-216.28391,3.3030507,13.110558,7.2266721,0.94786892,0.9806,0.5499,0.1040
gal0_star00339,star,1.758443,0.582904,26.952716,477.52618,-15.324709,-10.612954,1.2683077,0.15757055,0.9671,0.9508,0.8161
gal0_star00340,star,0.9742668,0.944213,-375.34054,222.39526,4.4945378,-4.6922757,-9.3413237,0.0027779879,1.0000,0.5321,0.0578
gal0_star00341,star,1.6651203,0.430065,-175.51761,124.8837,19.366754,-8.7285063,-12.078187,0.054756593,1.0000,0.3762,0.0204
gal0_star00342,star,0.80636716,0.855072,-144.56551,-239.15588,2.0970759,11.465223,-7.2038728,0.043128817,1.0000,0.8326,0.4490
gal0_star00343,star,1.8346575,1.05907,-966.11799,-333.45661,-11.255905,2.2716054,-6.5496141,0.31243581,0.9780,0.9744,0.8315
gal0_star00344,star,0.61219711,0.93502,269.42958,-1048.0523,1.1885591,6.4591534,1.4707652,-0.17183642,0.9691,0.7354,0.2231
gal0_star00345,star,0.78721385,0.595431,-80.635683,298.14601,4.0300045,-12.190818,-4.0789547,0.072743313,0.9859,0.5162,0.1091
gal0_star00346,star,0.67665492,1.09912,-44.471907,131.01446,13.392206,-18.101913,-4.964458,-1.0560009,0.9976,0.5827,0.0803
gal0_star00347,star,0.93965664,0.303826,664.96201,270.92698,10.787572,-3.2361192,7.5492046,-0.10512386,1.0000,0.7351,0.2504
gal0_star00348,star,1.4744731,1.13809,-30.93262,-86.57738,34.246422,20.119261,-8.0378807,0.58392741,0.9942,0.7233,0.2593
gal0_star00349,star,1.6461997,0.341516,46.649371,-48.713714,0.33707538,18.883322,20.310718,-0.33594349,1.0000,0.7222,0.2488
gal0_star00350,star,1.5174813,0.97643,83.406124,151.73993,0.44152565,-14.857265,8.7726526,-0.10578978,1.0000,0.7663,0.2704
gal0_star00351,star,1.753653,0.778042,-227.5554,1132.5995,-4.2619785,-6.1430369,-1.6381231,-0.23201552,0.9638,0.8472,0.4311
gal0_star00352,star,1.120826,0.835382,-176.06252,-195.02015,-1.1077162,10.147842,-9.8915689,0.33087591,1.0000,0.9542,0.8380
gal0_star00353,star,1.491844,0.840679,215.18047,-226.13197,5.252004,8.4814428,8.5157843,-0.35843527,1.0000,0.7162,0.2816
gal0_star00354,star,0.5101244,0.640532,215.48984,0.83117288,9.0871418,0.10980172,15.18575,0.040264579,1.0000,0.9197,0.6414
gal0_star00355,star,1.9571552,0.33164,-461.98645,-544.52231,14.802398,6.4093549,-5.4233608,0.27076166,1.0000,0.9492,0.8062
gal0_star00356,star,0.66935727,1.12232,889.95755,-4.3411161,19.324467,0.30166025,7.6813745,-0.063710397,0.9734,0.9175,0.6481
gal0_star00357,star,1.4877736,0.468777,511.89023,-250.84265,-32.455086,4.2620339,7.7137416,0.37075749,1.0000,0.4020,0.0000
gal0_star00358,star,0.99816811,0.957137,-39.640597,-94.990195,-4.4726549,20.768339,-7.434038,0.49071421,0.9847,0.7369,0.2113
gal0_star00359,star,1.9151662,0.357917,841.01252,-795.16459,-3.7218862,4.181113,4.8856014,0.10811632,0.9907,0.8489,0.4512
gal0_star00360,star,0.5775475,0.834819,-265.44471,299.58749,-9.4203887,-8.8674108,-7.2794665,-0.24614504,1.0000,0.5790,0.0994
gal0_star00361,star,1.4812898,0.515487,-345.65456,-74.954201,10.881552,2.3600559,-10.592541,-0.4399088,1.0000,0.8751,0.4689
gal0_star00362,star,1.5810326,0.328217,444.8272,-314.12659,-16.74128,6.0875743,7.830931,-0.32142992,1.0000,0.6909,0.2788
gal0_star00363,star,0.77063013,0.506858,-7.476305,-163.88825,-21.104439,18.372498,-1.9687039,0.31621409,1.0000,0.5244,0.1035
gal0_star00364,star,1.1480903,0.976997,1288.2358,111.88485,21.269584,-0.49240391,6.1806879,-0.10395794,1.0000,0.7257,0.2666
gal0_star00365,star,0.88223209,0.79606,49.651428,210.61897,-23.075618,-15.15905,3.9577738,-0.477722,1.0000,0.8229,0.4600
gal0_star00366,star,1.2077497,0.700279,415.88616,-561.08584,-34.730552,7.35241,4.8539292,-0.34229557,0.9961,0.9794,0.8073
gal0_star00367,star,0.69390572,0.819375,65.263967,-407.21444,9.8917709,10.143544,1.9260786,-0.035388428,1.0000,0.3920,0.0574
gal0_star00368,star,1.7247282,1.1291,-13.400769,-157.5107,31.311108,17.597041,-0.75443696,-0.4722028,1.0000,0.6854,0.2500
gal0_star00369,star,1.7111448,0.617642,-688.88696,-598.61449,-4.589435,5.175638,-5.444052,-0.063948737,0.9913,0.7015,0.2452
gal0_star00370,star,1.2730009,0.71199,100.31836,-827.60904,-4.0930671,7.3618818,0.84775192,0.018003306,1.0000,0.9494,0.8324
gal0_star00371,star,0.64106568,1.09185,-331.46396,-78.338836,5.2701404,2.7009587,-12.016888,0.38060558,1.0000,0.3497,0.0216
gal0_star00372,star,1.7380276,0.330496,597.58462,504.55022,-3.2830703,-5.4897646,5.5973484,-0.049167529,1.0000,0.7377,0.2588
gal0_star00373,star,1.7416223,0.300497,-939.00331,211.29236,5.1374055,-1.2372565,-7.4657498,-0.42022541,0.9901,0.9019,0.6399
gal0_star00374,star,1.1040746,1.00736,79.413966,473.42284,-6.6726377,-9.4456504,1.2849407,0.059296642,0.9928,0.8400,0.4555
gal0_star00375,star,1.3546465,0.901069,-218.35631,314.85946,-17.700219,-8.617041,-6.4906746,-0.37163714,0.9653,0.9256,0.8074
gal0_star00376,star,1.977302,0.989504,-87.283153,135.67029,-7.4550245,-14.861529,-9.5077196,0.043110646,0.9968,0.8453,0.4737
gal0_star00377,star,1.3704671,0.712403,191.60483,-419.52384,-13.56361,9.5968677,4.8297032,-0.14393455,1.0000,0.9269,0.6406
gal0_star00378,star,1.094857,0.964552,239.2139,-194.85834,-27.578922,8.3635974,9.3672412,0.3762638,1.0000,0.3896,0.0188
gal0_star00379,star,1.812955,0.352017,1303.9368,-47.558447,5.4148284,0.055877659,5.9065169,-0.14192073,0.9560,0.4053,0.0316
gal0_star00380,star,1.701091,0.787648,-5.3188325,294.75868,-16.184596,-13.255767,-0.55878551,-0.21621266,1.0000,0.5878,0.0855
gal0_star00381,star,1.97381,0.880556,408.23684,-583.45414,-21.926251,7.3183274,5.1765315,0.67337559,1.0000,0.8488,0.4247
gal0_star00382,star,0.55246736,0.600536,550.53353,-197.96657,14.316412,3.0263193,8.4589034,0.63473822,1.0000,0.9402,0.6649
gal0_star00383,star,0.66770657,0.461371,461.98055,69.854634,1.7655687,-1.147504,10.79825,-0.081040747,1.0000,0.9363,0.6523
gal0_star00384,star,0.87078147,0.647015,-330.60217,470.91418,1.1634979,-7.6356847,-5.6076609,-0.1008901,1.0000,0.9572,0.8267
gal0_star00385,star,1.5343009,1.13645,-172.85247,-783.88195,14.584524,7.7501974,-1.6706781,-0.51881073,1.0000,0.9509,0.5939
gal0_star00386,star,1.7211768,0.56495,-64.991,111.5835,9.8436701,-16.985014,-9.2250873,-0.16578251,0.9655,0.7350,0.2645
gal0_star00387,star,0.74280004,1.14743,-176.41537,-130.3523,5.3975353,9.3374645,-11.4128,0.05217551,0.9891,0.7346,0.2410
gal0_star00388,star,1.2083498,0.559824,380.09512,-86.621676,23.176968,2.7145999,11.335206,0.30855675,0.9886,0.9780,0.8210
gal0_star00389,star,0.75142432,0.44895,288.07995,101.70574,17.157401,-4.6056579,11.184138,0.47122829,1.0000,0.9464,0.6583
gal0_star00390,star,1.9169968,0.425011,-685.29993,-1718.3899,-13.801987,4.9921721,-2.0815662,0.039762496,0.9782,0.3583,0.0243
gal0_star00391,star,1.6854676,0.63064,669.43808,-345.74385,8.2706283,3.860417,7.2295444,0.039012856,1.0000,0.8454,0.4367
gal0_star00392,star,1.37573,1.07547,-157.24127,-229.58918,10.928425,11.890686,-7.3957899,-0.29508361,1.0000,0.8215,0.4508
gal0_star00393,star,1.3819884,0.825934,-408.28774,-1114.6344,10.230609,6.4622658,-2.0618895,-0.31791702,0.9744,0.8306,0.4569
gal0_star00394,star,1.6781889,0.798723,214.22381,-28.8374,10.282252,1.806818,15.20711,-0.29114521,0.9778,0.9224,0.6758
gal0_star00395,star,1.7487943,0.894951,84.788803,82.371063,0.72566851,-14.217026,16.281167,-0.27468906,0.9649,0.9495,0.8107
gal0_star00396,star,1.7390705,0.657488,-78.63745,116.04059,-17.625456,-16.872305,-10.622039,-1.4502251,0.9881,0.8364,0.4646
gal0_star00397,star,0.98758454,0.45724,-78.662104,-344.9412,10.094757,11.073544,-2.8567984,-0.0052983671,1.0000,0.7398,0.2481
gal0_star00398,star,0.56693001,0.61472,558.82657,-1192.5928,6.411809,5.6278995,2.7617895,0.056328549,1.0000,0.8166,0.4490
gal0_star00399,star,0.54864187,1.1349,-56.694296,479.69953,-15.074618,-9.7875621,-1.7383227,-0.093549009,1.0000,0.3822,0.0465
gal0_star00400,star,1.0762105,0.582432,-576.59127,-115.38238,12.079427,1.4838681,-9.0923712,-0.3834279,0.9955,0.6821,0.2657
gal0_star00401,star,0.50419407,0.827056,-356.89797,-149.02734,14.890325,3.562069,-10.73466,0.2413236,1.0000,0.9178,0.6098
gal0_star00402,star,1.5009348,0.352967,-580.58142,-1245.3833,14.364272,5.3205863,-2.517661,-0.10083308,0.9859,0.7054,0.2302
gal0_star00403,star,1.463368,0.983556,-312.90133,727.58535,5.9086847,-7.6258633,-3.3953199,-0.068121338,0.9798,0.5776,0.0972
gal0_star00404,star,1.8916693,0.752258,-795.42591,-270.11298,20.26805,2.1360882,-7.520553,0.22647496,0.9551,0.9063,0.6434
gal0_star00405,star,1.942157,0.866421,-62.596893,285.99469,15.902862,-13.149168,-2.7441721,-0.54153046,1.0000,0.8505,0.4146
gal0_star00406,star,1.3607899,0.843411,-387.40074,-134.74241,-26.328068,3.5505783,-10.059662,0.48011819,0.9938,0.3909,0.0366
gal0_star00407,star,0.86727989,0.42159,-144.25102,-246.37395,29.821224,11.227645,-6.7605794,-0.59013307,0.9935,0.5574,0.1157
gal0_star00408,star,1.9651985,1.10806,-975.84943,-308.19757,-3.9270221,1.8329762,-6.9698292,0.1766066,1.0000,0.5849,0.1172
gal0_star00409,star,1.7496616,0.33055,263.08664,168.99081,-12.933914,-6.2337012,10.87421,0.96211534,0.9574,0.8458,0.4121
gal0_star00410,star,0.99629853,0.509122,84.027396,76.707849,-6.3728903,-14.811632,15.726853,0.44835219,1.0000,0.9408,0.6517
gal0_star00411,star,0.50722991,0.808653,537.32077,-522.27872,-1.8489291,5.382754,5.7655869,-0.28585996,1.0000,0.8699,0.4353
gal0_star00412,star,1.6528538,0.390781,46.533731,-402.3428,21.269262,10.647999,1.1785571,0.45737981,0.9907,0.5682,0.0682
gal0_star00413,star,1.760062,0.764435,-391.20194,-1113.3685,-3.6152784,6.1143139,-2.1064908,0.094219894,0.9960,0.8557,0.4426
gal0_star00414,star,1.938571,1.11278,-716.57799,166.0539,9.8919535,-2.0951224,-7.3185773,0.12676458,1.0000,0.9487,0.7764
gal0_star00415,star,1.794288,1.13839,-562.03378,-224.85198,-4.4768931,2.797989,-8.5507328,0.058616431,1.0000,0.9623,0.8059
gal0_star00416,star,1.5786718,0.880273,-189.72097,129.9518,-3.5953009,-8.1020087,-11.707087,0.077009887,0.9752,0.4056,0.0279
gal0_star00417,star,1.131281,0.622566,-407.8433,924.80695,24.385983,-6.210598,-2.6390788,0.19378358,1.0000,0.6884,0.2308
gal0_star00418,star,1.8836963,0.740414,82.347985,-216.22642,-32.390028,13.350209,5.2504937,-0.7865047,0.9615,0.8287,0.4512
gal0_star00419,star,0.91761633,0.831677,58.521527,-1029.2203,22.667247,7.4591716,0.51037903,-0.15987533,0.9665,0.9140,0.6558
gal0_star00420,star,1.4031588,0.517655,-514.27943,-447.90607,-0.4823634,5.3452402,-6.7967712,0.53332507,1.0000,0.3990,0.0349
gal0_star00421,star,1.9818156,0.96854,-247.64889,-443.22958,18.19692,9.0916461,-4.9094791,0.44073292,1.0000,0.6082,0.1039
gal0_star00422,star,1.0007925,0.934981,638.94674,-40.828965,-37.304702,0.65082204,8.5423242,-0.039077406,1.0000,0.8325,0.4620
gal0_star00423,star,0.59460794,0.70029,447.00931,257.93075,22.503119,-5.1193739,8.6014299,0.37188043,0.9804,0.9449,0.6642
gal0_star00424,star,1.2844538,0.829148,-181.3825,-994.3593,-16.955467,6.8418837,-1.2843823,0.24087132,1.0000,0.9007,0.6735
gal0_star00425,star,1.0686081,0.882626,-858.96717,-1638.4979,1.8048531,4.6797673,-2.4206846,0.16907013,0.9913,0.5549,0.0904
gal0_star00426,star,1.1249784,0.73744,-168.82182,-483.05547,-7.0332674,8.9754311,-3.1662716,-0.187168,1.0000,0.8151,0.4633
gal0_star00427,star,0.63080767,1.07973,347.40831,-348.42708,8.1769199,6.7676122,6.9153664,-0.18205354,0.9786,0.8552,0.4450
gal0_star00428,star,1.1767823,0.827399,91.910362,-217.44152,-13.641019,13.221004,6.2421286,0.76201936,1.0000,0.7324,0.2666
gal0_star00429,star,1.6417289,0.402444,1164.6819,784.31768,-5.6072167,-3.5164139,5.0384848,0.4382344,0.9563,0.8534,0.4097
gal0_star00430,star,0.64818514,0.835323,232.40469,-826.50931,-11.117121,7.5005231,2.6507877,0.66233011,1.0000,0.9236,0.6401
gal0_star00431,star,0.67963983,0.64689,708.33401,698.98333,9.4284294,-4.9173773,4.8588711,0.0046242749,1.0000,0.7379,0.2485
gal0_star00432,star,1.7553709,0.429905,-135.13555,-272.47164,-18.116547,10.837651,-5.5239194,-0.61337157,0.9671,1.0000,0.8169
gal0_star00433,star,0.77829402,0.705783,269.0771,545.20408,-3.2139033,-8.7722196,3.9232081,0.19805597,1.0000,0.5881,0.1257
gal0_star00434,star,1.527577,0.52184,102.13069,-1019.6018,-2.2271651,6.8168065,0.76298707,0.19805366,1.0000,0.7343,0.2698
gal0_star00435,star,1.6750564,0.426346,39.554613,9.9385977,-21.331909,-8.0391135,35.471818,-0.34181506,0.9968,0.7271,0.2112
gal0_star00436,star,0.8006518,0.568075,-280.72399,66.192359,-16.975196,-2.6839974,-12.240846,0.22285041,1.0000,0.8160,0.4063
gal0_star00437,star,1.522588,1.05298,-167.27608,-86.325976,13.403801,7.3593986,-14.943814,-0.063662543,1.0000,0.4192,0.0349
gal0_star00438,star,1.4066589,0.875409,216.66737,-187.43151,12.341146,8.840308,10.224356,-0.1870999,1.0000,0.8316,0.4461
gal0_star00439,star,1.4876476,0.89817,-132.79547,501.25093,4.1930307,-9.3611104,-2.4937871,-0.87696657,0.9620,0.8632,0.4293
gal0_star00440,star,1.0376132,0.958023,-107.51038,-775.18057,-21.887382,7.7540596,-0.73557182,-0.15444175,0.9986,0.9586,0.8357
gal0_star00441,star,1.7958382,0.408402,-336.01886,-46.677262,-10.380551,1.3229231,-10.797889,0.3840559,0.9759,0.5562,0.0609
gal0_star00442,star,1.8211025,0.642341,-67.174821,17.265223,-5.3258495,-6.133881,-26.635421,0.51857836,0.9761,0.6032,0.1327
gal0_star00443,star,1.4088555,0.326103,431.0886,16.009136,15.575452,-0.63831638,11.274794,-0.55245951,1.0000,0.6861,0.2534
gal0_star00444,star,0.80060951,0.731555,285.59195,165.12127,24.191061,-5.6575671,10.617466,0.22037762,1.0000,0.9606,0.8386
gal0_star00445,star,1.8241673,0.564824,-273.84309,280.56956,-20.242732,-7.5396812,-7.9830877,0.19903402,1.0000,0.3718,0.0840
gal0_star00446,star,1.6997227,0.9844,-297.37738,62.021296,-18.180698,-2.3390617,-14.011585,-0.56055877,0.9934,0.9366,0.8150
gal0_star00447,star,1.5399607,0.92384,177.153,-437.42587,-1.1548838,9.577283,3.9722824,0.19642832,0.9735,0.5651,0.1127
gal0_star00448,star,0.80506144,0.53175,382.55575,-32.271316,-3.9639429,1.3825606,11.837573,0.5361678,1.0000,0.3788,0.0349
gal0_star00449,star,1.5231733,0.346485,-92.110114,529.62797,11.080136,-9.7196976,-1.5854287,-0.16790489,0.9708,0.7173,0.2618
gal0_star00450,star,1.9129276,0.719735,-238.24748,308.54967,-11.03558,-9.49099,-6.9713072,-0.75713941,0.9996,0.3886,0.0304
gal0_star00451,star,1.8731051,0.690502,-339.31958,-239.51323,10.884622,6.5251114,-8.462371,0.37016666,1.0000,0.8603,0.4509
gal0_star00452,star,0.76927849,1.08922,687.56345,212.98197,-5.274232,-2.1543537,7.9491458,0.07760011,1.0000,0.8318,0.4625
gal0_star00453,star,0.82469926,0.768844,287.74884,-171.02506,4.918755,6.6171983,11.479308,-0.48909378,0.9738,0.8213,0.4811
gal0_star00454,star,1.7444777,0.734621,252.07951,48.112731,2.5549308,-2.818609,13.434235,-0.13255795,0.9986,0.3859,0.0613
gal0_star00455,star,1.1006509,0.501825,-366.66528,253.68368,4.9217969,-6.3941922,-9.1383381,-0.17302718,1.0000,0.8444,0.4686
gal0_star00456,star,1.5405593,0.493164,-162.71712,-536.33319,-26.674978,8.6052941,-2.6586092,0.25393416,0.9897,0.8447,0.4050
gal0_star00457,star,0.62465885,0.927244,-178.6652,-150.95204,0.28225902,9.1183401,-11.480204,-0.19800541,1.0000,0.5864,0.0934
gal0_star00458,star,1.0302058,0.657903,-30.972563,-139.0528,-27.021357,18.596667,-4.4399332,0.85642907,0.9974,0.9438,0.6346
gal0_star00459,star,1.5098754,0.943276,115.73204,426.55608,-36.081815,-9.7834174,2.8359461,0.61066621,0.9974,0.9250,0.6452
gal0_star00460,star,0.74323417,1.10486,421.37898,-760.88138,4.964304,6.2654425,3.6657495,-0.1578709,0.9983,0.9569,0.6565
gal0_star00461,star,1.7893024,0.744527,-22.794119,95.292372,13.82923,-21.623306,-4.9506823,-0.37111183,1.0000,0.9500,0.8751
gal0_star00462,star,0.62656765,0.646359,-195.67565,-100.93856,32.32238,6.4105939,-13.232452,0.26886121,0.9968,0.9375,0.6513
gal0_star00463,star,0.87308657,0.926752,-17.279843,-121.16054,13.97992,18.857413,-3.1835539,-0.7665475,0.9938,0.7218,0.2697
gal0_star00464,star,0.86242709,0.563474,-225.53955,501.6798,3.7679408,-8.948709,-4.196688,-0.052341457,1.0000,1.0000,0.8557
gal0_star00465,star,1.9674542,0.871892,-478.50389,144.59304,-2.1093231,-3.2085236,-9.2112305,-0.082524354,1.0000,0.8213,0.4305
gal0_star00466,star,0.82866291,0.756418,-10.446078,86.74461,14.044008,-23.043389,-2.948096,0.36067534,0.9687,0.9149,0.6463
gal0_star00467,star,0.7438124,0.676841,-173.86297,-76.064249,-34.400396,5.9749545,-14.534537,-0.94194787,0.9827,0.8287,0.4374
gal0_star00468,star,0.87632193,0.73324,-849.15906,307.44083,-0.039500769,-2.5787093,-6.9630891,0.11845478,1.0000,0.9693,0.8234
gal0_star00469,star,0.67554495,0.869774,-182.46926,-992.13335,-3.5363858,7.1357524,-1.1728898,-0.068290085,0.9838,0.5649,0.1076
gal0_star00470,star,0.75936945,0.776816,-414.69325,197.82454,-1.7682593,-4.4883443,-9.7869975,0.44669141,1.0000,0.7125,0.2788
gal0_star00471,star,0.73392796,0.900008,302.56269,-596.84426,-8.0737985,7.5958206,3.7973075,0.13828143,1.0000,0.4022,0.0333
gal0_star00472,star,1.5136382,0.951364,-57.024582,-340.97631,24.65938,11.5206,-2.0294413,0.083623112,0.9908,0.8227,0.4387
gal0_star00473,star,1.2559567,0.574869,-568.50293,1728.2645,2.708205,-5.0627521,-1.3673915,0.18760947,1.0000,0.7415,0.2544
gal0_star00474,star,0.6098281,0.981732,-124.74012,-987.84803,4.9951206,7.0625746,-0.33681686,0.087365557,1.0000,0.9500,0.8258
gal0_star00475,star,1.5740245,0.463994,-518.19024,73.328534,5.5755413,-1.7888532,-9.2836146,-0.090974163,1.0000,0.4041,0.0099
gal0_star00476,star,1.5147041,0.662652,-271.64571,105.72865,6.0411586,-4.2066797,-12.02554,0.36806461,0.9592,0.9366,0.6544
gal0_star00477,star,1.7243972,0.302852,387.34613,-365.68992,0.23887754,6.7618195,6.7416888,0.40928108,0.9815,0.5191,0.0936
gal0_star00478,star,0.63942695,0.446093,349.2735,487.95633,5.8575707,-6.9431558,5.0637219,0.15382853,0.9874,0.9247,0.6282
gal0_star00479,star,1.2612647,0.696187,195.31739,-36.351695,-7.7357952,2.9030183,16.389357,0.29167759,0.9914,0.7340,0.2862
gal0_star00480,star,0.61118227,0.338226,-565.12841,-295.24904,3.0582216,3.6508618,-8.0362646,0.37351231,0.9798,0.8567,0.4637
gal0_star00481,star,1.4373343,0.814204,-226.63308,-493.07806,-11.814626,8.9831142,-3.9529875,0.037969536,0.9915,0.9513,0.6213
gal0_star00482,star,1.4150239,0.59049,108.23184,888.33631,-32.827158,-7.3066237,0.74603599,0.37240977,0.9889,0.5268,0.0973
gal0_star00483,star,1.0977821,0.425074,-438.72323,672.54884,4.6187419,-6.4419102,-4.5651913,0.44628063,0.9830,0.8481,0.4371
gal0_star00484,star,1.1438554,1.06792,220.71817,5.8615131,-3.5618445,-0.596788,14.837273,-0.89157684,0.9610,0.7224,0.2608
gal0_star00485,star,1.7900255,0.365496,-543.19856,-273.66251,-1.2104951,4.1547929,-8.2968114,0.73395639,0.9836,0.5862,0.1091
gal0_star00486,star,0.59531578,0.711646,-251.81383,-452.90507,-6.6083287,8.3141657,-4.377893,-0.24872699,0.9527,0.7237,0.2573
gal0_star00487,star,1.8280146,1.02326,570.65798,508.71931,-30.972997,-5.5085344,5.9617901,0.43602235,1.0000,0.8312,0.4454
gal0_star00488,star,1.8746778,1.03363,-605.30849,-962.17465,7.7111249,5.6254234,-3.8630315,-0.3150777,1.0000,0.7164,0.2752
gal0_star00489,star,1.18267,0.550873,-757.23971,-266.39053,11.99562,2.7936717,-7.4024079,0.2458854,0.9586,0.9428,0.8127
gal0_star00490,star,1.7194843,1.02712,-429.10893,219.34498,-14.563118,-4.753058,-9.1121985,0.23073002,0.9940,0.5904,0.1152
gal0_star00491,star,1.308159,0.358015,-113.06123,159.07781,-19.909721,-13.185691,-9.6450935,-0.69757819,1.0000,0.8043,0.4663
gal0_star00492,star,1.6678858,0.96722,278.00599,-400.67259,-6.3306977,7.703058,6.72757,0.24020243,0.9956,0.8976,0.6286
gal0_star00493,star,1.4710009,1.03141,826.51291,-1063.8012,9.1104548,4.7574167,3.7128793,-0.14418955,0.9713,0.8328,0.4283
gal0_star00494,star,1.2990617,0.561572,1083.9127,-546.56266,0.0084878244,2.732598,6.1566262,0.27436536,0.9934,0.3843,0.0222
gal0_star00495,star,1.807785,0.77773,32.34259,254.02794,-28.526359,-14.68994,1.8371987,0.01252155,0.9841,0.6858,0.2847
gal0_star00496,star,0.85726208,0.996414,-269.41556,-415.69492,-17.42008,8.726242,-5.7208787,-0.12700251,0.9935,0.9226,0.6873
gal0_star00497,star,1.0054745,1.11555,-108.77441,-316.09414,-10.85815,10.856362,-3.5833876,-0.1728889,1.0000,0.5493,0.1152
gal0_star00498,star,1.9882444,1.06083,-27.543612,-106.25249,14.602842,20.063697,-5.0900741,-0.39578992,1.0000,0.9736,0.8444
gal0_star00499,star,1.9251542,1.06497,191.53179,-1033.5073,2.2205338,6.6161188,1.2321226,0.12604386,1.0000,0.9835,0.8176
gal0_star00500,star,1.5398675,0.533596,-462.64019,139.94631,-22.596006,-2.3403014,-9.7858703,-0.44339461,1.0000,0.9004,0.6356
gal0_star00501,star,1.8610324,0.307789,-456.65576,1106.877,0.33081855,-5.9996188,-2.6028596,-0.27507667,0.9928,0.5841,0.1151
gal0_star00502,star,0.57715036,0.448605,625.49703,-58.235441,-10.592418,0.70863796,9.3001005,-0.32962849,1.0000,0.9531,0.8143
gal0_star00503,star,0.72865997,0.393328,544.01954,-1209.4205,-1.143142,5.6588184,2.7175685,-0.091583565,1.0000,0.3693,0.0351
gal0_star00504,star,1.0450736,0.410158,1.7656845,496.21257,-11.774312,-10.05405,-0.40275729,-0.71127202,0.9734,0.3467,0.0084
gal0_star00505,star,1.5845189,0.563355,-557.99019,-325.57729,-11.807164,4.4228598,-7.568475,-0.12006858,1.0000,0.3467,0.0463
gal0_star00506,star,1.919433,1.05917,880.782,373.95678,-5.5391924,-2.9489852,7.0235007,0.32479251,0.9695,0.8384,0.4863
gal0_star00507,star,1.2620565,1.11434,-92.583493,14.167584,0.64625752,-3.4246169,-23.533525,0.48855579,0.9908,0.3968,0.0616
gal0_star00508,star,1.8399703,0.987932,-32.305602,-139.82324,24.620781,17.031872,-3.7362778,0.39507829,1.0000,0.9804,0.8016
gal0_star00509,star,1.8556818,0.777956,258.28854,42.130551,-35.264291,-2.5167327,13.215146,0.33975329,1.0000,0.3572,0.0469
gal0_star00510,star,1.4942728,0.699264,-365.36242,-1813.5629,-2.9732126,4.6285683,-1.1466273,0.25840754,1.0000,0.8295,0.4379
gal0_star00511,star,0.55420841,0.362175,-360.40984,-107.19376,-27.399527,2.2701646,-10.890386,-0.2060722,0.9765,0.9263,0.6742
gal0_star00512,star,1.560073,0.711755,-561.73667,852.04665,-4.9923123,-5.6020615,-3.4023816,-0.058977834,0.9967,0.7126,0.2392
gal0_star00513,star,1.8335042,0.350147,-412.80124,689.52959,-1.0337626,-6.8392151,-4.178023,0.10498464,0.9747,0.8088,0.4329
gal0_star00514,star,0.93671401,1.04042,-120.45933,522.82953,-1.1331711,-9.6612956,-2.6978575,-0.46035546,1.0000,0.3811,0.0112
gal0_star00515,star,1.5298456,0.965856,-458.55502,120.27925,-6.6975281,-3.0117431,-8.9748961,-0.026538456,1.0000,0.5768,0.0842
gal0_star00516,star,1.1115767,0.595212,-271.65829,-421.6085,20.716064,8.8276504,-6.2458546,0.25418549,1.0000,0.7116,0.2820
gal0_star00517,star,1.519557,0.53394,-35.117245,19.151479,5.1981848,-17.913963,-30.956607,-0.97899121,1.0000,0.8453,0.4409
gal0_star00518,star,0.67933879,0.591744,378.23646,-83.388466,2.5343591,2.3799431,11.118714,-0.38828428,0.9933,0.9747,0.8220
gal0_star00519,star,1.7803212,0.617836,-339.77259,455.9594,17.416212,-7.8302028,-5.1536485,0.13555923,0.9916,0.8360,0.4527
gal0_star00520,star,0.61220343,0.696935,-410.13629,177.34889,-5.4124491,-4.7596717,-9.8763322,-0.33415785,1.0000,0.8916,0.6271
gal0_star00521,star,1.0225809,0.551719,-1349.4817,319.1366,17.198405,-1.405344,-6.0851681,-0.21828602,1.0000,0.9131,0.6528
gal0_star00522,star,1.4277927,0.894233,642.90718,358.9038,22.179128,-4.3475024,7.050611,-0.17679572,0.9701,0.7134,0.2352
gal0_star00523,star,0.77271182,1.03806,-207.51997,710.48044,27.353179,-8.4978684,-2.9112345,0.0018251087,1.0000,0.3856,0.0030
gal0_star00524,star,0.75737459,0.631528,-562.28417,349.47361,-22.219194,-4.8814049,-7.2435027,0.53908569,1.0000,0.9645,0.8270
gal0_star00525,star,1.8354412,0.603009,-265.25691,-680.26117,25.020144,7.3603038,-3.2052903,0.21087195,0.9969,0.8145,0.4612
gal0_star00526,star,1.1923865,0.718801,-114.25887,-529.61558,-0.65007034,9.7839263,-2.2387781,-0.25877349,1.0000,0.8159,0.4246
gal0_star00527,star,1.9814955,0.695292,401.57739,747.00987,-2.2139869,-6.9417995,4.1418229,0.45097398,0.9974,0.3948,0.0464
gal0_star00528,star,1.1463574,0.511008,267.4537,-192.4474,9.4861782,6.8699735,10.227823,0.2920264,1.0000,0.7063,0.2336
gal0_star00529,star,0.69469644,0.940312,189.48463,-1074.5873,5.3982939,6.2234214,1.2980045,0.228619,1.0000,0.3920,0.0503
gal0_star00530,star,1.7612025,0.651938,-455.87778,-558.88526,-12.689949,6.4037188,-4.8096201,0.24567894,1.0000,0.3430,0.0008
gal0_star00531,star,1.8679534,1.057,-853.79567,935.65209,-21.804989,-4.4933496,-4.2728554,-0.45604661,1.0000,0.8257,0.4246
gal0_star00532,star,1.1369364,0.620666,-113.68565,-315.06664,2.2535459,11.942009,-4.1208395,-0.2417639,0.9947,0.5470,0.1014
gal0_star00533,star,1.0805818,0.687347,-787.20194,421.29117,12.274263,-3.5478676,-6.6303345,-0.34950316,1.0000,0.7111,0.2199
gal0_star00534,star,1.9546182,0.707004,66.314103,-47.569362,23.740675,13.765452,20.880499,-0.48724452,0.9853,0.3747,0.0243
gal0_star00535,star,1.8851903,0.523544,-138.48793,295.05185,-25.241747,-11.016411,-5.3254625,-0.30941201,1.0000,0.8536,0.4208
gal0_star00536,star,1.4345467,0.922111,-252.82504,-419.42645,-35.624011,9.2802959,-5.2201671,0.1210811,0.9781,0.4003,0.0202
gal0_star00537,star,1.1032693,0.340864,246.76066,-418.31197,11.331179,8.3919474,5.220826,-0.18825882,1.0000,0.8582,0.4569
gal0_star00538,star,0.63120125,1.14292,331.58903,519.80237,3.9906983,-7.8392027,4.6896277,0.20925287,0.9981,0.9859,0.8117
gal0_star00539,star,0.64365457,0.566441,-777.72493,-200.05329,-7.2974681,1.6525377,-8.0681885,0.040855029,1.0000,0.9084,0.6716
gal0_star00540,star,0.81838605,0.802489,78.417882,37.171335,-18.201809,-11.712255,21.869461,-0.14340189,0.9862,0.8505,0.4205
gal0_star00541,star,0.54645073,0.795473,-1337.6032,324.48239,15.17125,-1.5488618,-5.7734142,-0.44031106,0.9971,0.6939,0.2561
gal0_star00542,star,1.1031085,0.818646,-156.59208,-44.058662,7.0639097,4.1426699,-17.16973,0.085627088,0.9896,0.3816,0.0339
gal0_star00543,star,1.4177784,0.331562,207.64351,618.45918,14.062863,-8.0946261,3.1475223,-0.19888971,1.0000,0.6821,0.2312
gal0_star00544,star,1.8329223,0.547868,276.40158,91.065216,8.1015781,-4.7074036,12.075777,-0.52902068,1.0000,0.9752,0.8145
gal0_star00545,star,1.2504098,1.03378,-219.9643,277.7075,-14.028854,-8.6245146,-7.0986254,-0.30515728,0.9765,0.9208,0.6470
gal0_star00546,star,1.1659359,1.02614,283.70388,-603.16214,-6.2656106,7.7316062,3.8114242,-0.44379522,0.9868,0.9403,0.7884
gal0_star00547,star,0.67836745,1.07374,-15.680749,-368.13228,-2.2326714,11.791757,-0.70340694,-0.18345056,0.9930,0.3601,0.0542
gal0_star00548,star,1.0898554,0.860323,457.69508,255.55314,-21.561875,-4.9132244,8.4733951,-0.17408666,1.0000,0.8508,0.4700
gal0_star00549,star,1.7237221,0.934696,-598.54938,284.63308,30.37387,-4.0354355,-8.1131081,0.30518973,0.9696,0.6843,0.2358
gal0_star00550,star,1.8724243,0.82325,1094.149,316.05799,18.046755,-1.7682895,6.2506105,-0.30140867,0.9952,0.6871,0.2418
gal0_star00551,star,1.4755462,0.762931,264.44478,-592.32316,13.562334,7.6975391,3.3741531,0.03325723,0.9899,0.7309,0.2490
gal0_star00552,star,0.97394639,0.749413,385.5655,-348.74826,1.4224685,6.5544941,7.5527744,0.73829059,1.0000,0.5710,0.1186
gal0_star00553,star,1.7520271,0.810465,43.105025,725.45387,-7.8295089,-8.0468738,0.83403632,-0.36911908,1.0000,0.9777,0.8390
gal0_star00554,star,0.55449535,1.12766,1205.2598,-365.69163,12.64558,1.8114733,6.1081385,-0.26611904,1.0000,0.5590,0.0621
gal0_star00555,star,0.56022194,1.08015,90.641527,133.11155,5.9368226,-13.932581,10.174794,-0.53275858,1.0000,0.5568,0.0933
gal0_star00556,star,0.86939373,0.950666,-198.24357,-459.86888,0.41533164,9.4435882,-3.7688818,0.72020599,0.9922,0.9293,0.8240
gal0_star00557,star,1.8129288,0.930157,647.12087,3.8308979,8.9399134,-0.066976113,8.4781717,0.15971587,1.0000,0.3694,0.0399
gal0_star00558,star,1.251547,0.446648,-589.65556,1753.5126,22.664387,-4.8227726,-1.5672958,-0.12920258,1.0000,0.5175,0.0938
gal0_star00559,star,1.1511906,1.11678,-476.42661,445.91098,15.068209,-5.9811523,-6.4919315,-0.077881715,1.0000,0.8540,0.4696
gal0_star00560,star,0.60284632,0.647432,768.10726,971.58635,16.506943,-5.1801208,3.7975702,0.14943849,1.0000,0.8367,0.4439
gal0_star00561,star,1.4669238,0.998649,26.679385,-586.50748,19.431579,9.3445913,0.27389175,-0.044484945,0.9533,0.8309,0.4320
gal0_star00562,star,1.9461112,0.777752,632.11161,14.091012,9.4325254,-1.1833897,8.5689595,-0.10482637,0.9681,0.9267,0.6416
gal0_star00563,star,0.75742811,0.739746,95.599778,-216.70033,37.890973,13.061176,6.2559852,0.53590813,0.9531,0.7209,0.2496
gal0_star00564,star,1.1462703,0.551067,260.56989,166.80498,-33.784734,-7.1110727,10.756726,0.26173563,1.0000,0.3489,0.0261
gal0_star00565,star,1.4528174,0.68944,-22.953495,277.80823,7.3800002,-13.057131,-1.1841157,-0.43818056,1.0000,0.5424,0.1126
gal0_star00566,star,1.705121,0.86056,885.47494,252.47951,-3.9808121,-2.3529037,6.9791545,-0.0504285,0.9871,0.8300,0.4755
gal0_star00567,star,1.8754862,0.803146,287.87771,810.97268,-10.399511,-7.6004375,2.5009305,0.41410282,0.9916,0.7384,0.2630
gal0_star00568,star,1.9883066,0.896822,395.05495,-99.120411,21.552492,2.9190306,10.809641,-0.13822246,0.9996,0.8263,0.4319
gal0_star00569,star,1.7955253,0.613657,-547.38564,365.0205,-16.069345,-5.1888667,-6.8700457,-0.34829118,0.9797,0.5757,0.0866
gal0_star00570,star,1.5739333,0.876056,-266.92136,288.82113,6.8686978,-7.7324384,-7.1561346,0.02749606,0.9891,0.3989,0.0848
gal0_star00571,star,1.7566307,0.984826,-375.74457,-35.609465,6.2668931,1.3660378,-11.352263,0.18467348,1.0000,0.7313,0.2402
gal0_star00572,star,1.8567105,0.719159,655.71081,110.9942,9.9506082,-1.330082,8.3719143,-0.31657506,1.0000,0.8970,0.6851
gal0_star00573,star,1.8385618,0.410482,590.30243,-1191.1756,-4.2423299,5.388076,2.6216463,0.040062336,0.9939,0.3531,0.0090
gal0_star00574,star,0.62626885,0.978321,-9.4697729,512.73048,-3.3592525,-9.7084323,0.10846175,0.15044298,0.9665,0.9156,0.6629
gal0_star00575,star,1.1041023,0.852849,71.096919,233.95561,22.959157,-13.613221,3.5662412,-0.48556644,0.9931,0.7244,0.2818
gal0_star00576,star,0.92694992,0.426237,419.92499,-574.55055,15.653179,7.2374677,4.7395657,-0.18801615,1.0000,0.9379,0.6536
gal0_star00577,star,1.3836492,0.907829,621.80878,-137.26852,4.8526232,2.6650555,8.4470719,-0.72951766,1.0000,0.9880,0.8524
gal0_star00578,star,1.8333411,0.863201,-443.74843,654.92084,-20.415676,-6.1097784,-5.4075485,0.024587702,0.9463,0.6937,0.2634
gal0_star00579,star,1.8158698,0.915315,199.04505,317.80891,25.488116,-9.7896419,6.2577994,-0.21075852,0.9845,0.9362,0.6299
gal0_star00580,star,1.369448,0.951804,49.006977,17.031695,29.783202,-11.349631,30.342588,-0.37320059,0.9945,0.8231,0.4588
gal0_star00581,star,1.315225,1.13301,-60.565851,-557.77971,10.266934,8.770615,-1.2332141,0.17941561,0.9768,0.9804,0.8136
gal0_star00582,star,0.90759113,0.788665,-123.88742,-6.2713306,7.2494779,0.17710458,-21.381754,0.11215957,1.0000,0.8248,0.4634
gal0_star00583,star,1.7944476,1.10047,-581.4518,599.34452,-4.4246435,-5.5769576,-5.4922157,0.38998132,0.9869,0.9656,0.8307
gal0_star00584,star,1.7605792,0.859773,253.78045,49.193022,-33.289843,-2.8674223,13.445159,0.19195517,1.0000,0.5915,0.0914
gal0_star00585,star,1.0598719,0.546516,-537.00599,-351.18835,-9.7863206,5.5656629,-7.4917299,-0.010577287,1.0000,0.9798,0.8229
gal0_star00586,star,0.65490073,1.10458,98.837369,-601.88149,-23.354965,9.2372391,1.6197754,0.69619073,1.0000,0.4154,0.0287
gal0_star00587,star,1.1984236,1.08344,-78.62825,-328.68713,-8.4970997,11.254441,-2.5777356,-0.61406335,1.0000,0.3774,0.0160
gal0_star00588,star,1.0332017,0.809018,32.427686,-184.78029,-3.4058255,16.031604,2.665454,1.2071645,0.9916,0.8578,0.4381
gal0_star00589,star,1.8746483,0.394331,38.692975,-39.568001,7.5590212,22.85635,19.784986,0.031959474,1.0000,0.8303,0.4786
gal0_star00590,star,0.90957113,0.755833,97.169709,125.52515,-6.1011711,-13.213803,10.910936,-0.65093169,0.9951,0.7372,0.2350
gal0_star00591,star,1.2649769,1.02586,286.40437,-604.00414,7.7026834,8.4284343,3.9469023,0.44708553,1.0000,0.4216,0.0301
gal0_star00592,star,0.73382041,0.338159,-283.57017,-1392.4989,-1.2435049,5.7517424,-1.1923534,-0.10689929,1.0000,0.8411,0.4522
gal0_star00593,star,0.55722437,0.323056,329.36347,520.89039,-0.29826157,-8.0560958,4.5995704,-0.47450019,0.9954,0.3863,0.0346
gal0_star00594,star,1.4947134,0.855356,-588.88158,314.75027,-2.0237536,-3.5873084,-7.6249439,0.20159496,0.9849,0.4997,0.0803
gal0_star00595,star,0.76703009,0.728844,1027.4273,-169.25648,18.227329,0.96633624,7.0515071,-0.3585579,1.0000,0.5968,0.1304
gal0_star00596,star,1.9853016,0.910633,347.30987,-572.9911,-7.7645985,7.5197658,4.0142599,0.065526353,1.0000,0.5760,0.0675
gal0_star00597,star,0.68043729,0.314487,257.91439,808.51669,6.9939334,-7.6145397,2.7748006,-0.04706755,0.9773,0.8105,0.4658
gal0_star00598,star,1.3864879,0.34321,367.23792,-126.63858,8.5308064,3.6203859,10.70919,0.25140525,1.0000,0.9376,0.8007
gal0_star00599,star,0.7329911,0.548903,274.43305,233.13324,-17.250898,-7.4814432,8.7757793,-0.74292776,1.0000,0.6612,0.2322
gal0_star00600,star,1.071853,0.62728,-1223.1452,897.61744,5.0677601,-3.6657203,-4.3123362,0.027443781,1.0000,0.9191,0.6780
gal0_star00601,star,1.9113041,0.972819,453.58916,-554.8382,17.707438,6.8623707,4.9104657,0.054422153,0.9725,0.5865,0.1227
gal0_star00602,star,1.9665058,0.309961,-141.75617,-258.50503,-3.1043457,11.801734,-6.0937084,-0.00036170311,0.9973,0.8026,0.4962
gal0_star00603,star,1.7670623,0.562869,29.007803,-199.94071,-1.3161924,15.927868,3.5779023,-0.47050681,0.9782,0.5639,0.1119
gal0_star00604,star,1.6646014,0.549742,-487.95627,-797.97396,-5.5840797,6.5146617,-3.4274698,-0.30199673,1.0000,0.9578,0.8240
gal0_star00605,star,1.4688758,0.30393,863.09945,-505.89438,0.50270637,3.3684066,6.2125916,-0.26699033,0.9735,0.9273,0.6887
gal0_star00606,star,1.1656039,0.855105,873.37228,5.6422157,0.23475052,-0.30938367,7.35565,0.14476334,0.9834,0.3755,0.0112
gal0_star00607,star,1.3304774,0.885899,-85.366985,11.890756,7.4965112,-3.3321142,-23.179871,1.2798516,1.0000,0.8236,0.4442
gal0_star00608,star,1.5601218,0.395219,313.39178,-171.39503,-16.279056,5.4477655,10.001449,-0.30794931,0.9837,0.9409,0.6706
gal0_star00609,star,1.5109558,0.82285,-332.72569,472.08135,14.216266,-7.3238108,-5.0671985,0.16413947,0.9985,0.9428,0.8496
gal0_star00610,star,1.9842453,0.405367,-471.36225,-549.50263,1.716531,6.2567658,-5.5555957,0.089953352,1.0000,0.8411,0.4844
gal0_star00611,star,1.6070946,0.305826,-356.29014,-162.58727,12.406906,4.2586612,-9.9490719,0.24736098,1.0000,0.5682,0.0929
gal0_star00612,star,0.53033842,1.02258,-2.2140818,-373.45187,2.2846969,11.844418,-0.024070107,0.54029422,0.9936,0.7196,0.2546
gal0_star00613,star,1.2044715,0.755035,268.69411,578.36686,-21.344528,-8.621597,3.955743,-0.72568139,1.0000,0.8385,0.4238
gal0_star00614,star,1.4386214,0.739177,252.45516,212.95651,-18.236097,-8.3346906,10.27244,-0.51120189,1.0000,0.3993,0.0420
gal0_star00615,star,1.2424585,0.570857,-513.99108,-265.39583,53.278543,4.4677045,-8.3893013,0.0086426567,1.0000,0.3492,0.0379
gal0_star00616,star,1.6838757,0.755228,-356.93226,-80.612361,-23.685098,2.383451,-11.327263,-0.82892224,1.0000,0.4172,0.0536
gal0_star00617,star,1.6900894,0.362441,304.20561,-380.71096,1.0591274,9.0249207,6.6626751,-0.18681158,1.0000,0.7273,0.2465
gal0_star00618,star,1.2289261,0.595257,123.58077,653.89981,2.6616386,-8.1018753,1.8981465,-0.070129445,1.0000,0.9763,0.6474
gal0_star00619,star,0.59283767,0.844595,21.800833,-33.5369,-3.0947849,28.124636,20.960353,0.12471497,1.0000,0.9065,0.6615
gal0_star00620,star,0.71971642,1.12554,-577.0807,-117.5139,1.5524114,2.2972937,-9.1902446,0.34939623,1.0000,0.3850,0.0186
gal0_star00621,star,1.702539,0.526594,-346.00598,-16.983685,-27.30657,1.1257844,-12.344647,-0.54972192,0.9780,0.3857,0.0202
gal0_star00622,star,1.9400629,0.524461,654.93267,350.89541,-1.7975922,-3.6268467,7.5865617,-0.68551699,1.0000,0.8350,0.4430
gal0_star00623,star,0.50266622,1.06915,192.00318,-227.84651,-1.0875602,9.8790483,8.7597563,0.35590774,1.0000,0.6852,0.2304
gal0_star00624,star,1.5424089,0.846536,-315.37582,-908.49597,18.527279,7.1185796,-2.52608,-0.091022611,1.0000,0.9211,0.6505
gal0_star00625,star,1.0038444,0.975037,-553.62715,-234.66866,-22.472,3.6099787,-8.1693968,0.33424527,0.9926,0.5762,0.0724
gal0_star00626,star,0.68211755,0.814845,109.97835,-624.27304,11.516986,8.338324,1.9745768,0.19757822,0.9958,0.5346,0.0999
gal0_star00627,star,0.85208897,0.494773,609.56916,516.77135,-11.497457,-4.4146557,6.1542605,-0.074970209,1.0000,0.7390,0.2548
gal0_star00628,star,1.5167376,0.509056,214.69622,-207.74623,-1.0705243,8.6970808,9.18285,-0.17731155,1.0000,0.9438,0.7923
gal0_star00629,star,1.2426705,0.912959,185.58573,365.42621,31.335175,-10.122136,4.6189299,0.14687939,0.9682,0.9023,0.6576
gal0_star00630,star,1.3296454,0.688088,96.556459,136.64593,28.001014,-14.063319,9.9165154,0.069457862,0.9807,0.7214,0.2494
gal0_star00631,star,1.7583372,0.487572,68.492882,1137.1246,1.4281574,-6.9527715,0.76693953,-0.13495119,1.0000,0.3850,0.0420
gal0_star00632,star,1.5980796,1.07868,608.41851,462.32273,16.915222,-5.1053732,6.4726257,-0.6116888,1.0000,0.9268,0.6312
gal0_star00633,star,0.61548123,0.397856,348.32284,514.28847,2.3487075,-7.9459511,5.4692923,-0.078210672,0.9579,0.8260,0.4622
gal0_star00634,star,1.4851867,0.944432,216.11388,-14.291466,-7.3362023,0.4488181,16.091403,-1.0898487,1.0000,0.9111,0.6457
gal0_star00635,star,0.56874815,0.471965,-204.98684,300.5731,-1.2881511,-10.08725,-6.7739979,0.21877951,1.0000,0.9772,0.8344
gal0_star00636,star,1.804226,0.786076,757.0587,-320.24384,5.3166803,2.7871865,6.9438742,-0.088933051,0.9926,0.5509,0.0753
gal0_star00637,star,1.3055749,0.946531,-313.47919,-1363.4726,-12.415001,5.9183455,-0.87903174,0.040777092,1.0000,0.8089,0.4455
gal0_star00638,star,1.4927649,1.05016,-893.05444,229.73372,3.6851593,-1.553114,-7.2211212,-0.10257336,1.0000,0.7324,0.2544
gal0_star00639,star,0.74445409,0.733585,122.64874,415.98706,-19.283319,-10.094195,2.9435268,-0.12689904,0.9930,0.3888,0.0235
gal0_star00640,star,1.6678656,0.972537,-446.68728,-527.24906,0.37704836,5.8837172,-5.3289443,-0.52555091,0.9951,0.8984,0.6341
gal0_star00641,star,1.5697996,0.537914,-1.2122822,59.719009,-8.1616512,-31.168684,-1.0318083,-1.2355011,1.0000,0.9666,0.8118
gal0_star00642,star,1.9999554,0.692029,-650.8392,-1213.4838,14.588729,5.3404144,-2.9236158,0.27384362,1.0000,0.6027,0.1212
gal0_star00643,star,1.1092479,0.649737,396.20875,413.50786,-13.633965,-6.6608409,6.8773672,0.34990161,0.9858,0.9040,0.6338
gal0_star00644,star,1.2733967,0.741433,53.143885,464.67394,-6.3110739,-9.8120252,0.95635289,-0.33069972,1.0000,0.4236,0.0082
gal0_star00645,star,0.96659892,0.627237,-375.03359,223.37317,32.782941,-5.0940812,-9.3166215,-0.057758481,0.9998,0.9176,0.6636
gal0_star00646,star,1.8583523,0.991815,762.30004,590.47524,3.5007083,-4.6583507,5.5777222,-0.080515418,1.0000,0.9001,0.6650
gal0_star00647,star,1.2206717,0.477975,622.50943,314.45222,35.69632,-3.6453852,7.5115019,0.24073874,0.9893,0.9090,0.6718
gal0_star00648,star,1.7377395,0.598085,239.94438,583.86992,12.814846,-7.7331983,2.9528581,0.16949975,1.0000,0.9685,0.7940
gal0_star00649,star,0.7515095,0.959283,180.51246,403.87055,12.599231,-10.099906,5.1229705,1.0439183,0.9536,0.8559,0.4760
gal0_star00650,star,1.3616832,0.805205,-208.77836,-750.66717,2.0344859,7.570978,-2.1243707,-0.35458256,1.0000,0.8557,0.4502
gal0_star00651,star,1.482241,0.332471,-42.920437,110.9122,23.155838,-19.166281,-8.1323399,0.056214818,0.9929,0.3741,0.0205
gal0_star00652,star,1.863762,1.02666,212.83428,851.2163,-8.0624315,-7.4883516,2.0604758,0.2178328,1.0000,0.9353,0.6529
gal0_star00653,star,1.2895675,1.06358,-966.69637,77.18134,-0.59697935,-0.51788605,-7.4647398,-0.39372514,0.9990,0.3882,0.0300
gal0_star00654,star,0.5083407,1.11769,-1848.7148,68.945102,4.5035529,-0.17236032,-5.2487787,-0.12233408,0.9920,0.8461,0.4613
gal0_star00655,star,1.9008289,0.343292,-449.74385,176.68523,10.121963,-3.6680386,-9.7446017,-0.74692194,1.0000,0.5285,0.0866
gal0_star00656,star,1.0705298,0.777646,888.83746,189.2391,-5.1821107,-1.7538682,7.1486894,-0.11111214,1.0000,0.8379,0.4388
gal0_star00657,star,0.74218808,0.783559,199.89013,857.96612,6.3632121,-7.9655631,1.5346685,-0.37555949,1.0000,0.5662,0.0895
gal0_star00658,star,0.95672168,1.00175,386.83785,-33.912311,12.351048,1.2063614,11.197732,-0.7857861,0.9956,0.5584,0.1025
gal0_star00659,star,1.7791592,0.896122,245.6935,152.80676,-5.6582531,-6.8872301,10.660653,-0.54580666,1.0000,0.3893,0.0076
gal0_star00660,star,0.85160942,0.646627,92.635497,133.68055,20.575863,-14.087109,9.555959,-1.2333781,0.9829,0.9682,0.8246
gal0_star00661,star,0.7885856,0.421179,-309.72615,36.261259,8.4518156,-1.8029608,-12.77145,-0.28838524,1.0000,0.9401,0.7052
gal0_star00662,star,1.530359,0.473223,-414.56202,907.45155,12.983256,-6.0340461,-2.8560969,0.01055368,0.9864,0.7490,0.2646
gal0_star00663,star,0.81572204,0.758535,314.3947,-153.5251,-10.868266,5.8103458,11.066054,-0.56743656,1.0000,0.8447,0.4591
gal0_star00664,star,1.3863023,0.593009,242.74616,240.76129,-17.994942,-8.2280011,7.8552244,-0.64509886,0.9967,0.8503,0.4575
gal0_star00665,star,0.85741007,0.552235,-440.2819,205.06823,14.646984,-4.3901149,-9.8032654,-0.091400363,0.9894,0.8303,0.4551
gal0_star00666,star,1.5323867,1.09567,164.72476,-625.85178,2.7935775,8.2872355,2.4634513,0.0058315588,1.0000,0.8327,0.4724
gal0_star00667,star,1.208708,0.712229,583.05838,-177.1617,-2.5055248,2.8657014,8.6080888,-0.12933746,0.9709,0.5827,0.0594
gal0_star00668,star,0.50928113,1.0186,348.62291,498.98154,10.387577,-7.8410108,5.0757121,0.3026035,0.9918,0.5262,0.0963
gal0_star00669,star,1.4659201,0.465371,236.03719,225.44971,-12.287559,-9.0165109,9.0293957,-0.33115251,1.0000,0.8501,0.4457
gal0_star00670,star,1.4429676,0.455926,-2.4828352,270.37277,0.63752926,-13.62547,-0.25674268,-0.28798229,1.0000,0.3848,0.0000
gal0_star00671,star,1.0072851,0.579596,-273.72049,-383.42248,20.168636,7.7882146,-5.6979304,0.4249902,1.0000,0.4082,0.0451
gal0_star00672,star,1.497151,1.08313,363.80541,-341.069,0.83415859,6.8364811,7.2097225,-0.22312273,1.0000,0.9101,0.6599
gal0_star00673,star,0.77255043,0.473016,247.51633,-177.57297,16.397724,7.3225217,11.336792,0.73891367,1.0000,0.7407,0.2843
gal0_star00674,star,1.3992845,0.929377,-539.57153,347.78671,-24.73372,-4.9586756,-7.2836075,0.18118196,1.0000,0.3846,0.0434
gal0_star00675,star,1.0158165,0.343006,-481.83295,-479.68965,-10.997065,5.9886337,-5.9771092,-0.63342046,0.9992,0.5128,0.1080
gal0_star00676,star,1.2217287,0.607235,-335.60108,-250.90933,12.517823,6.075929,-9.1042637,-0.31788095,0.9938,0.4020,0.0283
gal0_star00677,star,1.8838662,0.95469,88.589608,-430.95791,8.074647,10.161123,2.2286967,0.41352664,0.9680,0.8549,0.4385
gal0_star00678,star,1.1722484,0.624434,-967.96645,69.331265,2.1659462,-0.21200099,-7.2692491,-0.12595115,0.9929,0.7139,0.2688
gal0_star00679,star,1.6851681,0.925704,-676.08924,-576.14693,12.268812,4.9957556,-6.3703058,0.058070802,0.9926,0.6124,0.0640
gal0_star00680,star,0.52864517,0.605991,-457.46707,143.05652,14.756164,-2.6379166,-9.4757671,0.11431542,0.9945,0.7167,0.2236
gal0_star00681,star,0.95861632,0.392151,874.54426,142.46796,4.8331661,-1.5268054,7.1589403,-0.17194087,0.9856,0.9340,0.6806
gal0_star00682,star,1.0115669,0.401765,-39.757908,-367.45157,9.611203,11.765727,-1.1448648,0.038297165,0.9995,0.9471,0.8247
gal0_star00683,star,0.62432453,0.541897,-9.0634437,-159.21929,-42.890637,17.129287,-0.84277454,0.95916161,1.0000,0.5395,0.0718
gal0_star00684,star,1.6086304,0.617506,252.10705,88.347279,-19.889073,-4.3215598,12.76403,-0.4936751,1.0000,0.9963,0.8202
gal0_star00685,star,0.56280804,0.342461,-390.36536,246.52466,-2.0682583,-5.6573214,-9.0394208,-0.35587862,0.9829,0.8579,0.4588
gal0_star00686,star,1.529991,0.632206,-325.38559,49.458723,25.677356,-1.8338554,-12.623336,0.3828661,1.0000,0.7320,0.2424
gal0_star00687,star,1.5915542,0.446751,187.13057,-408.48895,9.5606734,9.2415285,4.4763051,-0.074594275,1.0000,0.6801,0.2720
gal0_star00688,star,0.90828525,0.603993,-560.83941,1762.9405,-4.4851373,-5.2315358,-1.6611707,-0.3354466,1.0000,0.9069,0.6116
gal0_star00689,star,0.83520652,1.1465,217.37541,315.8041,10.092779,-8.7733167,6.8014482,0.14391846,1.0000,0.3445,0.0514
gal0_star00690,star,0.57036892,0.978491,739.51677,-619.79068,4.3322209,4.5432711,5.907379,0.32670704,1.0000,0.9784,0.8031
gal0_star00691,star,1.9328885,0.644212,-319.8574,10.127993,-9.880473,-0.87039988,-12.481722,0.63149393,0.9913,0.7289,0.2366
gal0_star00692,star,0.83775818,0.751476,123.82316,-401.16086,-13.410793,10.600196,3.433748,0.18001779,1.0000,0.8265,0.4669
gal0_star00693,star,1.0183088,0.730631,198.49422,618.81038,6.6382163,-8.5932786,2.5039777,0.11528096,1.0000,0.8540,0.4584
gal0_star00694,star,1.6717808,1.09197,1243.917,-194.60371,4.6615581,1.0309365,5.8575672,0.017472755,0.9889,0.9209,0.6199
gal0_star00695,star,1.2652635,0.855899,1082.3167,-97.984483,5.2108683,0.97567663,6.9378328,0.25668911,1.0000,0.5905,0.0724
gal0_star00696,star,1.0268119,0.377961,384.0088,-549.74938,10.165958,7.1115709,5.2898394,-0.12512978,0.9889,0.3795,0.0664
gal0_star00697,star,1.8624726,0.753283,-169.35935,-101.53069,-20.602842,7.9992902,-13.339448,-0.30346291,1.0000,0.6812,0.2129
gal0_star00698,star,1.2727719,0.793919,-6.0006111,-164.70972,5.983104,17.303106,-1.1368769,0.44407434,0.9933,0.5609,0.1506
gal0_star00699,star,1.5425288,0.763355,-692.78083,142.50494,11.941223,-1.3768815,-8.7021236,-0.15095409,0.9506,0.7442,0.2658
gal0_star00700,star,1.1567274,0.421794,11.459288,256.58228,-11.870025,-13.095937,1.0146285,-0.42407684,0.9878,0.9228,0.6337
gal0_star00701,star,1.207841,0.515383,739.22427,-321.71882,12.66901,3.0845911,7.5363104,-0.25284938,1.0000,0.9312,0.8456
gal0_star00702,star,1.4825323,0.795204,1720.8466,363.46399,-12.92267,-1.1040552,5.2891969,0.12418197,1.0000,0.9248,0.8175
gal0_star00703,star,0.76084926,1.03545,165.25731,611.00131,-21.337592,-8.6506504,2.1879786,-0.0093481443,1.0000,0.7398,0.2809
gal0_star00704,star,1.2261743,0.391214,128.26419,-75.063381,35.189767,9.4902279,15.980978,0.28931414,0.9930,0.5458,0.0943
gal0_star00705,star,0.64803528,1.05844,-221.26341,301.22973,7.4568522,-9.4361516,-6.5487376,-0.38315073,1.0000,0.9008,0.6300
gal0_star00706,star,0.74911448,0.914268,226.94709,-594.71078,-13.14736,8.4955931,2.9086658,0.26151374,1.0000,0.3886,0.0377
gal0_star00707,star,1.5835634,0.52894,345.68188,-404.52732,-1.6848419,7.3373008,6.2068108,-0.34848084,0.9658,0.8224,0.4426
gal0_star00708,star,0.56553014,0.571735,-856.08548,-686.62238,7.8313992,4.3832067,-5.2547108,0.18261019,0.9995,0.9533,0.8136
gal0_star00709,star,1.9291145,0.556939,-666.56657,-549.67547,-0.67295106,5.0870965,-6.0439527,0.3153919,0.9806,0.4000,0.0405
gal0_star00710,star,0.80468243,0.637843,-62.577144,292.95245,-15.541546,-12.451048,-2.0787375,0.085646683,1.0000,0.3981,0.0518
gal0_star00711,star,0.94765681,0.535829,-293.91613,65.60006,-26.442941,-2.8621598,-12.37945,-0.12927343,1.0000,0.8196,0.4479
gal0_star00712,star,1.0275773,0.419511,-178.03365,-190.78863,26.253106,10.179311,-9.7948041,-0.25288578,1.0000,0.3899,0.0496
gal0_star00713,star,1.6069325,0.798067,-35.980768,-135.6035,31.805027,18.103351,-4.0125738,0.44288473,1.0000,0.8260,0.4594
gal0_star00714,star,1.7933609,1.06547,11.454247,494.74007,-23.996573,-10.518382,0.70314406,-0.38136315,1.0000,0.7504,0.2792
gal0_star00715,star,1.7736116,0.529013,105.93961,126.82801,12.722985,-13.058433,11.893528,-0.72086331,1.0000,0.9396,0.8614
gal0_star00716,star,1.327397,0.476355,-229.23785,-421.57074,-18.309238,9.2522232,-5.0441971,-0.50343401,1.0000,0.5299,0.1108
gal0_star00717,star,1.6111542,0.891874,44.235214,-420.29316,-31.824716,10.187416,1.534608,0.091673195,0.9649,0.7422,0.2585
gal0_star00718,star,1.8487041,0.936432,-163.93135,701.04938,-13.102508,-7.7290838,-1.762449,-0.15801422,1.0000,0.5741,0.1271
gal0_star00719,star,1.0286391,0.339246,-316.06719,-920.33687,-11.19153,6.8106139,-2.618688,0.04651203,1.0000,0.6934,0.2337
gal0_star00720,star,0.65054881,0.505499,-597.45188,-174.4463,-4.68391,2.4238482,-8.6908028,-0.10488141,0.9916,0.3361,0.0211
gal0_star00721,star,1.2195936,0.856779,686.79773,729.17538,8.8074829,-5.1298171,5.0476318,-0.15362472,0.9995,0.3879,0.0221
gal0_star00722,star,0.56494504,0.513461,480.9956,-273.03385,2.1428523,4.6277789,8.0461279,-0.057496039,0.9762,0.8717,0.4367
gal0_star00723,star,0.8705588,0.624145,1042.048,-886.94866,8.7294974,3.6850038,4.6678148,0.099028839,0.9994,0.9420,0.8301
gal0_star00724,star,1.0948291,0.726465,104.01878,420.60648,24.352667,-10.736626,2.4112456,-0.14963257,0.9972,0.5492,0.0797
gal0_star00725,star,0.88136467,0.313685,-50.967082,287.18238,-13.665558,-12.04837,-3.1911323,-0.20395701,0.9976,0.9836,0.7949
gal0_star00726,star,1.1284371,0.759497,319.45163,1049.2113,-1.8313417,-6.2651518,2.0782905,0.30722274,0.9805,0.9838,0.8283
gal0_star00727,star,1.2397857,1.09254,83.647051,-389.35439,4.8309122,11.47166,2.3196166,0.32898886,1.0000,0.9902,0.8245
gal0_star00728,star,1.2190893,0.512885,87.997519,-1255.3186,-0.73091648,6.4027515,0.5087239,-0.27562916,0.9765,0.3904,0.0607
gal0_star00729,star,1.0345651,0.393651,219.81421,-10.500708,1.8088049,1.4038373,15.606869,-0.26166018,0.9572,0.9689,0.8034
gal0_star00730,star,0.81073097,0.975829,91.106635,64.46633,13.996359,-12.018524,16.698966,-1.0338654,0.9859,0.9923,0.8090
gal0_star00731,star,1.8403526,0.673372,-235.5706,-446.80402,-12.895665,8.4911567,-4.4776737,-0.2678826,1.0000,0.3895,0.0404
gal0_star00732,star,1.099294,1.04717,-166.20294,-61.101483,-18.132847,5.8634108,-15.066006,-1.4628961,1.0000,0.9497,0.6399
gal0_star00733,star,0.74564114,0.738159,51.771682,665.95212,-3.0943856,-8.5015857,0.53537038,0.015382494,0.9827,0.7564,0.2451
gal0_star00734,star,1.1303663,0.955276,869.04507,1158.7082,-5.5128038,-4.4749821,3.6869801,0.35995553,1.0000,0.3655,0.0151
gal0_star00735,star,0.85331455,0.603068,-16.844893,-804.75854,-11.290405,7.9063314,0.099669485,0.0033752262,1.0000,0.8397,0.4864
gal0_star00736,star,1.9924737,0.824734,42.254163,-600.77125,-23.163335,8.9544983,0.37853338,-0.65920475,1.0000,0.7445,0.2404
gal0_star00737,star,0.79459349,0.551199,-142.01456,-231.97928,4.5686414,11.501525,-6.7442,-0.12308975,0.9951,0.5916,0.1102
gal0_star00738,star,1.3627362,0.528295,-27.793837,-43.593789,26.143256,27.41845,-17.670329,-0.74493905,0.9643,0.9271,0.6525
gal0_star00739,star,1.1763505,0.938097,254.76766,166.30343,-50.956647,-6.6850763,10.582211,-0.072660533,0.9770,0.7218,0.2405
gal0_star00740,star,1.3379014,1.03002,-28.707973,-772.66324,-11.299099,7.8358981,-0.1420292,-0.22257411,1.0000,0.7103,0.2496
gal0_star00741,star,0.88050474,0.887599,-239.46667,91.508808,7.3133163,-5.2569495,-12.942344,0.052886437,1.0000,0.9049,0.6602
gal0_star00742,star,0.65154545,0.615227,-145.4137,-227.55552,-16.178054,11.474235,-7.3551391,0.066911604,1.0000,0.7189,0.2660
gal0_star00743,star,1.4456226,1.13476,48.081397,-198.17263,-1.3706591,14.521674,3.6833813,0.47014328,1.0000,0.8257,0.4267
gal0_star00744,star,1.5220078,0.848259,247.80229,270.45491,4.057338,-8.4620123,7.6473754,0.088648575,0.9887,0.7055,0.2659
gal0_star00745,star,1.5988464,0.621939,-264.61521,306.32496,1.4435901,-8.2304199,-6.8554124,-0.18189155,1.0000,0.9667,0.7938
gal0_star00746,star,1.0705975,0.364231,-362.75068,-56.450366,10.142823,2.4494656,-11.101514,0.16080969,1.0000,0.9828,0.8536
gal0_star00747,star,0.93886417,0.325501,654.51632,138.19922,16.504966,-2.3786001,8.8416548,0.24422309,1.0000,0.7338,0.2572
gal0_star00748,star,1.8344079,0.742466,-637.67395,518.63792,19.574767,-4.7427602,-6.279368,0.20708742,0.9823,0.8433,0.4533
gal0_star00749,star,1.7996239,1.02492,1260.3386,514.059,10.824148,-2.1662406,5.6324623,0.3059983,1.0000,0.3958,0.0358
gal0_star00750,star,1.7203627,0.746302,694.6275,1034.4248,-8.7206622,-5.2413967,3.8482455,0.14348163,1.0000,0.3659,0.0342
gal0_star00751,star,1.7437873,0.914066,-125.05828,143.2307,18.903625,-11.697516,-10.052337,0.12644767,0.9582,0.9098,0.6611
gal0_star00752,star,1.9044603,0.591137,529.18406,-1442.8083,2.8604173,5.504922,2.1371586,-0.016818798,0.9750,0.3923,0.0143
gal0_star00753,star,1.3003701,0.307514,85.03727,688.79824,18.011685,-8.9229984,1.1988631,0.19696786,0.9968,0.8547,0.4279
gal0_star00754,star,1.5255104,0.358066,39.41262,-51.894661,-33.615588,21.408184,18.410646,1.0244888,0.9530,0.4037,0.0015
gal0_star00755,star,0.96516171,0.88781,-63.215145,298.30935,-17.772987,-12.964613,-2.2308641,0.87377953,1.0000,0.9306,0.6613
gal0_star00756,star,1.5254869,1.10462,-247.98187,90.848563,-5.3514566,-4.4522958,-13.747636,0.766335,0.9946,0.7138,0.2413
gal0_star00757,star,0.50842447,0.471422,677.48519,194.8332,-23.978828,-2.3043693,8.0013335,0.50705187,1.0000,0.5462,0.1406
gal0_star00758,star,1.3573841,0.859166,112.5807,644.47127,2.5766625,-8.6514135,1.3122972,-0.079704188,0.9803,0.4027,0.0308
gal0_star00759,star,1.8251782,0.341895,1316.6484,24.289998,1.3545973,-0.1065114,6.1934494,0.24505994,1.0000,0.8208,0.4387
gal0_star00760,star,1.1581806,0.385775,53.259395,18.951426,4.3017099,-8.4339216,28.689424,1.2445454,1.0000,0.7032,0.2629
gal0_star00761,star,0.5592454,0.375711,844.54511,42.890468,3.8012972,-0.23118575,7.668314,-0.04342688,1.0000,0.9669,0.8267
gal0_star00762,star,0.53268382,1.14215,-147.56894,-243.98328,-10.638177,10.879618,-7.6297144,-0.70663333,0.9892,0.9307,0.6311
gal0_star00763,star,1.2939377,0.924541,238.85006,-206.14263,-37.4364,7.7786559,9.3439637,-0.23982853,1.0000,0.8040,0.4645
gal0_star00764,star,1.96022,0.986758,-14.854506,480.79654,4.5388504,-10.382567,0.05710011,0.013617408,0.9778,0.9369,0.7980
gal0_star00765,star,1.0865718,0.753872,-506.85967,-414.45467,-8.4063489,4.996417,-6.633114,0.27607379,1.0000,0.4052,0.0493
gal0_star00766,star,0.925204,1.01696,-329.26594,-9.1405426,-3.8116139,0.13292318,-12.102597,0.079515209,1.0000,0.9576,0.8090
gal0_star00767,star,1.3314632,1.0488,-161.39363,-232.44365,17.853895,10.799108,-8.2522862,0.039757737,0.9673,0.7164,0.2363
gal0_star00768,star,0.92775398,1.14358,-23.706647,-103.03983,16.314255,22.149883,-4.8448744,-1.5843038,0.9755,0.9361,0.7993
gal0_star00769,star,1.1154952,0.435143,-789.57049,-118.6845,-30.333414,1.3195652,-7.9468127,-0.025161167,1.0000,0.9405,0.6477
gal0_star00770,star,1.8453179,0.65327,90.123823,92.340668,41.950755,-13.97353,14.367965,0.051172963,1.0000,0.7309,0.2759
gal0_star00771,star,1.7563561,0.524343,-337.00473,7.3636799,-7.4050438,-0.22024044,-11.744408,0.06057593,1.0000,0.5635,0.0764
gal0_star00772,star,0.59726907,1.09943,176.21538,-430.90173,-15.039963,9.2174168,4.0413164,-0.20416692,1.0000,0.9195,0.6573
gal0_star00773,star,1.2868955,0.570637,448.32078,93.160252,-9.2204679,-1.9619061,10.067733,-0.28418254,0.9756,0.7576,0.2733
gal0_star00774,star,1.7114792,0.621627,169.27065,-45.333194,-12.226903,3.8331501,16.048857,0.86279395,0.9731,0.7677,0.4288
gal0_star00775,star,1.5658931,0.924077,745.03013,1007.2113,8.6173329,-5.0721798,3.5904502,0.099852661,0.9930,0.7198,0.2237
gal0_star00776,star,0.92590261,0.731812,-322.89661,-332.44258,-18.422829,7.2160302,-7.4955233,0.21797996,1.0000,0.9139,0.6325
gal0_star00777,star,1.332975,1.10474,187.37139,-408.73609,-9.3851944,8.9495774,4.4633972,-0.68889961,1.0000,0.5767,0.0750
gal0_star00778,star,1.3919886,0.982743,-8.7827187,-150.85336,-33.11241,17.878253,-1.6387029,0.44796848,1.0000,0.7242,0.2404
gal0_star00779,star,0.91665305,0.849774,219.30201,-29.841554,5.2111732,2.0275211,14.704728,-0.54526196,0.9514,0.3805,0.0522
gal0_star00780,star,1.2417578,0.310324,-321.4866,268.27567,-13.75573,-7.1120424,-8.0111692,0.071594436,1.0000,0.8293,0.4445
gal0_star00781,star,0.73587296,0.451049,11.450631,-601.42982,13.347944,9.5100597,0.79747017,0.054052884,1.0000,0.7171,0.2236
gal0_star00782,star,0.99941986,0.662804,79.442042,-406.39966,-17.409239,10.938572,2.9792154,0.36016429,1.0000,0.7325,0.2463
gal0_star00783,star,0.53105127,1.01616,-1009.1735,-50.509428,-7.9800395,0.43402671,-7.1650386,0.20314031,0.9373,0.7323,0.2548
gal0_star00784,star,1.785615,0.31479,268.04541,103.93497,2.631659,-4.9323203,11.490177,-0.15412298,1.0000,0.9782,0.8050
gal0_star00785,star,0.52775118,1.14109,91.9807,215.54687,2.8803498,-12.851558,5.5042551,0.56374906,0.9936,0.9686,0.8076
gal0_star00786,star,1.3271247,1.07167,-275.64274,68.954585,-12.482514,-2.6820653,-12.655378,-1.2338294,1.0000,0.5769,0.1230
gal0_star00787,star,0.67255512,0.71933,556.09025,610.63025,-22.906275,-5.5045402,4.8663066,-0.098942238,1.0000,0.5191,0.1078
gal0_star00788,star,0.84384052,0.357356,437.92559,292.64883,14.832428,-5.7828299,8.3724383,-0.20347226,1.0000,0.8439,0.4245
gal0_star00789,star,1.3031958,0.979112,673.89967,-899.15568,20.589716,5.2145423,4.3257858,-0.11736719,1.0000,0.7040,0.2513
gal0_star00790,star,1.3994905,0.673922,-95.546172,-806.39871,-7.8457951,7.6741166,-0.82415184,0.47910002,1.0000,0.9888,0.8238
gal0_star00791,star,0.65021977,0.717231,463.41303,-543.91877,1.4338915,6.7628699,4.9492119,0.36418355,0.9951,0.9455,0.8380
gal0_star00792,star,0.73469632,0.40257,683.64305,193.12188,14.839067,-2.3458839,7.9505121,0.35898707,1.0000,0.7633,0.2610
gal0_star00793,star,0.79736143,0.420045,-791.1832,398.00187,14.143271,-3.3636234,-6.8711719,-0.13462606,1.0000,0.7292,0.2706
gal0_star00794,star,0.74864982,0.698035,-389.82635,471.92156,8.2571067,-6.5799255,-5.7004418,-0.20888118,1.0000,0.3615,0.0005
gal0_star00795,star,1.1789822,0.996169,-861.99454,1198.9865,-3.3393039,-4.3084377,-3.0803849,-0.024974652,1.0000,0.6685,0.2534
gal0_star00796,star,1.9226157,0.75332,878.41404,8.5378429,-15.600397,-0.030043146,7.190946,0.12431232,0.9818,0.5385,0.0753
gal0_star00797,star,1.9870817,1.11996,-1190.8491,103.83572,8.3392966,-0.73183038,-6.1276809,-0.11423335,0.9814,0.3697,0.0087
gal0_star00798,star,1.8120227,1.05129,101.14786,-191.83089,11.978627,12.490383,7.5760772,-0.048656707,0.9820,0.3864,0.0153
gal0_star00799,star,1.8109314,0.539857,1257.7023,598.45517,1.059961,-3.1104025,5.2928019,0.24345025,1.0000,0.9904,0.8015
gal0_star00800,star,0.63901287,0.65943,1087.9636,272.49893,4.0445018,-1.6168998,6.7406437,-0.20430775,1.0000,0.8691,0.4372
gal0_star00801,star,1.5614769,0.700388,-319.19338,-328.86413,-5.6367471,7.2976916,-7.3645263,0.07811466,1.0000,0.9036,0.6536
gal0_star00802,star,1.6194571,0.836192,242.31266,813.60216,7.2878577,-7.3402634,2.3045076,-0.052844559,0.9966,0.8251,0.4411
gal0_star00803,star,1.9327301,0.666973,-282.28809,721.05623,-5.5561445,-7.3070187,-2.6848661,0.41610638,0.9987,0.9846,0.7934
gal0_star00804,star,0.82967176,0.914875,208.17504,297.52134,14.255474,-10.055004,6.176131,0.24587993,1.0000,0.8228,0.4621
gal0_star00805,star,1.1424803,0.401319,-366.25866,269.77589,-20.909726,-6.1528675,-7.9178292,-0.096921061,0.9882,0.8489,0.4225
gal0_star00806,star,1.4372924,0.56078,1248.8013,-1309.568,-2.7856443,3.6462671,3.5886852,0.089672848,1.0000,0.7197,0.2467
gal0_star00807,star,1.5450308,0.871702,568.92444,-135.48993,-9.1084346,1.9100878,9.1800201,-0.13089856,1.0000,0.9693,0.8487
gal0_star00808,star,1.0270026,1.13262,244.77773,-187.62593,-16.343009,8.4504066,10.126611,0.14592136,0.9811,0.5856,0.0627
gal0_star00809,star,1.2053205,0.588419,256.50236,108.98768,13.858936,-5.0474179,12.092607,-0.48282607,0.9867,0.9184,0.6446
gal0_star00810,star,1.3661205,1.03024,-324.41944,254.96797,-8.7903744,-6.9545624,-8.2881339,0.12332036,0.9989,0.9706,0.8300
gal0_star00811,star,1.3796898,0.396425,-274.11847,-391.91671,-11.229934,8.6813329,-6.0940446,0.051110359,0.9722,0.9650,0.8421
gal0_star00812,star,1.5166765,0.565945,304.93016,-359.36012,3.7480212,7.8722239,6.3167501,0.10390482,1.0000,0.8951,0.6571
gal0_star00813,star,1.9818394,0.710328,412.52563,-93.808698,-0.55455673,2.7133379,10.786337,-0.0800037,1.0000,0.9538,0.7991
gal0_star00814,star,0.83014045,0.814282,84.968799,467.03182,17.618843,-9.7861879,1.4978254,-0.21211648,0.9882,0.8696,0.4520
gal0_star00815,star,0.67796279,1.03465,-568.85352,-85.82002,9.6881295,1.5504829,-9.1454603,0.14084118,0.9907,0.7373,0.2507
gal0_star00816,star,0.64070862,0.49465,823.6758,-172.65458,9.3042314,1.4860995,7.8311952,-0.32954947,0.9953,0.5344,0.0884
gal0_star00817,star,1.9807117,0.809806,196.56019,-414.0988,12.644358,9.2027926,4.4061836,-0.045414264,1.0000,0.9967,0.7889
gal0_star00818,star,0.98203196,0.34893,-30.57001,-36.484669,-13.881514,25.642617,-23.283664,1.1618657,1.0000,0.7395,0.2439
gal0_star00819,star,1.0822604,0.374725,50.013159,463.29213,6.6198325,-9.623426,0.89619363,-0.00059219832,0.9911,0.9297,0.6460
gal0_star00820,star,0.53604294,0.565016,884.05159,-510.73433,14.50242,3.424251,6.2829579,0.83178609,1.0000,0.9400,0.8118
gal0_star00821,star,0.91881662,0.382663,866.29322,-6.5968108,-24.786638,0.26275081,7.9717892,-0.55562079,1.0000,0.7480,0.2869
gal0_star00822,star,1.8062044,0.782496,641.34821,-41.764472,2.2843606,0.19436524,8.9951219,-0.27920201,1.0000,0.6972,0.2104
gal0_star00823,star,0.74694173,0.325303,-690.86625,-890.04876,2.4719771,4.974818,-4.6490792,-0.094035571,1.0000,0.3449,0.0197
gal0_star00824,star,1.7858575,0.65023,1101.4556,-526.52676,-7.0343487,2.6895213,5.7729868,-0.29288535,1.0000,0.9670,0.7872
gal0_star00825,star,1.8447473,0.650064,-260.2038,286.24375,-1.0496113,-8.8951606,-7.2500383,-0.063929595,0.9980,0.9366,0.6662
gal0_star00826,star,0.52339205,0.933158,726.69858,-336.70109,-3.0044368,3.5148345,6.8587906,0.086651543,1.0000,0.7280,0.2410
gal0_star00827,star,0.95536226,0.747666,-124.63683,-19.645498,23.003427,3.1093283,-18.49613,0.15131276,1.0000,0.8369,0.4468
gal0_star00828,star,1.839908,0.694992,156.98509,-235.63227,-23.286946,10.36544,6.742983,0.15402023,0.9991,0.5647,0.0993
gal0_star00829,star,1.7039116,0.991781,22.521628,-33.057167,-0.76748574,30.794612,21.266894,-1.8759135,1.0000,0.8232,0.4699
gal0_star00830,star,1.4632745,1.00778,-526.69141,-388.18233,15.142292,5.0561915,-6.6811854,0.13024484,0.9812,0.8371,0.4623
gal0_star00831,star,1.3393282,0.317662,715.0229,-368.75139,-7.2424499,3.6453245,6.8525649,0.028520703,1.0000,0.9096,0.6372
gal0_star00832,star,1.1879576,0.427605,9.888704,-363.24576,15.248829,12.149783,-0.20414464,-0.25104836,0.9815,0.7409,0.2178
gal0_star00833,star,1.5090217,1.10657,-218.60053,711.24494,-1.340668,-7.6037619,-2.6050786,-0.4763626,0.9923,0.5857,0.0830
gal0_star00834,star,0.78512531,1.14505,251.02476,206.30513,3.2862174,-8.6613542,10.558496,0.37783276,1.0000,0.9625,0.8106
gal0_star00835,star,0.87946472,0.712278,-65.151045,-764.16221,-17.865767,8.3641846,-1.0010903,0.20254279,0.9738,0.3509,0.0354
gal0_star00836,star,0.60075905,0.953043,-25.113215,92.393674,-28.250018,-21.528957,-5.4617665,-0.88459764,0.9661,0.9441,0.6517
gal0_star00837,star,0.66094068,0.500474,312.11375,-370.25345,-9.1898208,7.984458,6.2596364,0.47476537,0.9701,0.6003,0.0900
gal0_star00838,star,1.4212947,0.658285,454.58786,208.78319,10.223528,-4.0800085,8.823227,0.1556975,0.9939,0.5530,0.0999
gal0_star00839,star,0.60543475,0.804808,210.72355,247.48262,-11.089173,-9.641464,8.2019832,0.43199804,0.9754,0.9094,0.6742
gal0_star00840,star,1.4425049,0.494616,-141.66347,318.64065,24.74766,-11.875797,-4.854847,0.18042347,0.9911,0.9047,0.6872
gal0_star00841,star,1.5943747,0.823046,-124.244,147.1142,10.742833,-12.582061,-10.739783,0.72078921,0.9979,0.3951,0.0000
gal0_star00842,star,1.5310723,1.00774,17.66476,-415.26198,25.898936,10.912455,-0.079469884,-0.18977238,1.0000,0.4132,0.0488
gal0_star00843,star,1.68368,0.31612,38.583743,-201.72684,8.2170436,15.577068,2.3957132,0.18943872,1.0000,0.3930,0.0288
gal0_star00844,star,1.8401209,0.726426,-321.05575,-876.0355,2.3247175,6.9188472,-2.892051,0.17085796,0.9691,0.9003,0.6445
gal0_star00845,star,0.73605956,0.727971,91.383696,129.84408,12.621257,-14.586009,11.164326,1.5632303,0.9851,0.8066,0.4426
gal0_star00846,star,1.7292735,0.656749,868.77596,-33.589292,16.687767,0.41098457,8.370474,0.19765446,1.0000,0.6977,0.2526
gal0_star00847,star,1.6233078,0.369035,339.2993,-368.95481,2.9431337,7.8028956,7.3222386,0.53120286,1.0000,0.9298,0.6699
gal0_star00848,star,1.3230471,0.306955,427.59418,278.69696,14.299965,-5.1250788,8.3150797,0.04846981,1.0000,0.7271,0.2271
gal0_star00849,star,1.7035567,0.976618,1089.8132,946.8351,-8.3854175,-4.0672849,4.3050751,0.094556434,0.9728,0.5691,0.0777
gal0_star00850,star,1.9344927,0.337743,-495.9991,105.75722,-4.3837014,-2.1397735,-9.8642713,-0.50771695,1.0000,0.3822,0.0412
gal0_star00851,star,1.5282426,0.830359,-366.59656,-227.69528,0.60165532,5.7745694,-9.598424,0.10325886,0.9939,0.9367,0.8118
gal0_star00852,star,0.75828196,0.366115,562.17276,604.23096,-4.2718749,-5.7184579,5.3210069,0.38339996,0.9978,0.7030,0.2599
gal0_star00853,star,0.88745623,0.435111,470.36763,169.94879,-26.957295,-3.3647547,9.5372044,0.45414171,0.9960,0.9596,0.8202
gal0_star00854,star,0.88046199,0.648757,-14.362202,508.40223,0.63788615,-10.461903,-0.42046092,-0.13286199,0.9912,0.5560,0.1038
gal0_star00855,star,1.4735574,0.7991,-475.75027,133.15648,28.16962,-2.6728386,-9.6021553,-0.19616017,1.0000,0.9171,0.6704
gal0_star00856,star,0.61263914,0.900226,-132.60245,-537.73511,-13.291992,8.9672137,-2.3900679,0.59724366,0.9981,0.9924,0.8298
gal0_star00857,star,0.99377491,0.593521,313.69289,-401.69346,-2.9759877,8.1692319,6.5743496,-0.18708751,0.9532,0.8188,0.4276
gal0_star00858,star,0.55642249,0.401645,-31.578613,-132.62077,-17.671737,18.549502,-5.3036889,-0.86578948,1.0000,0.4019,0.0510
gal0_star00859,star,1.0936242,0.705577,206.20761,14.202304,12.648528,-1.6607813,15.786698,-0.40419119,0.9936,0.8872,0.6435
gal0_star00860,star,1.5198818,0.862132,-548.62174,-2.8837572,-12.507541,-0.10348279,-9.7398431,-0.64479362,1.0000,0.8906,0.6495
gal0_star00861,star,1.5568914,0.699876,-181.59257,114.44081,19.567495,-7.1182949,-14.480042,-0.42603916,1.0000,0.3837,0.0179
gal0_star00862,star,1.530803,0.440132,-583.21567,840.06963,-28.626428,-6.0057484,-4.6005139,0.2155929,0.9995,0.8343,0.4795
gal0_star00863,star,1.9623505,0.689909,412.70405,383.71535,0.29191316,-6.2988771,6.6009037,-0.32375559,1.0000,0.8592,0.3916
gal0_star00864,star,0.60943551,0.783054,-728.59979,101.47515,-4.8006014,-1.2347766,-8.1796886,0.25410573,1.0000,0.9021,0.6504
gal0_star00865,star,1.1213445,0.798202,-543.75522,52.278763,7.1078174,-0.88069116,-9.1997259,-0.17591817,1.0000,0.7010,0.2580
gal0_star00866,star,1.8219764,0.316908,-175.70811,-495.29973,3.2888511,9.0314478,-3.4925596,0.012211322,1.0000,0.8992,0.6459
gal0_star00867,star,0.82220741,1.14522,29.108081,-1475.044,-1.9428786,5.7157622,0.048542573,0.1046825,0.9933,0.8252,0.4582
gal0_star00868,star,1.7792748,0.500326,56.284842,-1255.4433,3.1884963,6.2767217,-0.019660522,-0.17239007,0.9840,0.5640,0.1139
gal0_star00869,star,1.7964773,0.882156,-86.471833,517.04419,7.1629723,-9.9567385,-1.7646016,0.25594554,1.0000,0.7481,0.2469
gal0_star00870,star,1.1951252,1.04809,947.28893,-403.46953,16.362183,2.3951399,6.3530027,-0.18932965,0.9956,0.8426,0.4806
gal0_star00871,star,0.94541517,1.03059,754.75558,654.34924,13.385216,-4.7656108,4.906295,-0.16060574,0.9765,0.7183,0.2276
gal0_star00872,star,1.9741682,0.992727,226.04391,844.74873,7.8810001,-7.5252481,2.212379,-0.038575608,1.0000,0.9333,0.6380
gal0_star00873,star,1.8797146,0.483143,356.52746,461.69586,29.656515,-7.2011741,5.9951074,0.24085332,0.9897,0.9311,0.6724
gal0_star00874,star,1.3638625,0.932637,-727.56446,69.730453,22.199814,-0.86329757,-8.7694169,-0.30809884,1.0000,0.9767,0.8024
gal0_star00875,star,1.9802454,0.327669,-272.86659,-717.25385,1.0151269,8.0848484,-2.8779861,-0.38602243,1.0000,0.9079,0.6406
gal0_star00876,star,1.9353026,0.741608,665.60529,-383.70047,0.49072792,4.4362017,7.1389927,-0.24188493,0.9750,0.5512,0.1271
gal0_star00877,star,0.95357606,1.11011,-179.00895,-157.27369,4.5863332,9.8475884,-11.038542,0.45246882,1.0000,0.9276,0.6269
gal0_star00878,star,0.76147226,0.3542,-61.560706,719.968,-13.162763,-8.3781023,-0.83906869,0.20202686,0.9994,0.4090,0.0664
gal0_star00879,star,1.2954318,0.441819,259.00862,98.973611,7.8012261,-3.9685177,12.354831,0.21911631,0.9936,0.3539,0.0778
gal0_star00880,star,1.2647399,0.696147,719.22941,1030.7018,-9.9551543,-4.8842948,3.4232627,0.45152997,0.9627,0.8315,0.4785
gal0_star00881,star,1.5044103,0.641443,-346.01605,-272.99361,-19.547029,6.3899267,-7.854209,-0.60590008,1.0000,0.5842,0.1120
gal0_star00882,star,1.4935966,0.807965,307.87887,803.10936,-5.7311282,-6.9322704,3.1167273,0.11064788,1.0000,0.9353,0.6332
gal0_star00883,star,0.95000756,0.794962,425.89197,341.36519,-24.474996,-5.7785591,7.2673912,0.10216658,0.9955,0.4167,0.0362
gal0_star00884,star,1.6006592,0.834856,79.752667,-52.872164,-11.809535,11.615086,18.167849,-0.25153038,0.9873,0.9565,0.6582
gal0_star00885,star,1.0323303,0.778875,82.576961,52.922888,-28.280818,-12.636335,18.8827,-0.10296836,1.0000,0.3801,0.0241
gal0_star00886,star,1.902838,0.472055,869.47665,248.67518,6.1243224,-2.0487647,7.5349254,0.29282012,0.9695,0.8327,0.4409
gal0_star00887,star,0.8072318,0.551759,83.073801,-1441.0479,5.8544452,6.0059028,0.71169775,0.36347367,1.0000,0.9755,0.8338
gal0_star00888,star,1.2925071,1.14394,273.29367,-201.68744,0.078332949,7.4523137,8.9186809,-0.85695346,1.0000,0.3701,0.0387
gal0_star00889,star,0.89825239,0.310623,-69.111247,-995.28316,-0.69203173,7.2348646,-0.10107827,0.10646841,0.9976,0.9849,0.8498
gal0_star00890,star,0.84445431,0.383078,86.497939,-804.39443,3.2572419,8.0847794,0.94737453,-0.46025627,1.0000,0.8969,0.6721
gal0_star00891,star,1.2469812,0.393799,-337.36782,-47.977644,-1.0192785,1.364753,-12.118714,-0.23975002,1.0000,0.3824,0.0367
gal0_star00892,star,1.7825981,0.673287,195.55265,-425.07326,15.361669,9.4588039,4.4855796,-0.074682254,1.0000,0.5654,0.1010
gal0_star00893,star,1.291609,0.943323,-509.58773,627.61587,25.564372,-5.8067907,-5.0376526,0.36063992,1.0000,0.3315,0.0000
gal0_star00894,star,0.96568581,0.529708,138.69129,-51.830588,25.094696,5.653646,18.132333,-0.28625946,0.9732,0.5826,0.0824
gal0_star00895,star,0.83984617,1.12414,89.691507,130.90881,23.062681,-13.68382,10.383929,-0.75032386,1.0000,0.9135,0.6672
gal0_star00896,star,1.8856639,1.07514,820.24909,-123.30901,-16.320543,1.8279902,7.045655,-0.25706693,0.9949,0.9409,0.6576
gal0_star00897,star,0.91499705,1.0317,66.421285,-409.10742,-1.1030478,10.541843,1.1488589,-0.11279165,0.9844,0.3726,0.0271
gal0_star00898,star,1.5189373,0.372194,223.69169,-217.59019,-11.142798,9.2577869,8.9516267,-0.086645359,1.0000,0.8638,0.4254
gal0_star00899,star,1.7307529,0.58701,46.141324,-55.915649,20.077363,20.120932,18.650428,1.2448561,0.9830,0.9465,0.8135
gal0_star00900,star,1.9868653,1.13302,97.938004,79.846968,-36.228999,-12.730189,14.281284,-0.38606044,1.0000,0.8996,0.6477
gal0_star00901,star,1.3030168,1.08928,-1219.9861,555.40436,-10.851581,-2.1085318,-5.8148777,0.16170905,1.0000,0.5600,0.0719
gal0_star00902,star,1.7341714,0.30554,380.41383,-357.3047,7.6875389,6.5285473,7.0294895,-0.24411976,1.0000,0.5617,0.1370
gal0_star00903,star,1.8028289,0.730891,-13.065514,704.70543,24.813425,-8.0380118,0.24991185,-0.0025879993,0.9992,0.3775,0.0229
gal0_star00904,star,0.92371085,0.88578,-508.84896,378.25645,-8.8377859,-5.3131322,-7.4529994,-0.12855495,0.9945,1.0000,0.8191
gal0_star00905,star,0.91188771,0.974899,805.21097,-563.00258,16.267875,4.4894862,5.5653124,0.31995995,0.9988,0.8546,0.4595
gal0_star00906,star,1.196541,0.846525,-366.00866,-217.53597,-6.1349694,6.2682841,-9.9089237,0.31980449,1.0000,0.9578,0.8191
gal0_star00907,star,1.3158511,0.483309,-152.20112,-211.48014,20.950621,12.071185,-8.2292367,-0.28030239,1.0000,0.9448,0.8191
gal0_star00908,star,0.62147904,1.03093,168.50151,644.80295,-22.617348,-7.8384647,2.2716025,0.59191849,0.9950,0.3823,0.0331
gal0_star00909,star,1.4659851,0.377962,-313.71494,495.7018,2.2930864,-7.9746791,-4.8331693,-0.19462232,0.9809,0.5899,0.0985
gal0_star00910,star,1.0804822,0.594924,1043.9554,-141.32158,5.7554805,0.7878211,6.8529067,0.3264273,0.9682,0.9739,0.8066
gal0_star00911,star,1.1589372,0.943307,-912.60295,886.0543,2.4693273,-4.3687118,-4.4471748,-0.240697,0.9789,0.3556,0.0176
gal0_star00912,star,1.3193928,1.01532,320.90857,-429.46863,30.082451,7.3921083,5.9909672,0.2830793,0.9890,0.9666,0.7940
gal0_star00913,star,1.4519884,1.09357,389.98637,-44.431485,-8.4304243,1.0718324,10.770348,0.28054475,1.0000,0.8367,0.4614
gal0_star00914,star,1.990624,0.853151,-73.534938,498.07067,-10.8078,-9.9428549,-2.0596458,0.12208411,0.9789,0.9584,0.7946
gal0_star00915,star,0.57380489,0.876047,994.41359,621.74176,-19.080522,-3.5226894,5.6640223,0.20082721,1.0000,0.9327,0.8229
gal0_star00916,star,0.76722047,0.611979,5.8873969,41.171775,19.100018,-35.651343,5.2164699,0.59411474,0.9835,0.9536,0.8346
gal0_star00917,star,1.1642528,0.841523,243.34259,-382.65475,-32.327025,8.9352331,5.4856485,0.22712892,0.9818,0.9723,0.7899
gal0_star00918,star,1.5318108,1.00965,59.751061,-202.65861,-8.9548912,14.630613,4.0821149,-0.19412421,1.0000,0.9308,0.6175
gal0_star00919,star,1.3447626,1.05687,197.31969,-13.148912,20.179402,0.522593,16.301051,-0.38335592,0.9916,0.9590,0.7733
gal0_star00920,star,1.2474958,0.395932,90.118061,56.379466,13.029956,-11.384113,18.271214,1.2138256,1.0000,0.7315,0.2577
gal0_star00921,star,1.795369,0.592806,-283.15083,-413.77512,11.581595,8.1302917,-5.455982,-0.15903676,0.9820,0.3768,0.0350
gal0_star00922,star,1.4841139,0.442634,675.41272,112.15131,-8.7426948,-1.7071347,8.560978,0.2391057,0.9965,0.9436,0.6823
gal0_star00923,star,1.9989126,1.12334,473.96374,82.807664,12.466205,-2.1591209,9.8689219,-0.23942231,0.9929,0.5805,0.1165
gal0_star00924,star,1.8823224,0.730356,-659.61617,233.16367,6.6880946,-2.8694022,-8.1552614,0.51924062,1.0000,0.8622,0.4312
gal0_star00925,star,0.76686366,0.523419,74.241326,51.197237,21.149073,-12.911934,18.416654,0.29177575,0.9738,0.7512,0.2379
gal0_star00926,star,0.53033335,0.95714,-72.246925,117.91306,13.207254,-16.123207,-11.283106,-0.67132773,0.9766,0.7161,0.2693
gal0_star00927,star,1.747727,0.582982,476.47067,-288.70033,22.073892,5.4770857,8.2267802,0.045686151,0.9939,0.9289,0.6252
gal0_star00928,star,1.4141176,0.917723,-51.232606,730.19551,-5.6676211,-8.0988745,-0.63558665,0.086599682,0.9928,0.9676,0.8234
gal0_star00929,star,0.67472066,0.661573,-251.995,1590.8321,-14.759881,-5.2523987,-0.83168749,0.28167509,1.0000,0.3642,0.0326
gal0_star00930,star,0.60944331,1.01842,-450.41556,151.86654,-0.95584474,-3.5584198,-9.3770976,0.42060521,1.0000,0.9732,0.8223
gal0_star00931,star,1.6243092,0.821324,704.20854,-314.01474,7.5579934,3.3949728,7.4798207,0.4810636,1.0000,0.7217,0.2578
gal0_star00932,star,1.6504495,1.12325,-1051.4216,-745.82578,0.24034877,3.8032885,-4.8723207,-0.42566797,1.0000,0.9435,0.6521
gal0_star00933,star,0.75262687,0.977712,-671.43582,-950.22225,-0.5181863,5.0302652,-3.7777092,0.54186977,1.0000,0.8088,0.4241
gal0_star00934,star,1.9069972,0.717852,-723.36164,-459.37467,0.22219063,3.5297842,-6.5623596,-0.00091673469,1.0000,0.8191,0.4611
gal0_star00935,star,0.9693129,0.41195,-544.96353,-158.29733,1.3573519,2.7097023,-9.778005,-0.25020585,0.9979,0.8464,0.4933
gal0_star00936,star,0.82515362,0.758624,882.45679,155.11363,0.82841893,-1.1737874,7.3663764,0.46259799,0.9861,0.7286,0.2608
gal0_star00937,star,1.8664392,0.821938,687.79667,202.18805,-4.9443759,-2.2146472,7.3774038,0.11043773,1.0000,0.9931,0.8032
gal0_star00938,star,1.7012532,0.649712,-420.64608,1766.1417,0.81153157,-5.1605261,-1.5116342,0.29148607,1.0000,0.9750,0.7952
gal0_star00939,star,1.9503072,0.687157,-148.18714,520.81009,23.741689,-9.0601782,-2.3642128,0.41591944,1.0000,0.7239,0.2362
gal0_star00940,star,0.69332726,0.889333,-353.92759,248.36941,-10.178888,-6.2275722,-8.9236632,0.46216364,0.9790,0.9477,0.7909
gal0_star00941,star,0.73005084,1.04808,651.13328,-431.03277,-31.090466,4.2372518,6.1954112,-0.4480128,0.9887,0.8583,0.4439
gal0_star00942,star,0.92157449,0.766634,-162.91503,-92.498392,-14.781183,7.7286511,-14.502284,0.92235972,0.9846,0.9536,0.8292
gal0_star00943,star,1.3721482,0.948352,-466.27711,-1120.9318,0.99123291,5.3243123,-2.5305829,-0.008384389,0.9632,0.9014,0.6484
gal0_star00944,star,0.75770376,0.511796,-494.90303,-798.4479,-14.34779,6.2426094,-3.8861557,0.11832934,1.0000,0.5517,0.0956
gal0_star00945,star,1.9020368,0.397371,-529.0289,-358.52312,-6.6610929,5.2674285,-7.2628119,0.46718081,1.0000,0.8516,0.4509
gal0_star00946,star,1.7726374,0.474861,439.25514,-1680.4729,2.2295441,5.136152,1.5333712,0.37664619,1.0000,0.8390,0.4366
gal0_star00947,star,1.3345,0.957448,-101.93512,17.250259,-13.818999,-4.780246,-21.968279,-0.29477009,0.9969,0.9684,0.6399
gal0_star00948,star,1.3343299,0.719084,470.16754,84.752556,9.8682349,-2.1998514,9.8171598,0.094332313,0.9595,0.8725,0.4636
gal0_star00949,star,1.0749593,0.978042,-548.81252,397.91928,5.3849288,-4.9372722,-7.5371037,-0.45001615,0.9447,0.3826,0.0266
gal0_star00950,star,1.5588974,0.53507,103.29798,114.65051,-37.265838,-13.37141,12.620426,0.72570469,0.9857,0.6951,0.2047
gal0_star00951,star,1.0226602,0.830045,-116.69859,-554.86188,17.95154,9.5226895,-1.7594502,-0.24858947,1.0000,0.7312,0.2281
gal0_star00952,star,0.82875965,0.64453,300.43452,817.5418,-4.5727049,-6.9675156,3.0517387,0.14604291,1.0000,0.3815,0.0297
gal0_star00953,star,1.6033314,0.578556,31.40025,-181.88005,-10.254619,16.52109,3.3671246,0.43785105,1.0000,0.5876,0.0561
gal0_star00954,star,1.8792794,0.789655,281.8717,243.18158,5.5891388,-8.262607,8.6030192,-0.26408564,0.9582,0.8492,0.4542
gal0_star00955,star,1.2833592,0.694504,-369.93662,-597.05424,-0.20831704,7.2797578,-4.1358676,-0.31709072,0.9863,0.9685,0.8282
gal0_star00956,star,0.83920815,0.542109,-244.56684,91.120262,-5.1589751,-5.0479717,-13.196472,-0.54011511,0.9945,0.3931,0.0720
gal0_star00957,star,1.1661903,0.466867,673.34944,90.46917,28.057325,-0.5146785,8.533409,0.49687151,1.0000,0.9906,0.7957
gal0_star00958,star,1.1284248,0.55872,195.63044,-218.74544,-20.078736,8.9443455,8.4649957,-0.35793125,0.9966,0.5728,0.0909
gal0_star00959,star,1.4899348,0.568261,-678.41667,1483.4967,1.6602458,-4.8509258,-2.0565045,-0.25901839,0.9976,0.9538,0.8379
gal0_star00960,star,0.94975756,0.618734,-57.700116,305.22479,-16.031201,-12.923714,-1.6997033,0.13299267,1.0000,0.4057,0.0706
gal0_star00961,star,1.3209039,0.933848,-332.76326,-9.4127113,3.4303155,0.098868593,-12.082431,0.31783862,1.0000,0.8549,0.4730
gal0_star00962,star,0.98153142,0.674113,-137.41498,-50.942967,21.99264,6.5968809,-17.550075,0.084566287,0.9969,0.8098,0.4567
gal0_star00963,star,1.5275427,0.910679,20.030456,-170.5331,24.374557,17.507745,2.3984086,-0.58714167,1.0000,0.9557,0.7962
gal0_star00964,star,1.108262,0.45035,93.665077,-59.77645,1.179631,11.84041,17.659492,-0.25879469,1.0000,0.7185,0.2584
gal0_star00965,star,1.3082147,1.06118,100.90758,132.04,2.3307271,-14.222527,9.5908074,-0.61851124,1.0000,0.3579,0.0000
gal0_star00966,star,1.7077947,0.304285,-179.30274,-496.44934,-5.3170983,8.1718746,-3.0446042,0.21937903,0.9864,0.3779,0.0411
gal0_star00967,star,0.81111463,0.383985,335.62918,-396.53545,-21.390997,7.8048044,6.3585631,-0.033793559,0.9875,0.9706,0.8042
gal0_star00968,star,0.6653316,0.789931,356.21403,440.35388,-2.9666478,-7.2581869,5.9320518,0.29754496,1.0000,0.9513,0.8006
gal0_star00969,star,1.3507114,0.638871,179.85854,-21.045622,6.3247384,2.5153834,16.925924,-0.79305589,0.9793,0.9487,0.6655
gal0_star00970,star,1.9316724,0.610224,-241.3419,292.05993,-27.272678,-8.8620125,-7.374587,0.5728368,0.9986,0.8965,0.6629
gal0_star00971,star,1.9328828,0.868958,-237.9947,94.87844,3.8394019,-6.2853815,-12.542365,0.084427859,0.9896,0.8357,0.4287
gal0_star00972,star,0.63164625,0.899769,-43.112296,-369.11832,1.1093812,12.705269,-1.3595164,0.43892334,1.0000,0.5705,0.0869
gal0_star00973,star,1.7197612,0.558541,-875.43509,-558.39904,9.850879,3.3009181,-5.829873,0.14675014,1.0000,0.6990,0.2648
gal0_star00974,star,1.6445654,0.336462,82.672774,476.78694,-0.59873249,-10.321737,1.4893741,-0.48284707,1.0000,0.9041,0.6451
gal0_star00975,star,0.82571048,0.671064,-351.09582,264.49972,-18.216398,-6.415448,-8.9261861,-0.32266418,1.0000,0.9076,0.6580
gal0_star00976,star,1.1552799,0.34689,-282.08662,69.25943,20.443937,-2.702742,-13.039085,0.10110871,1.0000,0.3944,0.0130
gal0_star00977,star,1.8692988,0.693516,491.63007,621.66048,9.985299,-6.3341759,4.8571032,0.012717466,1.0000,0.9792,0.8202
gal0_star00978,star,0.58780298,0.501933,259.09435,596.06942,33.147471,-7.3338621,3.9618156,0.49924243,0.9904,0.5377,0.1060
gal0_star00979,star,1.6960123,0.981494,247.50613,123.78549,-32.583877,-6.5377306,11.414742,-1.2345307,0.9753,0.5408,0.0952
gal0_star00980,star,0.71433791,0.939569,-473.14944,137.26526,11.319464,-2.6223969,-9.7408252,-0.085076773,0.9867,0.8649,0.4524
gal0_star00981,star,1.979953,1.04634,-142.43623,-549.98623,-19.355192,9.0986716,-2.3011433,-0.19872169,0.9905,0.8427,0.4468
gal0_star00982,star,1.1700882,0.635475,-52.830209,-327.15265,-6.0059771,12.334852,-1.9910304,0.22379884,1.0000,0.8274,0.4273
gal0_star00983,star,1.8162176,0.81983,-864.30677,262.00609,-8.0492214,-1.9652351,-7.3220873,-0.15780281,0.9951,0.3747,0.0436
gal0_star00984,star,0.5726472,0.513655,167.64149,390.84104,9.7672269,-10.310994,4.0006886,-0.13473408,1.0000,0.7063,0.2379
gal0_star00985,star,0.95305767,0.941949,336.01964,-801.65785,-3.2962755,7.1421518,2.7329828,-0.039341791,0.9945,0.9178,0.6718
gal0_star00986,star,0.82999617,0.615795,-11.914314,76.025978,2.5005796,-26.727718,-4.619679,0.72389093,1.0000,0.5497,0.0899
gal0_star00987,star,1.4148335,1.0429,1679.2638,776.25588,-5.7788047,-2.4828896,4.5625442,-0.078727122,1.0000,0.9496,0.8105
gal0_star00988,star,0.78177648,0.385094,447.86377,247.41798,-10.856071,-4.9796174,9.0612696,0.45008735,0.9908,0.8469,0.4413
gal0_star00989,star,1.4750895,0.381508,-722.39784,-429.55966,20.917249,3.7180983,-6.7277065,0.24255653,0.9980,0.9527,0.6448
gal0_star00990,star,1.7059308,0.615582,16.238102,257.47903,-5.8928604,-13.392211,1.2294692,-0.18203925,1.0000,0.5873,0.1138
gal0_star00991,star,0.76046538,1.14543,819.35248,514.30236,8.2322364,-4.1495458,5.9860746,-0.023702767,1.0000,0.6038,0.1118
gal0_star00992,star,1.87297,0.420338,673.07163,86.405818,22.361839,-0.90712714,8.5519392,0.18474118,0.9958,0.9560,0.8259
gal0_star00993,star,1.5713882,0.842346,402.53081,423.42908,23.128903,-6.9682124,6.700306,-0.23519698,1.0000,0.8251,0.4699
gal0_star00994,star,0.62808822,0.317803,112.80742,449.77673,11.914444,-10.1516,2.4105052,0.20581403,1.0000,0.9232,0.6479
gal0_star00995,star,1.5554655,0.725095,38.5513,1338.2654,3.6595675,-5.7951113,0.34767479,0.067990169,1.0000,0.5512,0.1040
gal0_star00996,star,1.3497012,0.898456,-83.417599,139.19617,-1.1661553,-14.52133,-9.2254004,0.10118109,0.9903,0.6986,0.2457
gal0_star00997,star,0.6968434,0.55309,-62.427849,-325.6432,-22.503809,12.102027,-2.2447982,-0.45736588,0.9846,0.3995,0.0265
gal0_star00998,star,0.84369352,1.0565,-628.70267,564.5936,-4.0174252,-5.252426,-5.805505,-0.16011516,0.9864,0.9306,0.6773
gal0_star00999,star,0.57364016,0.309647,261.54434,188.28199,-32.098157,-7.8195745,9.8264703,-0.25650167,0.9840,0.9921,0.8419
gal0_star01000,star,1.3265628,1.03972,-452.40657,145.69093,-13.581237,-3.6890068,-10.396616,0.020537703,1.0000,0.9643,0.6396
gal0_star01001,star,1.419996,0.603543,1625.2809,-883.72051,4.742066,2.4685957,4.3861273,0.02573278,1.0000,0.9691,0.8015
gal0_star01002,star,1.6793869,0.511206,614.56382,479.84918,-9.2111025,-4.9102587,6.2811113,-0.33635979,1.0000,0.7165,0.2499
gal0_star01003,star,0.81682572,1.09567,-33.344776,-96.883445,19.126636,21.38462,-6.2922757,-0.030160773,1.0000,0.8240,0.4578
gal0_star01004,star,0.80897878,0.321996,165.03392,-44.020443,11.594891,3.8424518,16.481532,0.33105473,0.9869,0.8386,0.4438
gal0_star01005,star,1.311158,0.595718,99.876048,104.10387,-9.5910806,-13.477311,13.098551,-0.014992265,0.9846,0.8989,0.6597
gal0_star01006,star,1.4936791,0.466693,596.55801,-427.69659,-10.418144,4.8202508,6.8580286,-0.091823876,1.0000,1.0000,0.8529
gal0_star01007,star,1.2890026,0.803365,476.96348,585.68569,-16.156937,-6.3366386,5.3826806,0.082626383,0.9780,0.5765,0.1035
gal0_star01008,star,1.798974,0.886887,-707.58405,524.02824,8.4646215,-4.8366074,-5.9186232,0.6631678,1.0000,0.8333,0.4557
gal0_star01009,star,0.96030822,0.563089,302.74241,134.28216,-18.996036,-4.9166179,11.631673,0.24323375,0.9607,0.5564,0.0676
gal0_star01010,star,1.4011774,0.73387,-518.7308,-314.06839,18.343115,4.8559813,-7.9555577,-0.46684783,1.0000,0.5441,0.1335
gal0_star01011,star,1.4536227,0.435716,-243.22899,89.033768,16.545404,-4.9473334,-13.018201,-0.32154777,1.0000,0.3563,0.0637
gal0_star01012,star,0.8815111,0.840135,216.00751,821.83481,21.783312,-7.6981036,1.9036448,-0.37524891,0.9650,0.3776,0.0205
gal0_star01013,star,1.1541091,1.08933,-875.51427,-600.86703,-3.0283177,4.0814843,-5.7547358,-0.20490051,0.9978,0.9836,0.8079
gal0_star01014,star,1.8940497,0.694486,-412.77744,-836.64775,16.593235,6.4035566,-2.8816232,-0.77587057,0.9979,0.8056,0.4537
gal0_star01015,star,1.8474856,0.537654,13.777764,287.8194,-0.33712146,-13.858166,0.67251929,-0.51201999,1.0000,0.9848,0.8225
gal0_star01016,star,0.60111576,0.306345,-314.91834,-371.19735,8.7835709,7.6160004,-5.773695,-0.28850759,0.9955,0.9235,0.6503
gal0_star01017,star,1.5787029,1.14656,371.69631,-338.74741,0.53801876,6.6802997,7.4153583,0.15980721,0.9936,0.3655,0.0051
gal0_star01018,star,0.86181249,0.631846,-123.4098,759.40399,-0.9229287,-8.4474483,-1.4258936,-0.12463077,1.0000,0.8293,0.4551
gal0_star01019,star,0.55456947,1.14377,-385.04457,470.20348,3.44102,-6.6529672,-5.9686018,-0.48661769,1.0000,0.7090,0.2468
gal0_star01020,star,1.7355282,0.596386,73.250597,180.00821,26.810469,-15.460523,7.1648989,-0.24228451,1.0000,0.5505,0.0785
gal0_star01021,star,0.5089043,0.335952,6.2446248,39.509552,12.876826,-34.568016,5.7040353,-0.58224243,1.0000,0.8600,0.4253
gal0_star01022,star,1.0405818,0.742051,-181.30152,-126.65576,-5.1877269,8.2043267,-12.634825,-0.35658585,1.0000,0.6894,0.2332
gal0_star01023,star,1.8278243,0.929344,168.93891,-228.19804,7.7452509,9.8752166,7.4021118,-0.72740576,0.9698,0.8075,0.4346
gal0_star01024,star,0.92013541,1.10022,127.64403,415.29463,-13.831579,-10.659297,3.1429895,0.39419419,0.9983,1.0000,0.7975
gal0_star01025,star,1.2323822,0.866544,937.25038,-400.14695,13.504958,2.958547,6.1185076,-0.0020057899,0.9943,0.8487,0.4445
gal0_star01026,star,1.2012824,1.0741,-172.25911,105.25195,0.80491383,-9.1642175,-14.143756,0.51802633,1.0000,0.9528,0.6622
gal0_star01027,star,0.8781964,0.566051,156.14014,-407.47529,-32.768152,10.763524,3.713384,-0.40198448,1.0000,0.3861,0.0446
gal0_star01028,star,1.2107591,0.753706,303.57468,-162.74108,8.9479505,5.2041583,10.297717,-1.2032841,1.0000,0.9331,0.6338
gal0_star01029,star,0.9154084,0.718883,213.10814,331.78191,-4.0031428,-8.9605408,6.3924658,-0.38587427,1.0000,0.9471,0.8296
gal0_star01030,star,1.5404157,0.896904,101.98774,-809.02842,-5.6796229,7.8554748,0.91823631,0.1803876,1.0000,0.9698,0.8255
gal0_star01031,star,0.91330171,0.698395,-344.40971,-250.55039,-7.5219764,6.3189032,-9.4547982,0.86670625,0.9994,0.7239,0.2060
gal0_star01032,star,1.6996083,0.861048,397.52158,721.10582,8.7062088,-6.8500404,4.0903474,0.51622294,0.9634,0.7184,0.2562
gal0_star01033,star,1.2066614,0.307347,202.78186,-186.33019,5.4316648,9.0672253,10.101958,0.16420381,1.0000,0.3738,0.0638
gal0_star01034,star,0.84955707,0.526285,-540.44094,-761.38584,2.1667908,6.4624718,-4.6252724,0.15197287,1.0000,0.9471,0.6839
gal0_star01035,star,1.1784585,0.392268,105.11386,88.196973,11.472972,-13.353789,13.609815,1.5408715,0.9821,0.8314,0.4320
gal0_star01036,star,0.74879793,0.447387,-88.413084,132.00495,-16.671524,-14.179312,-10.568977,0.31158085,0.9873,0.3994,0.0133
gal0_star01037,star,1.1439884,0.34627,-682.48739,768.49531,-20.318803,-5.2554378,-4.8074575,0.39305643,0.9814,0.9784,0.8331
gal0_star01038,star,0.70709347,1.01323,1007.9196,-989.31249,4.4490798,4.2713126,4.1548794,0.12621449,0.9720,0.9787,0.7915
gal0_star01039,star,0.53117059,1.02358,236.35978,16.118209,-9.6820357,-0.95451828,14.481905,-0.75403912,1.0000,0.3900,0.0612
gal0_star01040,star,1.3132578,0.583785,105.09273,145.54954,-13.659686,-12.522922,8.7287047,0.55262579,0.9936,0.8680,0.4536
gal0_star01041,star,0.88795642,0.776332,662.63309,-422.29657,-6.0772063,4.4420175,6.3648549,-0.49430028,0.9919,0.7304,0.2191
gal0_star01042,star,1.8682033,0.952978,-71.09322,-321.17656,-9.5759262,12.012918,-3.1507271,0.1992467,0.9862,0.3668,0.0227
gal0_star01043,star,1.0472718,0.817744,-119.32126,725.73067,-5.7457342,-7.8154641,-1.3969251,-0.3402936,0.9911,0.7425,0.2674
gal0_star01044,star,1.6809353,1.09569,-744.98939,35.752725,3.6162446,-0.28048472,-8.2990567,-0.25233484,0.9991,0.9055,0.6328
gal0_star01045,star,1.4189936,0.48137,-63.105803,-778.98598,-6.0756814,8.1002518,-0.87721363,0.066557602,0.9659,0.9425,0.6520
gal0_star01046,star,1.193179,0.446186,-351.91585,-111.78259,30.71975,2.9172488,-11.359757,0.46960239,0.9601,0.9282,0.6481
gal0_star01047,star,1.0243248,0.727871,424.15581,-347.32657,-13.1626,6.4845507,7.2777194,0.64506102,0.9967,0.5528,0.0940
gal0_star01048,star,1.0049497,1.06011,-817.32476,1659.6627,-3.7617112,-4.9619014,-2.4292625,-0.021619907,0.9936,0.8040,0.4619
gal0_star01049,star,1.7227331,1.09968,75.884739,449.89311,12.08644,-10.093791,1.7687087,0.37743266,0.9947,0.4159,0.0319
gal0_star01050,star,0.89869166,0.84749,79.555533,198.83791,38.419838,-14.005211,4.6156717,-0.1303146,1.0000,0.7298,0.2731
gal0_star01051,star,1.3951508,0.525703,559.66856,-510.29719,3.4611628,5.6371261,6.1207224,0.13413371,1.0000,0.9406,0.6657
gal0_star01052,star,1.4725977,0.661869,179.3338,-412.64642,-2.2136278,9.9883516,4.54523,0.25362572,1.0000,0.5292,0.0786
gal0_star01053,star,1.6544347,0.878454,65.362548,-196.0156,21.582322,14.607309,4.8714598,-0.30767685,1.0000,0.5559,0.0918
gal0_star01054,star,0.55756407,0.444297,-88.75741,505.49677,13.882137,-10.10969,-2.1647586,-0.2387577,1.0000,0.3928,0.0272
gal0_star01055,star,1.7800609,0.457158,62.173599,209.45557,-2.4182719,-14.638207,4.4905482,0.082891124,0.9933,0.9131,0.6512
gal0_star01056,star,1.1471745,0.888049,-360.85448,1151.2142,2.997137,-6.5304664,-2.0084763,0.23370107,1.0000,0.9790,0.8415
gal0_star01057,star,1.4555242,0.48606,-1146.5774,145.73201,-0.68098022,-0.85676597,-6.430352,0.22095093,1.0000,0.8037,0.4541
gal0_star01058,star,1.6592464,0.779332,-5.4894684,-158.84517,-2.2688312,17.863374,-0.86307439,-0.26075459,0.9658,0.9597,0.8092
gal0_star01059,star,1.3859598,0.659739,80.836533,-65.095,12.017446,13.765948,16.857026,0.026315338,1.0000,0.8243,0.4618
gal0_star01060,star,1.7778664,0.30234,-286.14236,284.13483,-22.513617,-7.8245804,-7.8254723,-0.035730381,0.9953,0.8391,0.4621
gal0_star01061,star,1.4906337,0.848881,-331.592,-16.449879,-18.598384,-0.1740316,-12.301384,-0.095763664,0.9877,0.9948,0.8063
gal0_star01062,star,1.3596751,0.432225,489.65401,-1437.5591,-15.334011,5.1787831,1.8985708,-0.047692626,0.9993,0.6988,0.2423
gal0_star01063,star,1.9814417,0.895399,450.87333,54.305929,0.46358385,-0.84968731,9.8056363,0.64133897,0.9858,0.7572,0.2309
gal0_star01064,star,0.82023343,0.777267,283.43386,106.12698,25.856066,-4.007239,12.129356,-0.56440677,0.9604,0.6951,0.2113
gal0_star01065,star,1.4468213,0.345487,-424.73019,-533.99985,1.8215732,6.6847093,-5.1321889,-0.12955518,1.0000,0.3707,0.0556
gal0_star01066,star,1.9278761,0.904122,-237.22084,-456.42297,-3.5846791,8.5744708,-4.357725,-0.42217358,0.9792,0.9855,0.8426
gal0_star01067,star,1.1857902,1.07305,-169.06342,-219.18063,2.1443361,10.114987,-7.8107796,-0.30942556,0.9988,0.7419,0.2670
gal0_star01068,star,1.6491116,0.811756,-990.08275,-208.59467,5.9308898,1.3731496,-6.7411624,-0.33283086,0.9930,0.5603,0.1441
gal0_star01069,star,0.64222937,1.04807,289.3573,166.55856,6.4109174,-5.8291552,10.855432,0.7273015,0.9905,0.9322,0.7072
gal0_star01070,star,0.94119767,0.660497,-1451.1955,-916.55297,-8.3736621,2.8143922,-4.1307835,-0.03807337,1.0000,0.8526,0.4373
gal0_star01071,star,1.6053355,0.799125,-150.96912,122.04278,24.319098,-10.441758,-12.904148,-0.56073027,0.9951,0.7055,0.2776
gal0_star01072,star,1.5634485,0.504971,-5.3889431,900.86732,2.8090347,-7.5273276,-0.25997432,-0.091870936,0.9870,0.9394,0.8409
gal0_star01073,star,0.88967555,0.579346,481.5077,121.9257,-19.335763,-3.0253458,9.5912775,0.29622979,1.0000,0.8357,0.4584
gal0_star01074,star,0.80087822,0.603559,-242.89685,527.13499,-2.7293406,-8.6526965,-3.8260107,0.34325773,0.9898,0.3581,0.0424
gal0_star01075,star,1.1646045,0.490928,-511.71592,-433.76642,-5.9831362,5.4508955,-6.4422663,0.11966714,0.9764,0.5519,0.1076
gal0_star01076,star,0.6588949,0.63346,-137.20957,135.71177,41.895923,-11.665301,-11.125571,-0.79808807,1.0000,0.7059,0.2421
gal0_star01077,star,1.9232278,0.355571,-402.41752,-1360.1859,1.4224917,5.696656,-1.7295773,-0.026393145,1.0000,0.8553,0.4508
gal0_star01078,star,1.2130761,0.598108,-30.909835,-146.29401,35.103036,17.798341,-2.7697457,-0.34467306,1.0000,0.8200,0.4568
gal0_star01079,star,0.68010239,0.708543,-751.60148,1461.6272,-0.15249333,-5.0820684,-2.0979236,-0.32658432,1.0000,0.5656,0.1026
gal0_star01080,star,1.5435725,0.360389,-208.36945,323.34975,9.339125,-9.7485936,-6.0325117,-0.45545003,1.0000,0.5498,0.0798
gal0_star01081,star,1.4693378,1.09418,-522.21628,1119.5256,-10.277961,-5.2935655,-2.7214644,0.13041616,0.9924,0.8232,0.4508
gal0_star01082,star,0.63151794,1.0601,416.87266,-336.69788,-13.544814,5.7783475,7.4265291,-0.53753472,1.0000,0.8110,0.4420
gal0_star01083,star,0.78003331,0.761234,216.76741,-197.84672,3.1399357,8.9352795,10.19152,-0.12848389,0.9828,0.9056,0.6761
gal0_star01084,star,1.100683,0.986014,-770.28974,-331.0939,22.629335,2.8210916,-7.5333467,-0.66711044,0.9850,0.6777,0.2673
gal0_star01085,star,1.8993926,0.753729,-547.63984,-174.04757,-27.315362,3.136114,-8.7767308,0.3349223,1.0000,0.9632,0.8052
gal0_star01086,star,0.71706226,1.00869,-148.47124,129.10809,-6.2186825,-9.8421929,-11.313696,0.34864605,1.0000,0.4208,0.0000
gal0_star01087,star,0.58360404,0.45738,624.52696,6.5976638,-3.4424333,0.15915017,8.2732333,-0.03395448,0.9802,0.7194,0.2523
gal0_star01088,star,0.61376118,1.00333,445.80737,330.81175,17.734132,-5.4879645,7.5022677,0.26522631,1.0000,0.7589,0.2719
gal0_star01089,star,0.70550474,0.682393,21.179237,441.85203,15.670974,-10.12556,1.3453147,0.628709,0.9976,0.5375,0.1050
gal0_star01090,star,1.8898029,1.05907,72.233829,152.16559,11.382417,-15.169815,7.9929809,-0.536076,0.9603,0.5665,0.1242
gal0_star01091,star,1.3537664,0.962233,-302.69306,24.374769,-1.6223893,-1.3798071,-12.789668,-0.058225775,0.9981,0.7278,0.2791
gal0_star01092,star,1.9284742,0.329708,18.205421,910.22219,12.938707,-7.077107,0.12748327,0.75247546,0.9719,0.9889,0.8118
gal0_star01093,star,0.91903867,0.316102,42.516594,-170.80609,-2.5224467,16.050817,3.6018774,1.2840615,0.9684,0.3635,0.0265
gal0_star01094,star,0.53219024,1.00303,195.28713,291.86118,26.342766,-10.565733,6.534496,0.53473403,1.0000,0.9249,0.6289
gal0_star01095,star,1.0184529,0.686003,-106.02796,318.88694,-15.989053,-11.266077,-4.1230299,-0.74094172,1.0000,0.7091,0.2669
gal0_star01096,star,1.4587475,0.754155,-128.67817,-540.23074,3.2729464,9.2828616,-1.9646828,-0.27204389,0.9741,0.5656,0.0963
gal0_star01097,star,0.71454885,0.979412,274.47672,808.00192,15.272567,-7.6080071,2.613427,0.41480377,1.0000,0.3850,0.0613
gal0_star01098,star,1.4560575,1.13823,-178.20192,717.33285,-5.1540005,-7.9855305,-2.3756145,-0.41831105,0.9646,0.6994,0.2503
gal0_star01099,star,1.9310537,0.340267,1326.5923,34.058344,-12.59576,-0.34569131,6.1214676,0.20677227,1.0000,1.0000,0.8398
gal0_star01100,star,1.2871736,0.57348,90.17901,110.11454,17.337293,-14.256117,11.679761,0.32568354,1.0000,0.9640,0.8287
gal0_star01101,star,0.74511218,0.321808,-1443.6676,11.435702,-4.8413957,-0.19123505,-5.9329551,0.29443475,1.0000,0.8566,0.4763
gal0_star01102,star,1.1048915,0.378203,-173.48036,-139.48273,-11.270355,9.3083174,-11.533672,0.11565773,1.0000,0.7348,0.2457
gal0_star01103,star,0.52668535,0.647511,327.60155,-133.30089,19.666442,4.3016339,10.542667,-0.078142838,0.9734,0.5459,0.1087
gal0_star01104,star,1.4130044,0.460719,150.28335,400.91641,-22.62648,-10.300221,4.050408,0.08748743,0.9820,0.7036,0.2823
gal0_star01105,star,0.64305849,0.709908,66.60239,49.123136,21.79045,-11.951188,19.595269,0.29368561,0.9869,0.3581,0.0132
gal0_star01106,star,0.73850632,0.356379,582.30917,-467.22936,1.2636258,5.2365533,6.7963825,-0.26919819,0.9891,0.8707,0.4330
gal0_star01107,star,0.69079603,0.460659,-1194.8325,13.926525,23.337918,-0.33471752,-6.3818474,-0.30618574,1.0000,0.3845,0.0402
gal0_star01108,star,1.5819091,1.08012,448.3826,98.926571,18.140521,-2.3062176,10.6112,0.74777575,0.9892,0.5376,0.1159
gal0_star01109,star,0.76240231,0.438827,259.74067,255.15499,22.412059,-8.4079815,7.9294485,0.056732586,0.9906,0.8574,0.4604
gal0_star01110,star,1.6084521,0.391482,-522.65814,41.231382,-8.1373579,-0.96771224,-9.6278429,0.25041198,1.0000,0.4144,0.0315
gal0_star01111,star,0.71562407,0.917195,333.90117,-580.92168,3.9979529,7.7383927,4.4110831,0.63565132,0.9920,0.8326,0.4252
gal0_star01112,star,1.9686232,0.701923,-971.56561,480.11509,7.073887,-2.7478659,-6.0914285,-0.10962513,1.0000,0.8538,0.4394
gal0_star01113,star,1.632088,0.780446,1474.5042,-219.9281,-3.3651761,0.92102593,5.9714626,0.03947888,0.9724,0.6952,0.2612
gal0_star01114,star,1.9714058,0.328598,-29.948725,497.67329,-22.355612,-10.523903,-1.1971539,0.80603198,1.0000,0.8597,0.4349
gal0_star01115,star,1.1394261,0.930204,-150.94052,322.40319,11.055786,-9.5204,-5.2059702,-0.2511459,0.9816,0.8720,0.4325
gal0_star01116,star,1.9182681,1.09009,-215.7221,-468.76443,11.7311,9.1088065,-4.4872161,0.086276756,0.9919,0.9339,0.6270
gal0_star01117,star,0.54632191,0.852298,613.65932,486.8024,7.0368293,-5.0051014,6.1108273,0.21829123,1.0000,0.4070,0.0406
gal0_star01118,star,1.4774817,0.726566,280.99406,542.03973,8.3337523,-8.3212495,4.0929744,-0.27413302,1.0000,0.7149,0.2550
gal0_star01119,star,1.6999031,0.457956,-615.14117,291.65124,-15.779503,-3.3783049,-7.4406252,0.43148192,0.9581,0.5771,0.0711
gal0_star01120,star,0.63344233,1.12966,-68.411986,-819.83731,-5.8601644,7.8867572,-1.1306144,-0.14860355,0.9998,0.5604,0.1177
gal0_star01121,star,1.3812542,0.3308,-283.29057,-358.489,0.58023666,7.5540213,-6.3186635,-0.30961848,0.9968,0.9663,0.8328
gal0_star01122,star,0.75869303,1.08498,230.88973,-390.35004,21.474298,9.7447063,5.8749558,-0.54919256,1.0000,0.3761,0.0465
gal0_star01123,star,1.149674,0.644097,122.9886,-206.36318,-27.443645,12.446931,7.5109075,-0.50461471,0.9967,0.9619,0.8289
gal0_star01124,star,1.7758321,0.687905,149.84703,-27.845934,1.8505684,4.1642377,18.376819,1.6147575,0.9497,0.9510,0.8187
gal0_star01125,star,1.9127362,1.01555,-332.44242,237.62071,7.166015,-5.4302524,-9.4617064,-0.36063113,0.9694,0.3631,0.0255
gal0_star01126,star,1.668099,0.650441,-344.18363,-33.245554,-15.615305,1.5896681,-11.276473,-0.60130948,0.9816,0.3465,0.0264
gal0_star01127,star,1.358326,0.857136,-45.657642,-344.72053,19.318464,13.010254,-1.4057579,-0.031573123,0.9974,0.5630,0.0636
gal0_star01128,star,1.6288398,0.95636,-48.299124,-63.729709,-24.392128,18.954679,-14.745324,2.0990455,1.0000,0.5383,0.1154
gal0_star01129,star,1.5151091,1.12025,-679.45534,202.28597,5.553255,-2.5376889,-8.0790041,0.11146912,0.9871,0.7482,0.2502
gal0_star01130,star,1.2707902,0.62408,-457.11293,183.4521,2.3603191,-3.9158212,-8.6414714,-0.30381498,0.9997,0.9478,0.6638
gal0_star01131,star,0.98421816,0.715664,-45.671604,-578.88951,-20.552322,9.3569721,0.20605843,0.2687722,0.9829,0.7239,0.2826
gal0_star01132,star,1.8274056,0.941541,-111.96671,-279.18941,-2.7873294,12.356472,-4.9487438,-0.099978412,0.9707,0.9200,0.6600
gal0_star01133,star,1.7170776,0.38081,354.48131,-108.11871,4.9235881,3.2222168,10.617227,0.26796728,1.0000,0.7444,0.2558
gal0_star01134,star,1.9399224,1.06807,514.38507,-982.28067,-12.802064,5.8714534,3.2487482,-0.015476445,1.0000,0.9950,0.8424
gal0_star01135,star,0.65901454,0.644168,-438.79565,163.78332,-10.907399,-3.3627004,-9.1991626,0.57826386,0.9691,0.3909,0.0297
gal0_star01136,star,1.3514732,0.593746,-322.5364,-340.89376,-8.4690978,7.7958428,-7.105084,0.42261588,0.9720,0.5603,0.1169
gal0_star01137,star,0.88542281,1.0433,-1185.4176,114.83035,16.95532,-0.79174734,-6.8296005,0.013814676,1.0000,0.9603,0.7999
gal0_star01138,star,1.1248484,0.587818,431.56597,13.903997,3.3366958,-0.092085003,10.618399,0.26520696,1.0000,0.6956,0.2375
gal0_star01139,star,1.908056,0.638877,278.82118,124.6462,-5.3767608,-5.4106346,11.823056,-0.18303389,0.9539,0.7249,0.2408
gal0_star01140,star,0.71008536,0.462683,103.79033,114.83482,19.38473,-13.811631,13.069929,-0.04631724,1.0000,0.3836,0.0046
gal0_star01141,star,0.58663168,0.891328,1437.8155,-1164.1248,3.4758554,3.4506517,3.8429551,0.25946542,1.0000,0.7311,0.2598
gal0_star01142,star,0.85670219,0.367015,673.55477,64.641957,-2.6160653,-0.68624839,9.013825,0.14933049,1.0000,0.3873,0.0395
gal0_star01143,star,0.59436689,0.673008,418.60335,-68.453354,19.1434,2.5878117,11.370481,-0.11291784,0.9899,0.8339,0.4344
gal0_star01144,star,0.51485868,1.11938,250.03102,239.51413,-13.19219,-8.0064122,9.4769985,0.2506089,0.9870,0.7296,0.2863
gal0_star01145,star,1.5457522,0.894584,-545.75913,-43.050236,-0.89058727,0.51758269,-9.4598886,0.75160523,0.9968,0.5561,0.0937
gal0_star01146,star,1.0720799,0.699601,725.71118,683.01839,0.58420699,-4.7105424,5.4229548,0.38593878,1.0000,0.3803,0.0477
gal0_star01147,star,1.1899039,0.411814,1444.6493,1155.6333,-8.716194,-2.9259658,3.6419724,0.034296784,0.9755,0.7166,0.2644
gal0_star01148,star,1.0949285,0.324666,78.561762,661.51146,16.569434,-8.8133163,0.73188694,0.31861107,1.0000,0.3497,0.0347
gal0_star01149,star,1.551793,1.10724,-399.90802,476.64144,-7.5871578,-7.4157281,-6.1791926,0.3610677,0.9874,0.8282,0.4740
gal0_star01150,star,1.4590921,0.390022,-968.90964,-1540.4173,-2.8765981,4.5942889,-2.8370089,-0.063090979,0.9700,0.3824,0.0000
gal0_star01151,star,1.0822856,0.311196,443.49337,975.79839,9.3915847,-6.3537572,2.5327516,0.43852181,1.0000,0.5614,0.1419
gal0_star01152,star,0.56627526,0.757854,271.03238,831.98841,-7.2404873,-7.1199655,2.1333792,0.39353736,0.9670,0.9564,0.7736
gal0_star01153,star,1.4939838,1.12373,361.39253,-135.22707,-11.779238,3.9072087,10.842178,0.012516571,0.9990,0.9972,0.8221
gal0_star01154,star,1.9844777,0.928885,208.83161,-2.0488009,-9.1995231,0.83477369,15.551167,-0.48284654,1.0000,0.3815,0.0402
gal0_star01155,star,0.67945614,0.956883,-123.6659,313.93374,-3.0097275,-11.389776,-4.9941943,0.29734351,0.9833,0.9648,0.8048
gal0_star01156,star,1.2961103,0.379132,-48.732052,115.33614,4.5152177,-17.582639,-7.5251647,-0.53208467,0.9954,0.8407,0.4587
gal0_star01157,star,1.8577715,0.356678,234.18355,-411.43529,-13.304388,8.6629421,4.8006954,-0.070844414,0.9678,0.5432,0.1243
gal0_star01158,star,1.5297546,0.719886,-479.88887,655.19635,-5.2152177,-6.6878514,-4.3967742,0.071736441,1.0000,0.4028,0.0213
gal0_star01159,star,0.58034214,0.988064,-11.425599,494.48438,-35.394809,-9.9251574,-0.41413628,-0.11827072,1.0000,0.9694,0.8211
gal0_star01160,star,0.99388043,0.394004,-453.38013,163.74844,1.3538843,-2.8199126,-9.5848618,-0.28895511,0.9865,0.8358,0.4001
gal0_star01161,star,1.6943298,0.402778,280.17094,-627.23201,-2.5433898,8.5714576,3.4859038,0.49804172,0.9961,0.9011,0.6820
gal0_star01162,star,1.7049607,0.530832,74.981203,-399.18343,-28.706293,10.901399,2.0882186,-0.30589584,0.9875,0.9421,0.8339
gal0_star01163,star,0.81298608,0.554723,88.167958,-201.98625,3.0974666,13.688806,5.0908728,-0.90291011,0.9899,0.8634,0.4541
gal0_star01164,star,0.85346815,0.685757,240.14203,27.833414,-1.3893936,-1.8962713,13.727614,0.45018705,1.0000,0.9293,0.6409
gal0_star01165,star,1.1728687,1.14733,773.74572,-594.63689,0.037667629,4.5953826,5.5974886,-0.038536245,1.0000,0.9889,0.8214
gal0_star01166,star,1.4971466,0.500802,-113.05027,-552.06764,4.9052372,9.4712958,-1.6540182,0.33542295,1.0000,0.7130,0.2419
gal0_star01167,star,1.3517326,1.13552,433.87029,702.16251,-8.34991,-6.2865737,4.1527916,-0.37361384,0.9955,0.9349,0.7750
gal0_star01168,star,0.75042918,1.12479,415.0664,374.4364,31.505442,-5.8687851,6.9835039,0.21922297,0.9844,0.7515,0.2753
gal0_star01169,star,1.5768046,0.357839,114.93672,450.45625,20.903371,-9.438095,2.7377849,0.025051624,0.9989,0.9637,0.8286
gal0_star01170,star,1.3090069,0.997892,-565.52173,-29.57033,20.20232,0.82477456,-8.6685949,0.079480038,1.0000,0.9977,0.8001
gal0_star01171,star,1.3374256,0.465194,-316.04698,-370.48871,-19.314122,7.4781225,-6.6306355,-0.3598176,1.0000,0.6862,0.2438
gal0_star01172,star,1.1223125,0.89951,-1159.1691,-514.98709,11.45088,2.6411543,-5.9252393,-0.32199477,1.0000,0.8966,0.6221
gal0_star01173,star,1.9997647,0.778072,949.82808,-976.83378,-7.0695432,4.7848715,4.1245197,0.12410533,1.0000,0.8199,0.4171
gal0_star01174,star,1.6966893,0.834307,-103.70311,505.59258,-11.633853,-8.9171592,-1.8645691,-0.54001426,0.9936,0.5693,0.0946
gal0_star01175,star,1.2060498,0.888189,90.217192,94.830956,-18.588823,-14.031415,12.905945,-0.45096916,1.0000,0.3373,0.0039
gal0_star01176,star,0.75235349,0.396433,537.36618,-491.37892,-5.7085297,5.436978,6.1071804,-0.21296507,0.9576,0.7283,0.2781
gal0_star01177,star,1.633483,0.906328,83.521997,-386.63344,19.765977,10.118076,2.5553188,-0.50626414,1.0000,0.9420,0.8541
gal0_star01178,star,1.5885762,0.987114,326.15861,530.94324,19.015864,-8.2743031,4.8570485,0.13641263,1.0000,0.4157,0.0383
gal0_star01179,star,0.64741887,1.01327,-712.63805,147.02552,23.560114,-1.3186066,-8.2994268,0.20185793,0.9723,0.7392,0.2628
gal0_star01180,star,0.79618616,0.584042,-509.45535,-384.5039,24.851026,5.3410479,-6.8871467,-0.048329771,0.9823,0.9818,0.8412
gal0_star01181,star,1.9744499,0.343548,-102.90508,135.60363,7.6548227,-13.333435,-9.9275477,-0.67367993,1.0000,0.9857,0.7794
gal0_star01182,star,0.93023723,0.470215,574.05917,-154.87623,15.535852,2.2219617,8.7907382,-0.24438442,1.0000,0.8653,0.4096
gal0_star01183,star,1.1322224,1.07428,-680.2311,515.88894,-8.232772,-5.1176937,-6.5778491,-0.017533245,1.0000,0.7979,0.4381
gal0_star01184,star,0.65639647,0.594541,-684.4341,-519.2064,-15.18152,4.9337239,-6.1441526,-0.089721868,0.9734,0.5516,0.0915
gal0_star01185,star,1.2604177,1.07501,-383.12235,237.96333,17.524562,-5.4799707,-8.8638305,0.29813465,0.9770,0.9798,0.8669
gal0_star01186,star,1.1691102,0.636786,-367.19603,-89.024221,2.200696,2.3827635,-10.648422,0.20514895,1.0000,0.8481,0.4859
gal0_star01187,star,1.6635204,0.489006,-181.13413,-253.36712,21.623801,9.6024271,-7.7530576,-0.0018931382,0.9953,0.9939,0.8008
gal0_star01188,star,0.72935424,0.73634,-649.22315,1732.3421,3.550621,-4.9027677,-1.6595574,0.036846813,0.9853,0.8344,0.4007
gal0_star01189,star,1.863303,0.45988,147.25057,-54.201035,23.636956,6.70891,16.986676,-0.45156103,0.9579,0.7222,0.2474
gal0_star01190,star,0.71535202,1.09222,-557.7145,-368.10359,12.022345,4.7905403,-6.8393317,-0.67435988,0.9716,0.9918,0.8458
gal0_star01191,star,0.5535569,0.397742,562.2353,-503.20635,1.780782,5.6573914,6.6457387,0.16674817,1.0000,0.9830,0.8387
gal0_star01192,star,0.93643824,0.679378,-36.605186,16.126388,-17.904025,-13.683848,-31.872661,0.55206037,1.0000,0.5574,0.0788
gal0_star01193,star,1.637169,0.975968,-974.08615,-119.79509,1.0510235,1.0595141,-7.5997533,0.31387921,1.0000,0.9383,0.6665
gal0_star01194,star,0.96980081,0.495021,1149.4781,800.81787,0.36951802,-3.7640268,5.041458,0.0006282372,0.9919,0.6001,0.0775
gal0_star01195,star,0.97317728,1.07046,101.1073,110.35298,-6.7656502,-12.995188,12.072622,0.3438726,1.0000,0.8326,0.4426
gal0_star01196,star,1.863752,0.871525,54.977557,-581.34091,7.6198875,9.4608331,1.1158558,-0.34992448,1.0000,0.7328,0.2254
gal0_star01197,star,0.60926892,0.549473,-75.139459,-327.25018,-1.4420999,11.906683,-2.9528474,-0.12251171,1.0000,0.8923,0.6601
gal0_star01198,star,1.6198405,0.961839,482.70558,110.8849,-3.1114326,-2.0438987,9.654691,0.31311661,0.9978,0.8551,0.4803
gal0_star01199,star,1.1519665,0.535706,123.81632,-1024.4203,-22.59916,6.3824975,0.69536437,0.1358935,1.0000,0.3719,0.0546
gal0_star01200,star,0.76467109,0.510127,491.91108,-739.41767,4.4892634,6.5758478,4.102475,0.082368152,1.0000,0.7207,0.2504
gal0_star01201,star,1.872977,0.831732,-1147.46,643.8316,-3.6875991,-2.9572553,-5.5048896,0.11903636,0.9988,0.9144,0.6459
gal0_star01202,star,1.4780426,0.868769,488.64661,-291.42629,13.686769,4.9067642,8.0147238,0.19459086,0.9985,0.8434,0.4494
gal0_star01203,star,0.55273864,0.660817,411.84975,389.08522,-12.867385,-6.4663815,7.032461,0.16198463,1.0000,0.7212,0.2338
gal0_star01204,star,1.3471239,1.08814,232.72053,83.666434,25.970664,-4.7164496,13.817575,-0.065711618,0.9838,0.3722,0.0206
gal0_star01205,star,1.9664146,0.431299,-411.69251,230.96911,-44.326724,-4.7249773,-9.1813495,0.0017417272,0.9988,0.3677,0.0399
gal0_star01206,star,1.9051146,0.83372,-951.2102,841.67712,-17.867929,-3.736509,-4.7031406,-0.071109597,1.0000,0.8369,0.4833
gal0_star01207,star,0.90992603,0.376151,-828.56041,697.36839,1.4300596,-4.2962139,-5.2961157,-0.028030691,0.9586,0.5520,0.0635
gal0_star01208,star,1.3088447,0.881161,126.50603,-201.87077,-32.415668,13.334933,6.7556379,0.45863442,1.0000,0.3575,0.0632
gal0_star01209,star,1.5820333,1.14996,157.79924,-27.400432,5.9791473,2.8766382,17.392959,0.12907055,1.0000,0.9118,0.6614
gal0_star01210,star,0.50468676,1.12114,67.754097,27.039167,-5.5020907,-9.2679813,25.060262,-1.0833775,1.0000,0.5304,0.0782
gal0_star01211,star,1.3495907,0.435621,882.30404,165.18684,-11.006331,-1.1996237,6.973834,-0.067074011,0.9994,0.8171,0.4148
gal0_star01212,star,0.81389486,0.420169,318.93733,-377.88883,-14.481612,6.9379745,7.0152471,0.096260521,0.9612,0.5341,0.1066
gal0_star01213,star,1.6817248,0.672474,-884.17963,-596.36445,-32.256756,3.4352913,-5.6458036,0.076823701,0.9999,0.3754,0.0197
gal0_star01214,star,0.70407002,0.927961,-768.69625,100.78646,-0.7057689,-0.87796475,-8.3835963,0.20760727,1.0000,0.5326,0.1034
gal0_star01215,star,1.4173254,0.986565,335.47094,-807.22511,-13.84824,6.4280305,3.0435142,-0.16561827,1.0000,0.8975,0.6429
gal0_star01216,star,1.2425441,0.733547,-230.01658,-440.52235,5.1238252,8.6820203,-4.8961628,-0.28436857,1.0000,0.5595,0.0609
gal0_star01217,star,1.9801738,1.10539,-508.60824,-1305.1388,2.6423522,5.2773439,-2.2393983,0.053821787,1.0000,0.9464,0.8259
gal0_star01218,star,1.0338783,1.11475,-890.69915,-645.55066,1.8880703,4.4422636,-5.6915272,0.25617766,0.9757,0.9141,0.6663
gal0_star01219,star,1.1666148,0.556043,-752.34969,-172.54508,-10.512668,1.4948817,-7.4743259,-0.11045616,0.9940,0.3547,0.0443
gal0_star01220,star,0.51385009,0.548659,817.01806,-531.53887,16.432559,3.7867177,6.2916437,0.18801427,0.9944,0.8151,0.4643
gal0_star01221,star,1.9042297,1.08811,216.94064,-612.75455,23.23782,8.3210469,3.253632,0.29344696,1.0000,0.8359,0.4185
gal0_star01222,star,1.0388376,1.03983,-63.902964,14.032033,-11.220344,-6.8866914,-26.949469,-0.64458594,1.0000,0.7316,0.2304
gal0_star01223,star,0.64964294,0.627253,307.47971,521.66336,-1.2647798,-7.6979629,4.5915575,0.37396505,0.9841,0.9061,0.6350
gal0_star01224,star,1.4969832,0.4459,-786.25179,-270.98617,-16.482236,2.5263105,-7.6798229,-0.12445021,1.0000,0.7143,0.2637
gal0_star01225,star,1.7142302,0.403242,-539.64702,-374.22153,4.3853757,5.154745,-7.2599146,-0.041517458,1.0000,0.9369,0.6491
gal0_star01226,star,1.1336877,0.887408,-345.3911,-87.66983,5.5035246,2.9372718,-12.006334,0.11985763,0.9874,0.9616,0.8567
gal0_star01227,star,1.5741838,0.742731,640.40168,65.210887,19.420127,-1.3134683,8.5117083,-0.025539872,1.0000,0.8309,0.4449
gal0_star01228,star,0.70663134,0.959703,316.0928,-173.62127,12.364625,5.3339216,9.8016136,-0.29862042,1.0000,0.5564,0.0829
gal0_star01229,star,1.1982062,0.932979,229.05932,29.891858,8.8916021,-1.7747343,14.776525,0.042150248,0.9733,0.9797,0.8265
gal0_star01230,star,1.5928349,0.753687,-1572.8212,-610.79598,9.9385831,2.4401617,-4.9601198,-0.24904236,1.0000,0.5163,0.0851
gal0_star01231,star,1.4713636,1.08563,-242.46712,82.460953,-30.836893,-5.5479346,-12.488466,0.23800999,0.9787,0.8940,0.6508
gal0_star01232,star,1.0499812,0.863567,501.98165,-247.20517,11.591934,3.6518866,8.8528802,-0.06340263,0.9914,0.8809,0.6385
gal0_star01233,star,0.76098213,1.12927,189.99171,-210.26811,-14.961704,10.441779,8.9377118,0.23670062,0.9731,0.7142,0.2972
gal0_star01234,star,1.2156227,0.971217,782.23055,1228.0558,-4.2926261,-4.7335507,2.9011807,-0.31265416,0.9857,0.7342,0.2590
gal0_star01235,star,0.55982372,0.332198,87.010716,82.942111,30.565661,-14.378129,13.37977,-0.62503558,1.0000,0.5992,0.0594
gal0_star01236,star,1.2743411,0.994764,5.2684373,57.673909,-8.820273,-31.192917,4.2713391,1.7828986,1.0000,0.8370,0.4604
gal0_star01237,star,0.78070764,0.541658,-147.22754,-66.749141,11.091989,7.2490937,-15.784627,0.55688701,1.0000,0.9007,0.6421
gal0_star01238,star,1.050109,0.924247,-865.50406,262.7117,-5.9268039,-1.7378465,-7.2552738,-0.16792976,1.0000,0.5611,0.1106
gal0_star01239,star,0.75060707,0.391705,-63.852402,500.85063,19.414169,-9.6116455,-0.67347198,0.20014118,1.0000,0.8527,0.4613
gal0_star01240,star,1.3154193,0.566597,61.22871,212.05296,19.404378,-14.576517,4.4062709,0.94406089,1.0000,0.9180,0.6525
gal0_star01241,star,1.2809847,0.335726,-298.53042,-380.45184,-13.807888,8.1030999,-5.8563106,0.71018444,0.9776,0.9222,0.6084
gal0_star01242,star,1.5401957,0.627295,258.19786,837.27436,-23.449754,-7.5013926,2.4075218,0.080837353,0.9823,0.5200,0.1172
gal0_star01243,star,1.2289006,0.720815,-937.74032,82.616221,-16.662286,-0.41766383,-7.4448785,-0.12081342,0.9945,0.9641,0.8466
gal0_star01244,star,1.7153317,0.860146,-221.91636,539.44156,18.967435,-8.9175094,-3.3834757,-0.41224354,0.9839,0.3399,0.0217
gal0_star01245,star,1.0181585,0.54241,82.970012,59.444781,4.0581244,-13.394258,17.248506,0.52644496,0.9918,0.8379,0.4367
gal0_star01246,star,1.1167503,0.700255,629.84771,-426.68544,-37.170348,4.4766368,7.0140794,0.19975797,1.0000,0.5551,0.0908
gal0_star01247,star,0.94179742,0.378696,-109.77039,-17.754356,19.939431,4.3487339,-20.903451,-0.32379534,1.0000,0.8291,0.4517
gal0_star01248,star,1.9769212,0.453096,320.57917,-150.04349,-0.089430144,4.7072403,10.181209,0.8002512,1.0000,0.5608,0.1282
gal0_star01249,star,1.3103372,0.562164,279.85381,179.33865,-5.6257224,-7.4923273,10.268015,-0.35182901,0.9667,0.7399,0.2356
gal0_star01250,star,1.9126143,0.549069,60.510702,31.587678,6.4161834,-11.535513,26.043445,-0.3586217,0.9883,0.3974,0.0029
gal0_star01251,star,0.76329987,0.881331,-29.498851,109.51646,-19.567886,-20.806697,-4.7681899,0.29067648,1.0000,0.9893,0.8146
gal0_star01252,star,0.61307342,0.475934,467.09234,713.57776,33.502402,-6.5311651,4.0412441,-0.02442584,1.0000,0.5539,0.1126
gal0_star01253,star,1.9850914,0.524515,263.85662,-200.49504,2.2559625,7.1094174,9.8190442,0.18193799,0.9862,0.7026,0.2394
gal0_star01254,star,1.4573422,0.935274,265.42718,163.15771,-4.6648759,-6.56117,11.269091,-0.39661761,0.9757,0.7034,0.2630
gal0_star01255,star,0.95043586,0.825819,-198.98371,307.74526,-14.729176,-9.5749428,-5.4401919,-0.57757548,0.9963,0.3505,0.0603
gal0_star01256,star,0.61310681,0.480032,869.53336,13.158741,-7.9903142,-0.17126616,7.7357023,-0.28372356,1.0000,0.9292,0.6681
gal0_star01257,star,1.425144,0.353052,950.8529,-1237.9003,-14.790454,4.5410757,3.5036348,0.13007171,1.0000,0.7202,0.2562
gal0_star01258,star,0.52591642,1.0668,399.5013,412.00227,-21.110038,-6.7809128,6.3702989,-0.29265865,1.0000,0.4038,0.0000
gal0_star01259,star,0.65779602,1.00342,134.97671,409.84308,-2.5551557,-10.464774,3.6856524,0.20138974,1.0000,0.7249,0.2373
gal0_star01260,star,1.5428033,0.801608,-117.14162,314.31114,-5.5023041,-12.228491,-4.8874671,-0.097487228,0.9871,0.5693,0.1342
gal0_star01261,star,1.0091976,0.877097,-158.98927,-509.33211,-5.6111014,8.704583,-2.9893087,0.27622342,0.9947,0.9269,0.6703
gal0_star01262,star,1.9515355,0.316523,214.22159,-1471.3466,3.6503855,5.4733385,1.0691159,0.26452268,1.0000,0.7479,0.2549
gal0_star01263,star,1.7972762,0.790442,301.41474,546.5602,-15.925249,-7.9115479,4.1659355,0.004220016,0.9874,0.4071,0.0288
gal0_star01264,star,1.9459962,0.837427,-234.54734,-963.83019,-3.930078,7.1327135,-1.6223923,0.10776707,1.0000,0.8385,0.4794
gal0_star01265,star,0.78039158,0.73711,-89.5,311.06396,-16.610492,-12.501392,-3.5140924,0.72339336,1.0000,0.8945,0.6265
gal0_star01266,star,1.0296664,0.664022,-256.09617,-454.52113,-7.5762895,8.5305083,-4.2746737,-0.57286747,1.0000,0.9435,0.7976
gal0_star01267,star,1.4185054,0.850706,-103.37892,-283.90427,6.8046745,12.128316,-4.189617,0.52994749,1.0000,0.8890,0.6475
gal0_star01268,star,1.7656691,0.37524,117.48216,-216.50211,-3.0885187,12.68889,6.1901139,0.66884687,1.0000,0.9538,0.6350
gal0_star01269,star,1.1654487,0.661676,247.89205,84.557116,30.242699,-4.7266261,13.333818,0.28679442,1.0000,0.7046,0.2439
gal0_star01270,star,1.6164419,0.450853,-386.02133,-553.16334,-12.465088,7.5636496,-4.7781827,-0.029359891,0.9763,0.7247,0.2757
gal0_star01271,star,0.57601038,1.09541,622.78128,-442.80899,-0.74702884,4.4666542,6.3704975,0.13121344,1.0000,0.9505,0.8057
gal0_star01272,star,1.7113193,0.918255,-122.1694,-9.4233136,15.513457,1.4418272,-19.640083,-0.78234846,1.0000,0.9091,0.6936
gal0_star01273,star,1.984016,0.384753,818.19616,1521.6029,-1.0530742,-4.7095336,2.5793297,-0.4061499,1.0000,0.9785,0.8055
gal0_star01274,star,1.8251838,1.13604,-377.81572,479.9424,8.4240309,-6.7371616,-5.8875997,-0.23663395,0.9908,0.7521,0.2773
gal0_star01275,star,1.6137809,1.13625,93.815365,84.950497,-13.998709,-13.416534,15.135381,-0.20209963,0.9999,0.5405,0.0696
gal0_star01276,star,1.0967125,0.898042,240.36398,-636.43894,-0.56673131,7.881872,3.033264,0.30186017,1.0000,0.5660,0.0603
gal0_star01277,star,0.98005658,1.02854,-10.162105,-374.42561,-17.88637,11.304504,0.19307592,0.039541241,1.0000,0.3682,0.0516
gal0_star01278,star,1.7029046,0.698872,331.17222,-128.64826,11.196955,4.4222741,10.569219,0.61667518,0.9946,0.3802,0.0468
gal0_star01279,star,1.5647514,0.370951,87.366495,-62.515232,-15.504587,13.089255,17.557594,0.46606542,0.9879,0.7093,0.2279
gal0_star01280,star,1.6000791,0.870221,24.187716,253.1093,9.1894331,-13.779427,1.7643383,-0.2542193,1.0000,0.5194,0.1207
gal0_star01281,star,1.7522819,1.14937,-149.81952,117.49335,2.5469044,-9.8768377,-13.238199,0.17885486,1.0000,0.8179,0.4582
gal0_star01282,star,0.58106051,0.754502,59.278343,-417.51222,13.941972,11.274021,1.6697975,0.2795563,1.0000,0.7260,0.2775
gal0_star01283,star,1.005005,0.74304,-133.91855,728.91009,16.492057,-8.2812268,-1.4604254,-0.26433818,1.0000,0.3874,0.0124
gal0_star01284,star,0.79927675,0.919089,177.0591,-1037.2007,8.1467132,6.8216714,1.293421,-0.10587509,1.0000,0.7130,0.2929
gal0_star01285,star,1.1898244,0.425278,-573.23435,-28.600531,-13.752258,0.48158721,-9.0344376,-0.07376892,0.9917,0.5865,0.1105
gal0_star01286,star,1.3393729,1.00395,153.94487,-613.23105,-12.30969,8.6283511,1.7725202,0.29255496,1.0000,0.5815,0.0883
gal0_star01287,star,1.3657532,0.85137,-972.19265,-921.62724,-1.1826959,4.2514947,-4.3758184,0.4613689,0.9941,0.8355,0.4881
gal0_star01288,star,0.89521709,0.733809,281.90086,541.50805,6.2361044,-7.6872077,4.4081303,0.082747574,1.0000,0.9094,0.6534
gal0_star01289,star,1.0474015,0.6627,149.11486,395.2959,21.651786,-10.058542,4.204892,0.34301928,1.0000,0.8562,0.4669
gal0_star01290,star,1.3696746,1.02511,-552.90764,-130.39379,13.399871,1.7628823,-9.3195644,-0.51734385,0.9832,0.7271,0.2380
gal0_star01291,star,0.51525126,0.868032,401.32656,-568.04508,-13.257794,6.7924526,4.5129347,-0.3376259,0.9905,0.6823,0.2364
gal0_star01292,star,1.4218333,1.02826,473.04555,-303.89385,-11.297301,5.3589401,7.4894312,-0.30131163,1.0000,0.7394,0.2416
gal0_star01293,star,0.9835297,0.433021,-362.91035,702.51634,13.185834,-7.5131543,-3.4323315,0.18344017,1.0000,0.7251,0.2305
gal0_star01294,star,1.2767735,0.992381,-788.97548,-93.736819,12.108337,1.0426897,-7.8872988,0.47966556,1.0000,0.9936,0.8368
gal0_star01295,star,1.8061972,0.870933,-255.40842,-731.51193,-0.11528284,7.3041447,-2.7886613,-0.060477462,1.0000,0.7176,0.2384
gal0_star01296,star,1.024283,0.351534,-79.95578,-577.16917,5.4315192,9.3660169,-0.99956744,-0.03708706,0.9953,0.5826,0.0795
gal0_star01297,star,1.8918382,0.451393,-196.9617,-105.48784,-6.5645447,7.2874339,-12.530837,-0.052960329,1.0000,0.5893,0.0900
gal0_star01298,star,1.157213,0.630413,-999.61642,-133.52425,10.078144,0.78247045,-7.0062014,0.35812214,0.9828,0.6086,0.0939
gal0_star01299,star,0.55634584,1.06907,-304.01171,502.82396,-7.7569184,-7.7155594,-4.4468423,-0.19897506,0.9977,0.9030,0.6232
gal0_star01300,star,1.7047939,0.587774,-63.172602,299.13387,-1.3572894,-12.53949,-2.5172311,0.28440898,0.9922,0.5419,0.0739
gal0_star01301,star,0.67532811,1.06805,-232.96311,-421.13011,-6.2654079,8.7675656,-4.1901237,0.34879196,0.9723,0.3671,0.0255
gal0_star01302,star,1.3813529,0.674756,-1139.2334,195.29268,5.3817714,-0.90513241,-6.5770437,0.36437044,1.0000,0.3820,0.0350
gal0_star01303,star,0.77461231,0.302699,-415.26214,649.45813,-18.008737,-6.8116505,-4.3070606,0.37345604,0.9946,0.6994,0.2911
gal0_star01304,star,0.76998856,0.414006,56.366661,-51.710616,6.6483687,17.123591,17.59791,0.12464727,0.9876,0.5532,0.0916
gal0_star01305,star,1.0166932,1.03632,645.23444,1092.5792,17.427456,-5.6595117,3.4263406,0.08679884,1.0000,0.3848,0.0203
gal0_star01306,star,0.66733858,1.02749,-164.67102,135.67977,-2.6995837,-8.8571329,-11.758865,-0.34681513,0.9970,0.5244,0.0840
gal0_star01307,star,1.6117061,0.686732,469.06319,-283.9702,4.2035321,4.1642598,8.0935925,0.11381272,1.0000,0.8194,0.4607
gal0_star01308,star,1.33568,0.672947,240.06547,547.36521,-4.8875831,-8.5138304,4.0017938,0.60912854,0.9971,0.7294,0.2445
gal0_star01309,star,1.7228677,0.834704,156.24589,-47.635093,-3.636686,5.7836011,17.156364,0.30132947,0.9942,0.9652,0.8258
gal0_star01310,star,0.99068367,0.697769,-562.43813,-99.455084,9.1262242,1.847843,-9.5727193,-0.0049954156,0.9994,0.9834,0.8374
gal0_star01311,star,1.8581758,0.770624,-287.19381,62.109062,3.7558549,-2.9664761,-13.153051,0.51526722,0.9922,0.5613,0.0874
gal0_star01312,star,0.62344275,0.950415,160.52894,859.50925,4.4138738,-7.6985069,1.2704601,0.086417946,1.0000,0.8244,0.4503
gal0_star01313,star,1.7756417,0.60008,-292.10525,712.23981,-14.102165,-7.0833867,-2.8523366,-0.14563916,0.9920,0.8321,0.4497
gal0_star01314,star,1.8626838,0.547245,55.246026,-56.199868,-5.3533868,17.432262,18.37054,-0.85203079,1.0000,0.9527,0.8441
gal0_star01315,star,1.0278213,0.81581,-420.70008,223.18643,13.632155,-4.8574127,-9.3197777,0.95659272,0.9609,0.9042,0.6201
gal0_star01316,star,0.61287638,0.310463,-160.23257,-501.19621,-11.145432,9.6155413,-2.6260426,0.84475882,0.9763,0.7221,0.2382
gal0_star01317,star,0.50527213,0.661105,642.93409,-31.563587,-22.492314,0.79909851,9.0679735,0.12169466,1.0000,0.3822,0.0472
gal0_star01318,star,1.9486945,0.371998,449.49342,274.90737,2.0280634,-5.6037493,8.6880673,-0.2728277,1.0000,0.5577,0.1070
gal0_star01319,star,1.5756589,0.947852,218.71296,321.19619,7.5213455,-10.148603,5.7826749,-0.3645476,0.9598,0.7303,0.2365
gal0_star01320,star,1.9656522,0.990362,-159.72193,313.00141,-7.6174369,-11.081954,-5.1656312,-0.4393573,0.9868,0.7454,0.2643
gal0_star01321,star,1.3391192,0.741504,-261.934,101.52069,-30.050344,-4.100524,-11.598297,-0.34988177,0.9918,0.9534,0.8395
gal0_star01322,star,1.3849933,1.13359,676.87054,60.819148,2.341388,-1.1075981,8.7618369,0.33511495,0.9864,0.9748,0.8471
gal0_star01323,star,1.7715017,0.539611,486.64483,79.66053,10.537436,-2.0789732,9.9457172,-0.20966142,0.9996,0.9593,0.8520
gal0_star01324,star,1.0034266,0.917887,137.1231,404.28235,3.5529945,-9.9097343,2.9629019,0.35943274,0.9854,0.5330,0.1054
gal0_star01325,star,1.7921602,0.564769,-135.40465,305.28621,-5.5907551,-11.383501,-5.0035489,0.84268573,0.9767,0.3859,0.0451
gal0_star01326,star,1.6134233,0.522339,-389.36921,-136.13443,6.205983,4.3352554,-10.334361,0.28552952,0.9743,0.7947,0.4527
gal0_star01327,star,1.5491191,0.728276,-162.73717,-121.66911,-7.5608074,8.503706,-12.107133,-0.19075967,1.0000,0.5566,0.1128
gal0_star01328,star,0.5413477,0.990728,1000.4128,-979.72879,-1.7271483,3.9505227,3.9129432,0.20425919,1.0000,0.7673,0.2633
gal0_star01329,star,1.4725095,0.70664,1198.7953,-347.80221,-12.191344,1.7411186,6.2199511,-0.0018897582,1.0000,0.3895,0.0164
gal0_star01330,star,1.6317317,0.442732,100.37144,103.42754,-7.6773196,-13.118106,14.475671,0.71644615,1.0000,0.4065,0.0716
gal0_star01331,star,1.7866738,0.338014,-214.86512,115.07264,-4.0704483,-6.8236855,-12.222617,-0.079878822,1.0000,0.5594,0.0900
gal0_star01332,star,1.1706904,0.500047,208.70571,-1457.8465,18.042698,5.8135573,0.9040174,-0.22509127,1.0000,0.7035,0.2385
gal0_star01333,star,1.4248135,0.464404,264.15145,580.6464,6.1322137,-8.3924433,3.235769,-0.076245412,0.9942,0.7342,0.2851
gal0_star01334,star,1.5596024,0.762301,153.03889,-46.738985,17.099988,5.1712035,17.317018,0.08956632,0.9706,0.9338,0.6802
gal0_star01335,star,1.565199,0.867412,-536.29225,-182.89581,-1.7706529,3.1248618,-8.7162697,-0.50241584,0.9986,0.4027,0.0214
gal0_star01336,star,1.1369603,0.38319,-123.92525,133.57028,22.096452,-12.118259,-12.062013,-0.42568644,0.9951,0.9539,0.8221
gal0_star01337,star,1.8527719,0.520104,567.52618,515.2263,19.67882,-5.5972979,6.2364925,-0.024999234,0.9813,0.8312,0.4566
gal0_star01338,star,1.2823476,0.909735,7.6096483,686.94634,10.272612,-7.7258788,-0.47342103,0.040931562,1.0000,0.8196,0.4242
gal0_star01339,star,1.8248536,0.989979,-748.85967,-300.52386,-5.3722028,3.0195825,-6.842677,0.41735492,1.0000,0.8302,0.4777
gal0_star01340,star,0.929778,0.999437,51.585632,229.75787,-13.157203,-14.572341,2.8144904,0.2956609,0.9611,0.5637,0.1139
gal0_star01341,star,0.98351238,0.774,505.78778,-498.89234,-2.3018445,5.9532792,5.8816279,0.027148381,0.9834,0.9957,0.8120
gal0_star01342,star,0.83853849,0.972414,1426.5499,1177.903,-5.1936686,-3.3881216,4.2102585,-0.14314088,1.0000,0.5587,0.1039
gal0_star01343,star,1.4703893,0.781738,-845.57191,350.63855,-10.706765,-2.941822,-7.1508936,-0.14412847,0.9975,0.8140,0.4078
gal0_star01344,star,1.8789462,0.447073,199.10324,14.858534,8.3807457,-1.21409,15.644567,-0.5255441,1.0000,0.8243,0.4487
gal0_star01345,star,0.81527747,0.635781,462.01451,-792.27501,7.2859899,6.526751,3.5796374,-0.30210719,1.0000,0.9153,0.6926
gal0_star01346,star,1.4570744,0.614276,816.93667,-158.4558,20.359477,1.7676524,7.4957918,-0.36303743,1.0000,0.4037,0.0235
gal0_star01347,star,1.927963,0.738093,406.7336,-351.60683,9.2946319,6.1060116,7.6667882,0.36359234,0.9894,0.5824,0.1090
gal0_star01348,star,1.4601468,0.686964,402.74798,425.93924,1.503204,-6.4483029,5.8263302,-0.1882854,0.9940,0.9542,0.6644
gal0_star01349,star,0.54396623,0.339757,212.2799,294.10838,-15.563618,-9.4002951,6.9181644,-0.028267243,1.0000,0.6793,0.2405
gal0_star01350,star,0.5418,0.311481,86.355905,42.404776,-0.1432022,-10.712835,19.886019,0.084072418,0.9774,0.5512,0.1131
gal0_star01351,star,0.91981829,0.542555,6.7270372,-614.47774,-17.676007,8.8250956,-0.20894008,-0.2279728,0.9799,0.8248,0.4230
gal0_star01352,star,1.4420888,0.988466,419.02297,-327.42308,-23.474986,5.3222059,8.4563165,0.23788812,0.9966,0.9195,0.6330
gal0_star01353,star,1.2105384,0.886548,448.02158,31.733101,-3.0002645,-1.3719974,10.848622,0.19918479,1.0000,0.5887,0.1033
gal0_star01354,star,1.5819599,1.04477,-141.06821,502.47216,11.147969,-9.1431549,-2.1307226,0.43164538,0.9903,0.3958,0.0187
gal0_star01355,star,1.1526068,0.614741,-587.54613,-173.60686,3.8089923,2.847916,-8.9816877,-0.24242948,1.0000,0.8460,0.4817
gal0_star01356,star,0.73604175,0.69147,315.00359,1023.235,5.3098088,-6.3067516,2.2261164,-0.4724113,1.0000,0.9546,0.8381
gal0_star01357,star,1.013528,0.418905,-169.00566,-127.11866,35.343634,9.8642703,-12.243205,0.26054722,1.0000,0.5501,0.0835
gal0_star01358,star,1.5345904,0.812137,458.90808,81.052045,-6.2406906,-1.8112774,10.390509,-0.37844275,1.0000,0.3689,0.0294
gal0_star01359,star,0.70299751,0.654225,-542.88968,-711.41177,-9.3118821,5.9353676,-4.5993702,0.29428986,0.9681,0.9647,0.8107
gal0_star01360,star,1.4489319,0.319287,-5.810901,295.08704,-10.497088,-13.373073,0.16618226,-0.27669034,0.9859,0.6052,0.1118
gal0_star01361,star,0.89455292,0.389966,178.2917,-620.93665,-10.524855,8.3208872,2.2371787,-0.17640942,0.9949,0.7259,0.2951
gal0_star01362,star,0.89314775,0.395849,-159.8498,-58.064122,33.978499,4.876473,-16.175,-0.41443201,0.9935,0.9793,0.8085
gal0_star01363,star,1.1933969,0.37974,-658.96406,532.95616,15.641061,-4.6202361,-6.0653115,-0.53630747,0.9975,0.7206,0.2291
gal0_star01364,star,1.6275743,0.765106,1194.855,658.38555,14.076125,-2.7406656,4.9204967,-0.22861759,0.9902,0.8388,0.5035
gal0_star01365,star,0.59332852,0.426384,-503.67978,88.932476,7.4783318,-1.5549685,-9.695841,-0.22643538,0.9785,0.8135,0.4631
gal0_star01366,star,0.61412033,0.441859,-159.93665,110.22758,-32.012455,-9.1406797,-13.585846,-0.11736555,1.0000,0.7408,0.2524
gal0_star01367,star,1.2588816,0.460882,-151.86223,-161.49645,-8.3407582,12.287739,-10.124484,-0.047784208,1.0000,1.0000,0.8008
gal0_star01368,star,1.4550024,1.01653,331.57389,526.87552,5.1188155,-7.5375832,5.0310677,0.033623459,1.0000,0.3806,0.0030
gal0_star01369,star,1.6556281,0.48996,-28.779846,483.42563,28.562063,-10.671035,-1.1071238,-0.49132133,1.0000,0.3516,0.0321
gal0_star01370,star,0.91471189,0.643972,-478.61658,-497.29667,-16.511232,6.1111779,-6.2137496,0.94745056,1.0000,0.9623,0.8115
gal0_star01371,star,1.8322895,0.835444,-354.1712,-97.526241,-17.540316,2.503516,-10.922779,0.61077401,0.9965,0.9897,0.8094
gal0_star01372,star,1.9045831,0.953372,-50.425946,933.56932,-7.6280552,-7.6489159,-0.32713832,0.13082423,0.9937,0.9159,0.6426
gal0_star01373,star,1.0001206,0.339002,368.93803,457.55455,7.6682082,-7.0208594,5.4717381,0.27914924,0.9768,0.8474,0.4414
gal0_star01374,star,1.4403942,0.36225,-655.13803,265.51952,-2.4965797,-2.7669784,-7.9455749,-0.44519218,1.0000,0.9477,0.8041
gal0_star01375,star,0.72983709,0.386391,79.613101,59.618497,2.2117678,-13.906657,18.072674,-1.1699804,1.0000,0.6838,0.2247
gal0_star01376,star,0.7547988,0.783032,-344.30787,-30.292956,-3.4061912,1.196617,-12.021493,-0.018169618,1.0000,1.0000,0.8024
gal0_star01377,star,1.621804,0.625133,157.30179,-391.27842,13.645292,9.6058189,3.8889355,-0.21260158,1.0000,0.8441,0.4278
gal0_star01378,star,0.8969292,0.538675,-977.39098,-45.381665,11.507666,0.17777301,-7.5019927,0.057996301,1.0000,0.8619,0.4546
gal0_star01379,star,0.70901258,0.751954,241.51942,5.9630735,-37.66665,-0.11391259,14.36189,-0.31521505,0.9957,0.5799,0.0984
gal0_star01380,star,1.7617283,0.935237,39.754515,4.424767,-16.400033,-2.7186715,35.887534,1.6367187,0.9849,0.5482,0.1057
gal0_star01381,star,0.61169485,0.933784,-342.31482,-208.00737,12.384066,6.3254985,-9.6123747,-0.061339585,0.9943,0.3710,0.0120
gal0_star01382,star,0.61350186,0.46633,629.17139,-55.462298,-21.276411,1.2010682,8.298838,0.1529469,0.9627,0.5306,0.1292
gal0_star01383,star,0.51457679,0.339785,447.27901,287.05675,12.881513,-5.2319444,8.2320633,0.063540541,0.9867,0.5825,0.1193
gal0_star01384,star,0.9131144,0.715085,-101.59196,-989.22244,11.118128,6.6787362,-0.84796808,0.4845485,1.0000,0.9551,0.8302
gal0_star01385,star,1.8479757,1.02561,-488.54645,126.03082,14.671606,-2.5473776,-10.001715,0.38752216,1.0000,0.5698,0.1149
gal0_star01386,star,1.6852228,0.725799,711.94448,-370.05474,-15.595476,3.9138964,6.978881,0.20719702,1.0000,0.9926,0.8031
gal0_star01387,star,1.3708252,0.802579,128.29743,-445.89465,4.7738887,9.6960075,3.0750146,-0.58868631,1.0000,0.8213,0.4487
gal0_star01388,star,1.3329452,0.606602,88.394508,-203.79626,4.4708118,14.495557,5.7992748,0.43957208,1.0000,0.5702,0.0870
gal0_star01389,star,1.5064759,0.887334,266.15748,209.89695,3.8069181,-8.0065936,9.4418226,-0.078940762,1.0000,0.3878,0.0032
gal0_star01390,star,0.81119821,0.791964,-75.352725,-802.24057,-8.6936923,8.3253137,-0.67801873,0.082080064,1.0000,0.9103,0.6471
gal0_star01391,star,0.75573046,0.548994,-358.41394,-90.512508,15.825596,3.7061645,-12.059465,0.54208691,1.0000,0.3944,0.0177
gal0_star01392,star,1.61706,0.339107,268.2005,834.62392,-16.900546,-7.4358574,2.3936045,-0.14902781,1.0000,0.5537,0.0951
gal0_star01393,star,1.8690686,0.941348,6.5965374,-155.50187,-2.7914042,17.682984,0.66642116,0.11005193,1.0000,0.3913,0.0653
gal0_star01394,star,1.2835356,0.637242,-132.83521,-999.36785,-4.0642364,6.7470427,-0.90890359,0.19717669,1.0000,0.9765,0.7993
gal0_star01395,star,0.91079561,0.974983,115.94405,1342.809,24.362708,-6.162659,0.41140639,0.039961233,1.0000,0.9275,0.6266
gal0_star01396,star,1.0038929,0.955476,-1404.5887,-345.79751,11.603877,1.2808751,-5.4827398,-0.11961135,0.9664,0.9732,0.8095
gal0_star01397,star,1.7667329,0.534197,-76.498968,-1453.4463,-1.8753013,5.7016793,-0.087029632,-0.58504754,0.9983,0.7209,0.2469
gal0_star01398,star,0.50971127,1.09049,468.73412,117.1556,10.563465,-2.4019844,9.6291953,-0.032299002,0.9998,0.3765,0.0250
gal0_star01399,star,1.3125713,0.854426,176.16326,-30.549584,-15.459808,3.1655122,17.044291,-0.092946726,0.9914,0.7020,0.2231
gal0_star01400,star,0.96438593,0.958733,67.659884,219.9243,-7.0329166,-13.895717,5.3851517,-0.14914573,1.0000,0.3900,0.0235
gal0_star01401,star,0.82364028,0.683858,781.44705,597.50092,-13.204926,-3.9036601,5.5256801,0.38602717,0.9897,0.8352,0.4122
gal0_star01402,star,1.4270425,0.810143,-170.31699,-130.71193,-16.470773,9.2054003,-12.819966,0.25333933,1.0000,0.8084,0.4752
gal0_star01403,star,0.72467998,0.812279,-510.59489,1778.1431,-1.5243893,-4.9504675,-1.3220266,-0.18169582,0.9874,0.4157,0.0217
gal0_star01404,star,1.7115232,0.59136,111.61236,-48.529625,17.676214,8.501226,19.268523,0.43808279,0.9868,0.5696,0.1130
gal0_star01405,star,1.1805639,0.399754,1049.1491,-74.899226,16.182533,0.58780835,6.8337852,0.042090401,0.9909,0.5588,0.1028
gal0_star01406,star,1.3722472,0.700831,-233.83633,-476.55992,-29.747377,8.8112408,-3.7524573,0.099167887,1.0000,0.8541,0.4353
gal0_star01407,star,1.3886701,0.996294,-169.01441,-115.46247,-23.611317,8.3382577,-12.954751,0.92237975,0.9943,0.9348,0.8244
gal0_star01408,star,1.4639813,0.751487,220.10201,-217.67345,22.796258,8.79612,8.9039167,-0.21863746,0.9835,0.5559,0.1085
gal0_star01409,star,1.6699229,0.748281,1271.3867,-122.88811,14.862025,0.32501043,6.5238597,0.022606283,0.9917,0.8418,0.4587
gal0_star01410,star,1.8291876,1.13346,598.92586,-720.31307,10.744496,5.9594869,4.5086083,0.43657341,1.0000,0.3744,0.0145
gal0_star01411,star,0.61925182,0.501149,-72.758274,121.03764,4.681925,-16.35752,-10.559466,0.76070192,1.0000,0.7448,0.2690
gal0_star01412,star,0.98764606,0.846092,652.81334,190.11774,12.462974,-2.4187431,8.3144864,0.056367354,1.0000,0.9197,0.6517
gal0_star01413,star,1.9136585,0.462283,179.69818,-210.49196,-20.963224,10.308882,8.6512305,0.84000419,1.0000,0.4130,0.0431
gal0_star01414,star,0.55761772,0.846323,256.66956,258.17521,-36.282772,-8.8862823,7.9276602,0.12536572,1.0000,0.3707,0.0002
gal0_star01415,star,1.4440715,1.0557,89.497538,121.03967,-19.848368,-15.989971,11.015459,-0.3672827,1.0000,0.8259,0.4069
gal0_star01416,star,1.3484914,0.384696,-417.81107,1153.8667,-20.137424,-5.5853748,-2.3526885,-0.28461495,0.9705,0.8476,0.4692
gal0_star01417,star,0.87873444,0.505983,-182.73669,-75.744245,-6.5122801,6.5649792,-14.566752,-0.43716577,1.0000,0.9789,0.8412
gal0_star01418,star,1.1944894,0.401909,118.27035,-230.00405,1.1506386,13.116776,6.6414909,-0.060459561,0.9803,0.7559,0.2602
gal0_star01419,star,1.6127466,0.880636,1147.9874,760.27104,3.6619115,-3.1407509,5.1327618,0.074398447,0.9866,0.9758,0.8283
gal0_star01420,star,1.1774353,0.321667,58.466841,31.660555,18.974269,-12.821099,23.903994,-0.37808759,0.9933,1.0000,0.8113
gal0_star01421,star,1.0966389,0.878088,-175.57862,-523.82543,-5.852689,9.0333981,-3.1091434,-0.61305655,0.9928,0.3828,0.0243
gal0_star01422,star,1.9038531,0.351837,438.29423,-302.92091,6.165076,5.1981905,7.6082361,-0.20150403,0.9745,0.9867,0.8082
gal0_star01423,star,1.1411377,0.808984,411.99275,-64.680448,4.8260629,2.2367081,10.236598,0.092266256,0.9755,0.3768,0.0551
gal0_star01424,star,1.5033944,0.319639,263.58371,75.140886,22.380295,-3.7632581,12.399957,0.024143596,1.0000,0.9195,0.6605
gal0_star01425,star,0.60248669,0.861517,-285.12471,1360.6494,2.1040584,-5.7537332,-1.0467746,-0.06537696,1.0000,0.5596,0.0997
gal0_star01426,star,1.5843499,0.360875,-322.88139,-338.84222,-9.3021202,6.5940829,-7.082393,-0.07192757,1.0000,0.7084,0.2377
gal0_star01427,star,1.7066201,0.663848,10.065647,-361.89888,16.446224,11.937824,0.90252593,-0.35534564,1.0000,0.4207,0.0420
gal0_star01428,star,1.6433044,1.07183,357.12432,-1249.6271,-0.12270093,5.9913838,1.5739209,0.025648845,1.0000,0.3986,0.0289
gal0_star01429,star,1.8389771,0.323346,-276.30841,504.78658,-19.425129,-8.3366878,-4.3212398,-0.22197642,0.9667,0.7192,0.2461
gal0_star01430,star,1.9120143,0.879744,-39.739369,295.17663,-10.08031,-13.034309,-2.1512208,0.055306529,0.9873,0.8836,0.6364
gal0_star01431,star,1.904775,0.669678,-319.05995,-296.47932,3.9427694,7.2478848,-7.7381631,0.0094306257,0.9795,0.3780,0.0200
gal0_star01432,star,0.85608237,0.343592,-718.58693,735.94987,6.4009853,-4.5772503,-4.4960453,-0.12229681,0.9646,0.6988,0.2359
gal0_star01433,star,1.3552909,1.0665,270.08901,-185.47868,-8.1322386,6.4119897,10.368354,-0.88170014,0.9965,0.9034,0.6678
gal0_star01434,star,1.534001,0.897163,176.5065,-29.316634,11.104202,2.9231767,17.039725,0.032055202,1.0000,0.9738,0.8246
gal0_star01435,star,0.87181653,0.693342,-510.78436,31.909581,-15.49063,-0.38860305,-10.063281,-0.63497372,0.9692,0.9248,0.6319
gal0_star01436,star,0.7328452,0.716217,421.28777,965.30342,11.421504,-5.8321225,2.7516963,0.056752746,0.9815,0.5698,0.0796
gal0_star01437,star,1.9644817,0.57312,1042.4298,-1191.495,-8.3294681,4.0783919,3.6399277,0.21712973,0.9557,0.4174,0.0091
gal0_star01438,star,0.78340869,0.438462,78.148163,699.28852,-6.5381827,-8.1020444,0.68382201,-0.29912075,0.9879,1.0000,0.7774
gal0_star01439,star,0.74291841,0.415993,125.92027,-74.407665,-6.6692999,10.088113,14.877931,0.35188616,1.0000,0.5707,0.1096
gal0_star01440,star,1.2674057,0.336353,-38.201831,285.53793,-10.668586,-13.120112,-1.9527233,-0.27367727,0.9928,0.9174,0.6421
gal0_star01441,star,1.8719028,0.796302,-356.15408,-139.05494,-14.36892,3.3586731,-10.537835,-0.20221676,0.9277,0.9514,0.6349
gal0_star01442,star,1.6573304,0.679416,-151.58683,-13.441257,10.228221,2.3144213,-18.468183,0.48373784,0.9657,0.9778,0.8408
gal0_star01443,star,0.56557558,0.392167,284.81056,-167.34753,33.837833,6.0854168,10.984217,0.38392867,1.0000,0.8560,0.4605
gal0_star01444,star,0.79423649,0.583738,-784.93797,-168.46512,11.855447,1.4350533,-7.7732542,-0.098973171,0.9927,0.7231,0.2472
gal0_star01445,star,1.611137,0.985957,103.44535,187.94938,8.0543536,-12.796343,6.9809083,-0.42789787,1.0000,0.9478,0.8313
gal0_star01446,star,1.5995446,0.862888,744.24747,646.79331,-3.5315691,-4.8652079,5.3243252,-0.099056407,1.0000,0.9147,0.6375
gal0_star01447,star,0.87367836,1.08864,617.44188,-103.72455,29.859302,1.7024148,9.0755147,0.22489293,1.0000,0.5558,0.0692
gal0_star01448,star,1.9192752,0.868778,-578.52666,601.17922,0.21176083,-5.5892404,-5.1219694,-0.29192619,1.0000,0.3843,0.0437
gal0_star01449,star,0.76996851,0.541349,-613.71682,1543.3148,5.0224338,-5.2222879,-1.8068487,-0.16178938,1.0000,0.5413,0.1028
gal0_star01450,star,0.90296552,0.983576,-130.02685,307.0582,0.33043268,-11.862163,-4.8733102,-0.3242131,1.0000,0.7217,0.2629
gal0_star01451,star,0.962619,0.799855,185.84923,1057.3651,0.16597852,-7.103455,1.2592647,0.081165863,1.0000,0.9270,0.6735
gal0_star01452,star,0.50347215,0.826891,-0.60811438,934.03251,10.722109,-7.4084146,0.16908982,-0.057131972,0.9755,0.8241,0.4607
gal0_star01453,star,1.4532288,1.01471,150.90728,-258.86633,-22.711185,11.099688,6.8318287,-0.17450663,0.9960,0.3846,0.0218
gal0_star01454,star,0.90650304,0.952266,-1849.9859,-7.2183816,9.5988017,0.032587734,-4.9298957,0.40437447,0.9709,0.8140,0.4012
gal0_star01455,star,0.50039068,0.60661,-525.2025,77.267214,11.006441,-1.2095754,-10.010718,0.32365226,1.0000,0.3296,0.0359
gal0_star01456,star,1.585708,0.737868,-4.7269792,61.767246,-29.521705,-30.021104,-2.8241862,0.48838809,1.0000,0.3561,0.0028
gal0_star01457,star,0.67095652,0.9083,-959.84798,529.45932,-4.1206029,-3.2651271,-5.7850543,0.017000167,1.0000,0.3648,0.0319
gal0_star01458,star,1.4244868,0.721692,186.29397,-194.41643,-7.6811112,9.9305578,9.8970608,0.42589577,1.0000,0.8478,0.4039
gal0_star01459,star,0.78132327,0.604851,-521.38748,-738.91528,13.589812,6.2146776,-4.6304216,-0.55690287,0.9860,0.9045,0.6418
gal0_star01460,star,0.53821489,0.845691,-180.84452,318.24378,-19.609232,-9.8138231,-5.7196311,0.48340095,0.9819,1.0000,0.8253
gal0_star01461,star,1.7305803,0.648802,-359.13231,-296.27912,-7.1817757,7.1678296,-7.6142648,-0.70055712,1.0000,0.8112,0.4657
gal0_star01462,star,0.94388227,0.800293,95.816843,-402.78265,-4.5757987,10.771907,2.4746124,0.17087456,1.0000,0.9595,0.8295
gal0_star01463,star,1.9304557,0.470368,428.5463,-21.017462,0.60826029,0.10755049,10.502935,0.68487351,1.0000,0.4196,0.0187
gal0_star01464,star,0.99878252,0.887684,-13.657052,484.50886,-2.0950843,-10.067961,-0.17704449,-0.63093384,1.0000,0.5464,0.0843
gal0_star01465,star,1.5923202,0.775164,-94.803709,305.58591,0.067618431,-11.686891,-3.3150312,-0.8683295,1.0000,0.8307,0.4553
gal0_star01466,star,1.4967369,0.635292,-341.58659,-127.34238,-7.3801154,3.9280534,-10.376712,-0.26928079,0.9967,0.8593,0.4430
gal0_star01467,star,1.3642551,0.939054,285.30531,836.53975,4.7631206,-7.1074118,2.0335058,-0.18090899,1.0000,0.9827,0.7870
gal0_star01468,star,1.7717444,0.502439,245.79064,-187.86114,14.286229,6.5469155,10.589544,0.30468081,1.0000,0.3819,0.0646
gal0_star01469,star,1.2604989,0.79278,-766.02466,-196.92728,-12.663676,1.9417599,-7.5490863,-0.059661168,1.0000,0.7408,0.2683
gal0_star01470,star,0.50869001,0.589177,562.69574,-704.50929,-8.9657219,5.1253637,4.543914,0.46508337,1.0000,0.9594,0.8435
gal0_star01471,star,0.59794708,0.851415,752.86946,-222.50847,-9.71822,2.3232916,7.4169172,0.050033772,1.0000,0.7252,0.2425
gal0_star01472,star,1.2426696,0.493852,652.83939,-40.834476,9.5117043,0.55427071,8.5245766,0.10926539,1.0000,0.6852,0.3003
gal0_star01473,star,1.235807,0.371338,408.20639,409.15036,2.4644984,-6.583088,6.1110228,0.084494454,0.9911,0.8590,0.4618
gal0_star01474,star,0.94611078,0.877391,-239.92842,-953.75565,-16.672613,6.4926038,-1.7310531,-0.039965027,0.9801,0.3767,0.0211
gal0_star01475,star,1.0045658,0.857326,97.600949,100.71398,0.15878243,-12.05593,13.196695,0.7407516,0.9898,0.3573,0.0151
gal0_star01476,star,0.68337674,0.42595,-1029.2101,789.23793,-9.1113044,-3.7464565,-4.7339079,0.40470947,1.0000,0.7363,0.2715
gal0_star01477,star,1.3121573,0.483852,13.885173,-364.83124,7.4791391,11.729367,0.73307781,-0.00097621555,1.0000,0.9771,0.8087
gal0_star01478,star,1.0662326,0.691315,445.03032,256.54033,7.19439,-4.7032844,8.7453388,-0.19147425,1.0000,0.6978,0.2341
gal0_star01479,star,1.7205467,0.546814,272.04875,95.904595,30.580465,-4.4448224,13.160864,0.49630532,1.0000,0.9721,0.7895
gal0_star01480,star,1.5203963,0.304,-363.43091,241.38536,-16.955884,-6.1307614,-8.882925,0.050229728,0.9916,0.3955,0.0242
gal0_star01481,star,0.92689483,0.720102,663.30632,-384.50373,12.487419,3.9817138,6.6442815,-0.34020415,1.0000,0.9423,0.8219
gal0_star01482,star,1.225686,0.612312,-140.58713,-13.624154,18.333063,3.0494176,-19.881454,-0.57742204,1.0000,0.9639,0.8005
gal0_star01483,star,1.2586856,0.475978,373.5431,-80.860874,-4.8713187,2.4864322,12.208012,-0.030770849,1.0000,0.8849,0.6921
gal0_star01484,star,0.66819882,0.536824,-633.78468,-595.01568,15.368157,5.1402072,-5.000124,-0.15643338,0.9740,0.5666,0.0854
gal0_star01485,star,1.3462403,0.748046,-553.31385,-271.49967,-11.999424,3.787099,-8.5971144,0.10541612,1.0000,0.3673,0.0199
gal0_star01486,star,0.95106841,1.07798,-10.530472,75.983412,6.4127385,-23.242144,-4.5776722,1.1463544,1.0000,0.8407,0.4568
gal0_star01487,star,1.3357759,0.509199,-164.63668,-244.09168,12.634657,11.680345,-7.538916,0.1676994,0.9993,0.7407,0.2651
gal0_star01488,star,1.0673265,0.705271,295.43015,576.71826,44.079912,-8.3620717,4.4664613,-0.32228216,1.0000,0.9690,0.8072
gal0_star01489,star,1.7735755,1.00067,236.99177,13.970283,25.689654,-1.3512586,13.777072,-0.32901846,1.0000,0.3567,0.0310
gal0_star01490,star,1.5728347,0.850372,-554.23994,-138.89091,-9.7867464,2.163188,-9.0940819,0.87045613,1.0000,0.5423,0.1144
gal0_star01491,star,1.6700181,1.02969,-245.37657,110.3671,-20.767005,-5.7822592,-12.665919,0.0408752,0.9586,0.6896,0.2404
gal0_star01492,star,1.0753968,1.06018,-185.13165,-67.556186,-20.575482,4.7931595,-15.381944,-0.44742058,0.9969,0.9188,0.6470
gal0_star01493,star,0.92562718,1.10182,1.2312797,-170.3425,-38.678695,16.663343,-0.57000268,-0.026650147,1.0000,0.7048,0.2531
gal0_star01494,star,0.56446073,1.0395,-72.781447,502.75662,6.2361792,-9.8624187,-1.792161,-0.018871031,0.9932,0.9688,0.8348
gal0_star01495,star,1.8502935,0.993551,-404.11686,-1805.3226,5.3509982,5.1119502,-1.3941694,-0.21234764,0.9735,0.9824,0.7790
gal0_star01496,star,1.9600556,0.726031,856.53589,2.9147549,-13.598779,0.059963943,7.7561252,-0.40748978,1.0000,0.8092,0.4686
gal0_star01497,star,0.97179224,0.776992,27.129887,926.46734,-33.644707,-7.141928,-0.02911193,0.23648366,1.0000,0.5674,0.1141
gal0_star01498,star,1.7302449,0.748352,-728.49277,506.29164,19.016097,-4.2833056,-6.0304693,-0.087909983,1.0000,0.9027,0.6687
gal0_star01499,star,1.0777384,0.561745,-472.27555,433.21204,5.4644082,-5.7233921,-6.2699886,-0.31587104,0.9845,0.5682,0.1219
gal0_star01500,star,1.9052445,1.0526,-204.58763,1371.225,-19.560496,-5.8177221,-0.64277194,0.29432307,1.0000,0.9712,0.7974
gal0_star01501,star,0.98865246,0.393476,-134.5227,119.75218,-10.28093,-10.505039,-12.176165,-0.099788264,0.9966,0.8233,0.4188
gal0_star01502,star,1.4173678,0.787254,-181.03387,932.7394,9.0243689,-7.1820012,-1.2451493,-0.14722485,1.0000,0.5361,0.0818
gal0_star01503,star,1.5514131,0.898704,328.62394,-155.79835,31.519352,4.9885241,10.858593,-0.052427507,1.0000,0.8594,0.6627
gal0_star01504,star,1.4473775,0.372654,44.267024,473.86805,3.4627757,-10.151813,0.68362777,0.037452801,0.9869,0.7023,0.2734
gal0_star01505,star,0.5053554,0.416432,922.02594,783.01046,9.1832334,-4.5064633,4.7797654,-0.044077503,1.0000,0.5564,0.0860
gal0_star01506,star,1.9755862,1.09721,819.83102,-143.42024,20.991089,1.0128335,7.7700676,-0.21290457,1.0000,0.5885,0.1127
gal0_star01507,star,1.6085001,0.834168,93.789273,-410.62032,-6.4534683,10.545782,2.7158241,-0.12792172,1.0000,0.7095,0.2610
gal0_star01508,star,1.3635556,0.328959,438.81641,61.670138,-23.549969,-1.1614422,10.902648,0.2717922,1.0000,0.7230,0.2301
gal0_star01509,star,1.2141749,0.87183,-164.78945,501.60156,5.1217948,-9.3686325,-2.6070402,0.073184444,0.9572,0.3878,0.0515
gal0_star01510,star,1.5897591,0.443558,-534.11085,-81.001044,16.020715,1.3794289,-9.80071,-0.20941737,0.9726,0.5742,0.1063
gal0_star01511,star,0.97180386,0.827576,824.19211,542.40023,-19.001731,-3.844364,6.1592921,-0.0021404387,1.0000,0.9038,0.6467
gal0_star01512,star,1.6830917,1.02738,-1159.5154,-466.5721,19.126088,2.6533849,-5.6198502,0.05726011,1.0000,0.9730,0.8096
gal0_star01513,star,1.9202899,0.934674,-526.9425,651.949,14.905681,-5.598697,-4.7835024,0.23508684,0.9811,0.6992,0.2406
gal0_star01514,star,1.9850053,0.549367,-1848.2342,80.811481,12.616879,0.088719948,-5.1267547,-0.39233926,0.9969,0.7135,0.2960
gal0_star01515,star,0.67534063,0.774821,23.941701,-816.33574,-25.705712,7.3455134,0.82718362,-0.13665972,1.0000,0.3802,0.0342
gal0_star01516,star,1.0272281,0.507001,-27.777572,-590.56737,-28.992018,8.9166122,-0.51431533,-0.5615811,1.0000,0.3676,0.0228
gal0_star01517,star,0.62107493,1.09675,-76.857711,-336.14845,-9.883412,12.576261,-3.1141101,-0.074830733,1.0000,0.7159,0.2402
gal0_star01518,star,1.2384516,0.834501,434.42491,297.12225,25.397479,-4.2581967,8.2722812,-0.60804815,1.0000,0.9117,0.6736
gal0_star01519,star,0.78952422,0.573337,280.93097,174.3845,-4.3023674,-6.2708848,10.739469,0.17982865,1.0000,0.8272,0.4663
gal0_star01520,star,0.97526577,0.538444,-471.84117,136.56335,2.4153152,-3.0019979,-9.6917563,0.098403688,0.9919,0.8988,0.4686
gal0_star01521,star,1.2151719,0.611052,791.43442,546.15392,7.3966671,-4.529336,6.01204,0.54419866,0.9757,0.7021,0.2655
gal0_star01522,star,0.51503968,0.738167,-78.207256,7.1846506,14.850811,-2.6463839,-24.969661,0.23936639,1.0000,0.3693,0.0646
gal0_star01523,star,0.91844325,0.568315,1211.2217,1130.8754,-21.473038,-4.0804462,3.8328036,-0.11625551,1.0000,0.9997,0.8265
gal0_star01524,star,0.8806211,0.564129,-1849.8408,-24.273012,7.4521664,0.19455725,-5.1666703,-0.11841312,0.9803,0.3677,0.0169
gal0_star01525,star,1.3628922,0.75151,-160.97344,318.56367,-20.026046,-10.806358,-5.1362843,0.23449572,0.9795,0.7218,0.2622
gal0_star01526,star,1.9145791,0.473247,-863.3051,912.06628,3.3638166,-4.49229,-4.4134774,-0.22012353,0.9890,0.9145,0.6505
gal0_star01527,star,0.97387308,1.03575,-806.81136,689.72729,8.187045,-4.5289166,-5.1471533,-0.26462349,1.0000,0.9658,0.7877
gal0_star01528,star,1.237258,0.861127,410.30015,-67.799239,-8.3508869,1.5550118,10.421812,-0.02438468,0.9985,0.8198,0.4777
gal0_star01529,star,0.50836362,0.5643,-784.36066,-304.34681,5.4018637,3.0252377,-7.2658752,0.2297529,0.9660,0.9180,0.6152
gal0_star01530,star,1.6714864,0.953639,-496.98043,83.77874,-24.087939,-1.7755205,-9.7867579,-0.39172604,0.9936,0.7354,0.2545
gal0_star01531,star,0.5357657,0.47892,-190.68621,-526.67858,-0.2790035,8.953627,-3.1828112,-0.43448493,0.9792,0.4101,0.0267
gal0_star01532,star,0.87894869,0.486525,-115.84419,-13.144291,-26.23422,2.2451436,-22.178951,1.0492225,1.0000,0.8798,0.6291
gal0_star01533,star,1.5873685,0.507513,135.58225,-217.80624,-16.089019,11.915983,7.6578802,-0.48610544,0.9902,0.7418,0.2402
gal0_star01534,star,1.2046457,0.881762,-611.62868,282.9039,-0.7883675,-3.5870633,-7.9645161,0.47672795,0.9880,0.9751,0.7955
gal0_star01535,star,0.50022282,0.838379,-496.85471,95.823996,-9.3259988,-1.7687785,-9.8669632,0.1126058,0.9688,0.5444,0.0912
gal0_star01536,star,0.68018306,0.303337,106.78352,-604.75616,44.944522,8.8179347,1.6967504,0.15543916,0.9669,0.7184,0.2030
gal0_star01537,star,1.6750818,0.931145,-124.38011,-290.68377,37.042396,12.490644,-4.7316869,0.85498798,1.0000,0.7010,0.2521
gal0_star01538,star,0.93386786,0.540579,-486.29798,633.32934,-10.216796,-6.0981745,-4.9237246,0.12915502,1.0000,0.5583,0.0988
gal0_star01539,star,1.8895054,0.336958,-500.75702,-799.17435,-12.326237,6.4458311,-3.8397969,0.11817294,1.0000,0.8075,0.4745
gal0_star01540,star,1.7053263,0.485493,-53.94347,281.99687,-15.597569,-12.029564,-2.7695893,0.3958135,0.9926,0.5581,0.0714
gal0_star01541,star,0.91783121,0.894566,-351.65987,10.309238,-4.8432486,-0.10667892,-11.346072,0.16467545,0.9975,0.9713,0.8013
gal0_star01542,star,1.0712357,0.755719,408.39445,-347.76983,-7.213085,6.779549,7.4731358,-0.15132598,1.0000,0.9310,0.6587
gal0_star01543,star,1.0045664,0.432139,408.20546,-63.14671,-14.051182,1.6091449,10.989722,-0.41836683,1.0000,0.8252,0.4592
gal0_star01544,star,1.2506187,1.08796,282.96173,128.94331,12.525776,-5.9705954,11.990956,0.44407654,1.0000,0.9008,0.6640
gal0_star01545,star,1.6559089,0.446442,1012.605,605.0206,-19.21269,-3.1495897,5.4677695,0.058290266,1.0000,0.9049,0.6607
gal0_star01546,star,1.0513492,0.998556,-317.40801,46.351517,13.581097,-2.2265412,-12.518674,0.26171394,0.9936,0.5420,0.0753
gal0_star01547,star,1.8154796,0.999553,321.11156,770.04063,7.2024932,-7.4877835,2.9016503,0.46686632,0.9951,0.7130,0.2519
gal0_star01548,star,0.58524351,1.11642,-959.72175,-355.65982,-3.4894945,2.1886918,-6.6490615,-0.19638893,1.0000,0.7116,0.2300
gal0_star01549,star,0.61985364,0.491314,229.46042,303.15894,-11.480458,-9.2979991,6.3750716,-0.51168714,0.9942,0.5788,0.0857
gal0_star01550,star,0.68608095,0.546029,49.924795,13.078014,-12.312192,-8.130843,31.74596,-0.14727132,0.9700,0.7520,0.2308
gal0_star01551,star,1.6500995,0.845136,-139.77263,-540.0076,-9.5573459,9.2330011,-2.2401964,0.018713623,1.0000,0.7459,0.2614
gal0_star01552,star,0.77888748,0.637719,4.8643797,-400.5371,16.101926,12.001188,-0.64306858,0.2592224,1.0000,0.9068,0.6653
gal0_star01553,star,0.54091563,1.02479,441.35622,62.802382,33.581898,-1.0136999,9.8480669,-0.19545876,1.0000,0.8423,0.4666
gal0_star01554,star,1.5064362,0.6083,517.67855,-1003.2195,-2.3197782,5.8112829,2.8454612,0.28914691,0.9824,0.8358,0.4262
gal0_star01555,star,0.60092484,1.05559,1110.4127,421.0761,38.680217,-2.3762328,6.2947769,-0.0020611326,1.0000,0.6931,0.2724
gal0_star01556,star,0.87720165,0.35745,-302.56911,-360.1831,39.903971,7.8910161,-6.6437553,-0.11941908,1.0000,0.9208,0.6618
gal0_star01557,star,1.2519552,0.5776,236.59526,-394.52497,-0.22490279,8.789563,4.9379535,0.099822314,1.0000,0.3749,0.0446
gal0_star01558,star,0.95282411,1.01362,-102.32362,761.44844,1.6194338,-8.1899865,-0.9520596,0.40945473,0.9843,0.5673,0.1369
gal0_star01559,star,1.096562,0.394151,242.78764,23.407691,-6.8529347,-0.8199775,13.664595,0.3541579,0.9855,0.9402,0.6351
gal0_star01560,star,1.4175845,0.701387,966.91104,-313.32709,-11.393755,1.7935599,6.98341,-0.096998237,0.9781,0.3437,0.0340
gal0_star01561,star,1.5072453,0.48111,86.378399,-596.88396,-3.8671752,9.156635,1.3727952,-0.37706127,0.9898,0.9272,0.6671
gal0_star01562,star,1.0896371,0.787771,-188.79364,-106.39998,-29.57702,7.0596042,-14.301744,-0.11432584,1.0000,0.3890,0.0339
gal0_star01563,star,1.9327126,0.751492,407.21524,387.17485,-15.220003,-6.9936426,6.6822584,-0.62964702,0.9759,0.3920,0.0326
gal0_star01564,star,1.8183196,0.781929,131.60102,-54.159555,11.500927,7.5269252,17.219931,0.56773284,1.0000,0.3823,0.0636
gal0_star01565,star,1.0743581,0.341048,-538.53891,-143.22959,5.6670793,2.4691012,-8.719187,0.46620828,1.0000,0.3916,0.0327
gal0_star01566,star,1.603525,0.301091,-186.21438,111.51665,4.9361228,-8.3403333,-12.376782,-0.026332799,0.9906,0.3755,0.0434
gal0_star01567,star,1.1567422,0.449299,1468.6557,1124.9668,7.1507902,-3.0135744,4.2788853,0.27597156,0.9791,0.5752,0.0873
gal0_star01568,star,1.3260751,0.489489,353.56751,-144.6224,31.863704,4.5793533,10.4699,-0.064911633,0.9724,0.5660,0.1159
gal0_star01569,star,1.1269047,0.362238,-377.01186,435.18623,-14.180302,-7.162827,-6.0212933,-0.14259291,0.9495,0.9711,0.8427
gal0_star01570,star,1.2819579,0.511176,-245.86228,-724.46062,16.500305,7.6778589,-2.4639791,0.29135089,1.0000,0.7330,0.2410
gal0_star01571,star,0.62071889,0.592088,-346.32152,-102.99642,-33.874881,3.1443638,-11.815758,0.16228596,1.0000,0.7317,0.2381
gal0_star01572,star,0.65623947,0.707358,253.27712,-409.17888,8.4165732,9.3509169,5.4674413,0.2331818,1.0000,0.4267,0.0087
gal0_star01573,star,1.48635,0.997814,-458.47702,-1061.4124,15.386602,6.1170247,-2.6972043,-0.2314704,1.0000,0.9623,0.7957
gal0_star01574,star,1.8367475,0.788553,647.88068,-937.24038,-6.1166242,5.4752183,3.7818449,0.084802621,1.0000,0.8050,0.4872
gal0_star01575,star,1.4472411,0.875368,-383.5131,-543.59212,1.6035233,6.9724562,-4.9234451,0.30947374,0.9997,0.9184,0.6357
gal0_star01576,star,1.4310172,0.628768,-136.60386,-497.91393,17.845162,9.7255901,-1.6199397,-0.15141098,1.0000,0.8204,0.4645
gal0_star01577,star,0.75267361,0.725687,-170.40077,-189.24574,32.234733,10.250549,-9.2298178,-0.77334413,0.9960,0.8590,0.4284
gal0_star01578,star,1.1646951,1.06739,297.26137,537.05446,-0.55245512,-7.5959022,4.080391,-0.35620639,0.9910,1.0000,0.8120
gal0_star01579,star,1.2153287,1.06191,-1839.2173,-199.44842,1.35002,0.42238779,-5.25707,0.16727525,1.0000,0.3464,0.0000
gal0_star01580,star,0.82530482,0.803764,-462.82241,141.36957,-5.7825028,-3.6884995,-10.861716,-0.12156245,1.0000,0.3724,0.0171
gal0_star01581,star,1.1185667,0.794297,147.81178,-624.52968,-12.10255,8.5668024,1.8531144,0.034778471,0.9681,0.9829,0.8443
gal0_star01582,star,1.7279364,0.676067,263.57736,-412.53158,-12.894805,8.7489864,5.917947,0.03689584,0.9870,0.3796,0.0204
gal0_star01583,star,1.4272801,0.438004,325.02544,-174.0508,12.956604,5.3897616,10.251384,0.60425024,1.0000,0.9336,0.8546
gal0_star01584,star,1.0214239,0.858482,248.47538,74.457276,-16.139951,-4.0157175,13.955641,-0.0341855,1.0000,0.3563,0.0263
gal0_star01585,star,0.5705239,0.934272,48.752523,237.25728,-39.242939,-14.339273,2.5994201,-0.82884462,1.0000,0.9421,0.8321
gal0_star01586,star,1.6605909,0.580653,846.13384,370.09056,-13.854615,-3.1061655,6.412272,-0.081303938,1.0000,0.8307,0.5001
gal0_star01587,star,1.0180055,1.11547,-1147.9504,157.27125,35.560719,-0.86837524,-6.3990694,-0.048626709,0.9989,0.8450,0.4704
gal0_star01588,star,0.85433016,1.14259,-1010.1157,-257.32659,3.2707126,1.9922875,-6.8458958,-0.12420067,0.9989,0.5572,0.1109
gal0_star01589,star,0.54379861,1.06346,198.4445,-47.43228,-20.944847,3.0979202,15.538974,-0.038290937,1.0000,0.5799,0.1130
gal0_star01590,star,1.4937518,0.336893,114.794,111.62302,1.3850206,-13.068133,12.729372,-0.5616145,1.0000,0.9662,0.8291
gal0_star01591,star,0.61967879,0.492939,-684.44755,-1459.1991,8.9928386,5.046339,-2.0403518,-0.02550856,1.0000,0.9400,0.8116
gal0_star01592,star,0.63998646,0.433381,650.60531,55.298767,-31.126939,-0.86517405,8.1672985,0.17838886,0.9805,0.9701,0.8434
gal0_star01593,star,1.4177309,0.649926,423.70335,-3.937434,10.616455,-0.085271553,11.284757,-0.066717489,0.9735,0.9822,0.7949
gal0_star01594,star,0.61756342,0.579801,-115.7212,518.40566,-4.5883849,-9.2855218,-1.825934,-0.27016895,0.9998,0.9376,0.6444
gal0_star01595,star,1.4926887,0.964126,4.9386533,252.20051,1.6111746,-14.05573,0.44212557,0.1904812,0.9760,0.3963,0.0405
gal0_star01596,star,1.1571861,0.79527,-315.39251,-300.77302,-15.783713,8.157213,-7.3052343,-0.51384625,1.0000,0.5369,0.1413
gal0_star01597,star,1.3969555,0.796317,679.96943,178.28617,11.395762,-1.7963043,7.6783285,0.7194476,0.9986,0.9228,0.6517
gal0_star01598,star,1.637455,0.899548,9.4479488,-165.31919,-11.285818,16.810613,1.7052289,-0.053694542,1.0000,0.7370,0.2276
gal0_star01599,star,1.8752027,0.786245,-86.378076,508.39665,20.651748,-9.5471671,-0.98897741,-0.24745632,0.9528,0.6850,0.2777
gal0_star01600,star,1.850419,0.423784,1080.5953,375.00332,1.70727,-2.2653801,6.1086592,0.017196507,1.0000,0.9736,0.8072
gal0_star01601,star,1.6864674,0.399316,-272.08753,49.157962,-7.187617,-2.4039899,-12.959102,-0.50273579,1.0000,0.3813,0.0117
gal0_star01602,star,1.4833366,0.965049,639.57595,-2.6566713,16.9341,-0.082524723,8.9096109,0.20238348,1.0000,0.9127,0.6310
gal0_star01603,star,0.50527454,0.440327,-874.19575,269.33868,1.7852259,-1.9146302,-6.9175428,-0.17393491,0.9715,0.9467,0.6667
gal0_star01604,star,0.50939506,0.970307,783.45618,-879.85599,9.6733407,5.2767158,4.4997537,-0.42747929,1.0000,0.9163,0.6488
gal0_star01605,star,0.70056795,0.365912,-567.23177,-4.8516965,-6.5863184,0.30377877,-9.551569,0.21273542,1.0000,0.5515,0.1082
gal0_star01606,star,0.86919434,0.512136,-336.14372,-333.65466,-24.667416,7.7887857,-7.3375292,-0.81661848,1.0000,0.5850,0.1091
gal0_star01607,star,1.8062274,1.05604,-51.258369,-347.5683,13.963163,11.940568,-1.3863049,0.24166243,1.0000,0.9488,0.8259
gal0_star01608,star,1.5136721,0.567851,-517.76065,627.22017,-3.8337444,-6.6213425,-4.6160139,-0.49378878,1.0000,0.9408,0.6646
gal0_star01609,star,0.51128055,0.67935,182.67094,-43.904755,15.031288,4.3322063,14.846019,0.051745229,1.0000,0.5663,0.1128
gal0_star01610,star,1.5695256,0.494368,918.13417,776.18986,-2.3730136,-4.4552115,4.6702634,-0.17888572,1.0000,0.8387,0.4424
gal0_star01611,star,0.76285396,0.84181,-356.72973,-226.39101,24.394756,5.3372945,-8.6058008,-0.43377998,1.0000,0.9283,0.6263
gal0_star01612,star,0.5786589,0.308007,-109.61428,-11.506745,-24.286591,1.7006342,-20.782989,-0.65146379,0.9781,0.9871,0.8626
gal0_star01613,star,1.1103024,0.83393,452.31889,114.68311,-7.607465,-3.0902302,9.4495254,0.35854656,1.0000,0.5513,0.0849
gal0_star01614,star,1.7613525,0.900904,-79.760963,482.98277,13.12927,-9.5297351,-1.7484525,0.069009845,0.9780,0.3968,0.0301
gal0_star01615,star,1.0615107,0.538564,-337.00379,-1819.046,-10.756638,5.1353206,-1.0889022,0.4227375,1.0000,0.7273,0.2615
gal0_star01616,star,1.8177337,0.885607,-338.62795,-5.3238841,-28.102522,0.30310597,-12.366028,-0.32833444,1.0000,0.8267,0.4536
gal0_star01617,star,1.8957315,1.01168,357.63218,-357.13133,2.5092976,7.008725,7.5375122,0.40648037,1.0000,0.9194,0.6278
gal0_star01618,star,1.7526632,0.652841,364.57092,-109.02921,-45.176305,2.6908881,11.042056,-0.22781879,1.0000,0.5546,0.1127
gal0_star01619,star,0.61756656,0.505793,246.9855,-1035.2082,-8.9518521,6.6111175,1.7045101,0.11922829,1.0000,0.8362,0.4558
gal0_star01620,star,1.5655871,0.543305,-495.04868,99.260391,-12.603818,-1.8354709,-9.4864893,-0.15574707,1.0000,0.8216,0.4871
gal0_star01621,star,0.96674537,0.655431,-335.7985,-2.4742432,-7.4696326,-0.32816814,-12.887771,-0.03801459,1.0000,0.9599,0.7970
gal0_star01622,star,1.6315595,0.311186,1225.0987,-1001.5714,-22.838895,3.6119376,4.6702066,0.12197897,1.0000,0.8442,0.4986
gal0_star01623,star,1.6429782,0.358027,-986.82203,-257.06821,6.0577566,1.3519708,-6.7811273,0.14401332,1.0000,0.8359,0.5026
gal0_star01624,star,0.5480176,0.404677,-507.48192,-791.58292,-18.574593,6.1871181,-3.7088143,0.29452414,1.0000,0.7447,0.2377
gal0_star01625,star,1.8530748,0.447777,-131.57083,303.7527,-1.0481228,-10.695697,-5.0123526,0.56053414,0.9924,0.5471,0.1274
gal0_star01626,star,0.98523362,0.630722,759.59636,-234.42668,-19.675463,2.0866097,7.4174842,-0.24981768,0.9679,0.9677,0.8397
gal0_star01627,star,1.609934,0.385288,-1178.5615,112.44341,-25.022255,-0.67172119,-6.8343142,-0.094874474,1.0000,0.4412,0.0040
gal0_star01628,star,1.1113342,1.0764,-619.56852,1743.168,-4.2987667,-4.9956289,-1.92345,-0.048659665,1.0000,0.7374,0.2475
gal0_star01629,star,1.5132662,0.760286,177.5113,350.35301,-4.3684086,-9.912343,5.2634316,0.27481542,0.9910,0.9495,0.6485
gal0_star01630,star,0.78666261,0.94722,97.297255,146.9734,-4.0925447,-14.235715,9.4317759,0.60191494,0.9830,0.8551,0.4290
gal0_star01631,star,1.4391645,1.05411,93.454656,1113.541,2.2548487,-6.6049473,0.38849229,-0.10953772,1.0000,0.7390,0.2361
gal0_star01632,star,0.9556797,0.829718,388.5055,-1458.5956,-7.3802844,5.4278214,1.6790109,0.12842132,1.0000,0.9591,0.8197
gal0_star01633,star,1.6462025,0.357645,1508.9486,384.26153,4.0025691,-1.4771036,5.6168257,-0.49196507,1.0000,0.7085,0.2592
gal0_star01634,star,1.805149,1.0869,259.41051,56.125759,-19.054392,-3.317512,13.868882,0.36740986,1.0000,0.7281,0.2467
gal0_star01635,star,1.035278,1.10217,71.452122,214.98521,-5.388392,-15.17177,5.2913537,-0.32464271,1.0000,0.7216,0.2630
gal0_star01636,star,0.90111765,0.497168,271.28815,-595.61976,-11.112391,8.2859651,3.5250985,0.10263728,0.9740,0.3912,0.0371
gal0_star01637,star,0.78426385,0.501717,590.95331,-177.18192,4.4246985,2.2492881,9.2715319,0.14149771,1.0000,0.9761,0.8367
gal0_star01638,star,1.2544799,0.749068,374.08924,444.57974,14.984977,-7.2382168,6.3954043,-0.14309925,0.9795,0.8102,0.4591
gal0_star01639,star,1.3508314,1.00001,-380.8692,-875.32815,-22.137088,6.2732737,-3.1802231,-0.064697847,1.0000,0.9188,0.6586
gal0_star01640,star,1.829483,0.977043,-1305.4195,-1198.8132,-13.084255,3.9647955,-4.0228352,-0.13805532,1.0000,0.8361,0.4614
gal0_star01641,star,0.89998575,0.811148,-353.9742,-214.60199,2.5492722,6.4885156,-8.7857208,-0.4035492,0.9821,0.8660,0.4788
gal0_star01642,star,1.9562333,0.525908,-189.91245,-80.929015,17.268246,6.4903005,-14.01989,0.67963067,1.0000,0.5707,0.0661
gal0_star01643,star,1.28948,1.08641,-983.5528,18.646998,18.645215,-0.11453276,-7.2280811,-0.11324608,1.0000,0.9790,0.8333
gal0_star01644,star,1.5522018,0.376132,247.40497,223.6006,5.3126997,-7.811708,9.1740544,-0.50788517,0.9990,0.5898,0.0944
gal0_star01645,star,1.8969721,0.620125,5.7817666,256.68325,-9.6001712,-13.805686,0.69146232,-0.80164574,1.0000,0.5986,0.0804
gal0_star01646,star,1.3466122,1.03059,904.83178,100.55817,4.0085016,-1.3803664,7.2887159,-0.095466236,0.9956,0.7164,0.2289
gal0_star01647,star,1.8355159,0.809375,-51.050906,-321.05244,-14.345856,12.075492,-1.1567599,0.068920261,1.0000,0.6758,0.2208
gal0_star01648,star,0.79484643,0.836911,-299.05406,718.71929,-12.045152,-7.359965,-2.5412071,-0.55439894,0.9845,0.3864,0.0489
gal0_star01649,star,1.3676214,0.876759,247.42456,190.59428,10.855416,-7.4563007,10.079485,0.54296932,1.0000,0.7378,0.2364
gal0_star01650,star,1.8226176,0.469049,-573.87672,-158.4114,1.8860905,2.575724,-8.6143558,0.13158595,0.9973,0.9698,0.7737
gal0_star01651,star,1.976586,0.975336,-1421.011,-153.39662,3.8835503,0.79955365,-5.6353809,0.43398881,1.0000,0.5662,0.0982
gal0_star01652,star,1.9255112,0.560472,-0.27893799,-1464.4389,-7.1317216,5.8747125,-0.093620448,0.15872185,0.9681,0.9578,0.8085
gal0_star01653,star,0.54326412,0.985014,355.86961,-134.3378,24.604377,4.1991316,10.890088,-0.20402057,1.0000,0.9215,0.6561
gal0_star01654,star,1.3825384,1.10823,43.264003,448.24014,19.056756,-10.568727,1.4904358,-0.37921717,1.0000,0.5461,0.0907
gal0_star01655,star,1.774192,0.483364,-385.22005,244.18361,-1.2637895,-5.2100191,-9.165843,0.25630756,1.0000,0.5676,0.0981
gal0_star01656,star,0.79817417,0.978857,-188.9621,-470.32267,-6.3548206,9.5474683,-3.2824555,-0.10430649,1.0000,0.9803,0.7995
gal0_star01657,star,0.98501025,0.58978,-52.549617,-344.30557,-15.835323,12.323692,-1.9177193,0.16711785,0.9939,0.9638,0.8039
gal0_star01658,star,0.89401971,0.810003,-185.64253,720.511,3.5669846,-7.7770147,-2.226537,-0.2278235,0.9878,0.4021,0.0236
gal0_star01659,star,1.0661865,0.773697,275.08077,147.36061,-16.073028,-5.7614414,11.493915,-0.22177772,0.9758,0.8370,0.4136
gal0_star01660,star,1.6570395,0.734764,590.64022,-694.03103,-2.6415729,5.3678089,5.3964507,-0.38334966,0.9907,0.8271,0.4459
gal0_star01661,star,0.91478134,0.530083,488.73296,-513.21506,-7.3691634,5.9222485,5.8736899,0.12099961,0.9874,0.7253,0.2289
gal0_star01662,star,1.8011055,0.991093,-1221.2119,-195.11671,-8.9060056,0.89057597,-6.59515,-0.16817205,0.9971,0.9526,0.8131
gal0_star01663,star,1.8663417,0.366877,440.0566,-6.7156744,-1.1352654,0.3081089,11.210343,-0.024554333,1.0000,0.3746,0.0509
gal0_star01664,star,0.53689969,0.794095,258.41681,248.27731,2.8162987,-7.7300781,8.7328614,-0.30294325,1.0000,0.8621,0.4628
gal0_star01665,star,1.4287749,0.478941,584.42658,-740.30335,11.427351,5.3221978,4.3517119,0.17851303,0.9971,0.9026,0.6037
gal0_star01666,star,1.8809112,0.455816,-278.30964,-370.24067,11.153878,8.9334869,-6.33725,-0.3401798,1.0000,0.3531,0.0188
gal0_star01667,star,1.4813751,0.331244,661.37572,37.745504,-7.5961271,-0.74641864,8.564867,-0.00023023164,0.9801,0.5435,0.0911
gal0_star01668,star,1.9391026,0.717398,-299.86865,726.41168,12.933581,-7.6268814,-2.7452801,-0.013728806,0.9871,0.8257,0.4558
gal0_star01669,star,1.4965317,1.0549,261.52935,219.74601,21.367039,-8.5189121,8.8227261,0.18176252,0.9968,0.6896,0.2922
gal0_star01670,star,0.97946845,0.882946,-365.57732,-584.29135,24.527422,7.5735962,-4.1754243,-0.14779472,1.0000,0.3867,0.0560
gal0_star01671,star,1.2772493,0.906934,451.55233,-566.43182,-22.43693,6.1843392,4.3711934,-0.018415023,1.0000,0.3827,0.0425
gal0_star01672,star,1.5324599,1.02277,268.33202,-403.71699,12.58347,8.1987193,6.3364241,-0.096340602,1.0000,0.7260,0.2296
gal0_star01673,star,1.3102744,0.668673,-842.36718,320.60896,-9.3160188,-2.7104384,-6.7702727,0.52467448,1.0000,0.8830,0.6324
gal0_star01674,star,1.2688188,0.476262,-102.4952,502.91472,14.342304,-9.7554902,-2.1885516,-0.5361936,0.9898,0.7394,0.2368
gal0_star01675,star,1.720598,1.0265,88.510442,51.8314,-35.660842,-9.5025142,18.305299,-0.18160289,1.0000,0.8146,0.4355
gal0_star01676,star,1.9795681,0.816163,615.52001,-464.26508,-11.863749,4.6351141,6.1591594,-0.095133565,1.0000,0.9560,0.8155
gal0_star01677,star,1.0750792,0.627937,-172.13102,-225.5898,-11.783096,10.922312,-7.755211,0.15509632,0.9728,0.7347,0.2603
gal0_star01678,star,1.1519054,0.920105,446.42357,228.6189,-0.75250498,-4.3077346,8.9838345,0.10290924,0.9792,0.8958,0.6608
gal0_star01679,star,1.1526238,0.690791,-808.08352,-113.4027,8.828157,1.1078859,-7.3901715,-0.33698865,1.0000,0.3884,0.0470
gal0_star01680,star,0.57521267,0.522664,90.429736,157.49601,7.4621919,-14.925122,8.4920058,0.66366638,1.0000,0.5277,0.1230
gal0_star01681,star,1.9436298,0.901063,-194.21717,101.01042,-14.928645,-6.6651741,-13.521857,0.1358099,0.9791,0.8213,0.4497
gal0_star01682,star,1.4009276,1.02925,-75.748302,-328.42259,-1.4556393,11.295348,-2.8061968,-0.4469731,0.9685,0.9503,0.7949
gal0_star01683,star,1.0318259,0.739252,420.82125,331.06704,-0.6159299,-6.5186058,7.1935617,-0.050627662,0.9814,0.5747,0.0760
gal0_star01684,star,0.52486352,1.00163,377.59083,-1019.4228,-3.4550502,6.5778012,2.1785659,-0.096849566,1.0000,0.8375,0.4380
gal0_star01685,star,1.9561477,1.02752,-23.124909,303.06406,-0.84445352,-13.027329,-1.3363492,-0.3411497,1.0000,0.3702,0.0132
gal0_star01686,star,1.8169714,1.06803,-113.21934,-547.33016,7.7076979,9.5925582,-1.531913,-0.12642632,0.9988,0.9419,0.6690
gal0_star01687,star,1.9808802,1.08605,677.64509,116.26921,0.21643479,-1.4532316,8.5395063,-0.11719557,0.9912,0.5699,0.0756
gal0_star01688,star,0.93847261,0.394255,124.27456,658.57854,46.070975,-8.6440874,1.8987155,-0.23872708,0.9645,0.8723,0.6351
gal0_star01689,star,1.3497633,1.0252,173.02657,-47.49381,-26.507058,4.2165901,16.530665,-0.5886278,1.0000,0.7159,0.2571
gal0_star01690,star,1.7926487,0.874625,-98.603392,286.77968,21.998386,-12.198814,-4.7688403,-0.055953165,0.9802,0.3785,0.0264
gal0_star01691,star,1.1812596,0.360514,812.40888,527.28542,19.123778,-3.6981961,5.8307873,0.13624402,0.9818,0.3640,0.0106
gal0_star01692,star,1.26023,0.889289,649.72243,37.179197,-4.6405125,-0.17609987,8.4176395,-0.62954043,0.9964,0.5657,0.0796
gal0_star01693,star,1.7788169,0.95895,-945.87911,-446.46187,-12.434102,2.7508389,-6.3044087,-0.16420411,1.0000,0.5727,0.1295
gal0_star01694,star,0.50310664,0.385862,191.16083,-48.63989,-15.891175,3.8804431,15.46981,0.1269569,0.9882,0.9508,0.8693
gal0_star01695,star,0.93430876,0.677748,-1373.2893,679.19431,-3.9113576,-2.5687592,-5.0338213,0.057803871,1.0000,0.7653,0.2594
gal0_star01696,star,0.57745595,0.91863,409.09221,980.39255,-8.6613884,-6.495344,2.7616381,0.23804015,0.9694,0.9736,0.8377
gal0_star01697,star,1.5096209,0.305691,-45.371802,16.383943,11.536708,-11.697094,-28.988135,0.50075844,0.9639,0.3793,0.0264
gal0_star01698,star,1.964415,0.555505,284.17974,549.27655,0.41454319,-8.0360192,3.9311408,0.1473916,1.0000,0.3973,0.0207
gal0_star01699,star,1.9268146,1.1374,-345.30044,473.72597,-18.799225,-7.6767193,-5.3498971,0.27364139,1.0000,0.9504,0.8363
gal0_star01700,star,1.2453029,0.614287,162.66955,-818.25142,-14.990314,7.9178676,0.95789638,-0.11107152,1.0000,0.9458,0.8306
gal0_star01701,star,0.5572359,0.551787,1552.8652,-1005.5395,-9.5613134,2.6008841,4.1771001,0.14633523,0.9922,0.8221,0.4187
gal0_star01702,star,1.6738244,0.864523,262.91947,-374.11717,19.524917,8.2118714,5.9733315,-0.94437629,1.0000,0.7346,0.2511
gal0_star01703,star,1.87382,0.600005,476.80605,143.01291,-2.2443428,-2.6271283,9.4466477,0.50003656,0.9948,0.3655,0.0349
gal0_star01704,star,1.9251505,0.989955,-783.23557,-85.916338,-0.88125557,0.99882682,-7.7851238,0.14901236,1.0000,0.3931,0.0000
gal0_star01705,star,1.2432618,0.315905,-164.91412,302.11684,-2.2833874,-10.411079,-6.6402074,-0.3659618,1.0000,0.7232,0.2434
gal0_star01706,star,0.90713247,0.647865,269.80078,-616.63809,6.3559436,7.5703818,3.5369698,0.17430165,0.9725,0.7319,0.2320
gal0_star01707,star,0.59686835,0.796773,-130.39707,-2.4661539,-20.592056,-0.58146076,-19.127868,0.1850478,1.0000,0.8284,0.4820
gal0_star01708,star,1.1104322,0.582212,162.91654,-233.97741,-7.9357193,11.25278,8.0905562,-0.61396261,1.0000,0.9833,0.8016
gal0_star01709,star,1.4195243,1.0604,405.9236,1459.6192,11.973118,-5.2458467,1.8014769,0.25999405,1.0000,0.8598,0.4652
gal0_star01710,star,0.5558083,0.634574,-531.76457,-29.744741,7.3595233,0.8494761,-9.7951981,0.013878932,1.0000,0.9713,0.6132
gal0_star01711,star,0.64918875,0.760321,665.10584,-372.22445,23.760245,3.4997053,6.7971979,0.15096804,1.0000,0.5739,0.1085
gal0_star01712,star,1.5434603,0.647147,-542.54164,868.9545,13.059187,-6.1869101,-3.8093351,0.33535029,0.9962,0.7087,0.2565
gal0_star01713,star,1.6435658,0.881188,35.799632,-202.41323,25.768355,15.166519,3.4917339,-1.2510396,1.0000,0.8985,0.6467
gal0_star01714,star,1.3080481,0.437838,-613.66832,-626.4936,4.4367687,5.6303576,-4.9016042,0.26139531,1.0000,0.7381,0.2457
gal0_star01715,star,1.3881663,0.840777,-472.06972,122.23846,8.8707604,-2.3398742,-9.8273986,0.45557854,0.9601,0.9467,0.8354
gal0_star01716,star,1.9111639,0.380155,-234.27001,115.02428,-21.854675,-5.8542608,-12.486019,-0.30765481,0.9881,0.9692,0.8098
gal0_star01717,star,1.3300798,0.351451,641.69391,388.01232,27.625884,-4.654795,7.0131354,0.19109705,1.0000,0.9434,0.6476
gal0_star01718,star,1.878327,1.0629,-983.98974,-214.20957,-4.6666864,1.3816437,-6.691429,-0.1847329,0.9849,0.7200,0.2688
gal0_star01719,star,1.1678097,0.936379,229.58209,34.147099,21.917372,-2.105283,14.483354,-0.13931855,1.0000,0.5615,0.0945
gal0_star01720,star,1.3609493,0.304278,-176.87992,323.20783,-2.9123075,-10.38667,-5.6496295,-0.59882272,0.9924,0.9121,0.6797
gal0_star01721,star,1.4967049,1.14488,-363.00039,-83.721615,10.064184,2.8596893,-10.743057,0.10806969,0.9660,0.5907,0.0841
gal0_star01722,star,1.4698479,0.518463,580.63554,594.23531,22.459268,-5.2759027,5.3269809,0.63951094,0.9926,0.8530,0.4610
gal0_star01723,star,1.3204846,0.4468,443.07097,249.70627,-9.2284312,-4.6649113,8.7276828,-0.73594045,1.0000,0.8656,0.4571
gal0_star01724,star,0.96775744,0.332577,-654.27582,250.70052,16.808164,-3.2087324,-8.0326808,-0.038757877,1.0000,1.0000,0.8459
gal0_star01725,star,1.9572965,0.624836,-237.39601,308.2554,14.977179,-8.9348712,-6.8661689,-0.15696131,1.0000,0.9547,0.7921
gal0_star01726,star,0.51498352,0.373389,-23.257969,78.704281,-19.539394,-23.135436,-5.2093229,-0.90159679,1.0000,0.4095,0.0215
gal0_star01727,star,1.7642162,0.705754,-245.92371,941.14936,28.461664,-6.7352521,-1.4364796,-0.34866577,1.0000,0.9154,0.6539
gal0_star01728,star,1.2483509,0.965087,-274.60044,716.53486,-7.0233128,-7.5872548,-2.8433852,0.12100433,1.0000,0.3758,0.0328
gal0_star01729,star,0.5702391,0.849709,260.17325,93.956881,8.2480613,-5.1113191,12.192107,0.53270836,1.0000,0.3798,0.0381
gal0_star01730,star,1.4712393,0.358937,-6.9783918,252.83401,26.234914,-14.587932,-0.19948022,-0.67651795,0.9896,0.4044,0.0000
gal0_star01731,star,0.7705122,0.711492,762.00237,611.89917,-12.383433,-4.8438194,5.4670688,0.72082924,1.0000,0.9629,0.8212
gal0_star01732,star,1.7128877,0.750237,518.54266,-247.43299,2.8980206,3.502223,8.2884399,-0.17789336,0.9886,0.5398,0.1272
gal0_star01733,star,0.99692127,0.818172,440.23343,-0.95998426,-13.267005,-0.49545694,11.271695,0.25813311,1.0000,0.3537,0.0066
gal0_star01734,star,1.5804317,0.357759,21.963259,-33.430753,15.696307,30.156319,19.528889,1.4525569,1.0000,0.8549,0.4296
gal0_star01735,star,0.565131,0.748361,-571.18819,-185.64173,8.8627689,3.0805506,-8.9372335,0.056614916,1.0000,0.8536,0.4555
gal0_star01736,star,0.75971204,0.592776,-41.415777,112.18475,-15.078715,-19.154241,-6.1980413,1.5222304,0.9929,0.9617,0.8030
gal0_star01737,star,1.4202901,0.304365,389.2577,765.67479,2.4200868,-6.3405627,3.5825786,-0.15192299,1.0000,0.9553,0.6485
gal0_star01738,star,0.75378908,1.10978,348.19356,-97.87248,-0.94623378,3.0259904,11.508083,-0.94793771,0.9692,0.5318,0.0992
gal0_star01739,star,1.1718652,0.544055,264.49196,122.56448,-3.2710043,-5.309789,12.088965,-0.14938151,1.0000,0.5745,0.0932
gal0_star01740,star,0.57468386,0.711032,104.31612,115.62119,10.626448,-13.886393,10.689415,-0.25702419,0.9948,0.7341,0.2586
gal0_star01741,star,1.5414623,0.469376,1568.5301,-980.92481,-3.0495249,2.649689,4.4204848,0.11002209,0.9792,0.9951,0.8258
gal0_star01742,star,1.7652943,0.433623,-900.96558,625.6697,-3.1915736,-3.5932137,-5.8009683,0.03334157,1.0000,0.3792,0.0174
gal0_star01743,star,1.6513386,0.578437,333.62746,545.03531,-13.587252,-7.8176758,4.8949095,0.097981628,0.9795,0.9458,0.7632
gal0_star01744,star,1.1501376,0.531296,267.91074,109.48232,9.22905,-4.8483392,12.375103,-0.49161141,0.9940,0.3559,0.0345
gal0_star01745,star,1.8533654,0.572886,164.61926,-836.02652,9.9543028,6.9537218,1.4185502,0.35847332,0.9859,0.3734,0.0393
gal0_star01746,star,0.87948385,0.646665,528.90045,-505.42594,7.6757047,6.0254853,6.1288924,0.077476609,0.9995,0.7139,0.3080
gal0_star01747,star,1.1245758,0.576751,-130.26069,-292.40283,35.875923,11.598278,-4.5337352,0.92101329,0.9944,0.9132,0.6555
gal0_star01748,star,1.1354327,0.369362,441.26073,13.331547,6.4205328,-0.23262777,10.343649,-0.15882022,1.0000,0.9029,0.6826
gal0_star01749,star,0.88589349,0.989822,-491.06266,396.42707,-15.214412,-5.5089611,-7.0358337,0.13199259,0.9581,0.5824,0.0927
gal0_star01750,star,1.624976,0.993847,-595.71744,-81.36031,-11.880224,1.4010994,-8.7299686,-0.011491681,0.9781,0.8564,0.4766
gal0_star01751,star,0.74988801,0.663931,62.655428,-625.22658,-1.0764881,9.0747847,0.66373152,0.11670358,0.9730,0.9270,0.6524
gal0_star01752,star,0.88749939,0.427398,373.28485,-352.56157,1.0798524,6.6130028,7.3869509,-0.27553199,0.9799,0.5627,0.0755
gal0_star01753,star,0.80944313,0.769302,82.721099,665.60732,-3.3747526,-8.7663205,0.88447605,0.034218943,0.9770,0.9168,0.6563
gal0_star01754,star,0.81907862,0.420571,250.15329,7.9370026,6.4792165,-1.3318475,14.038183,-0.31405387,0.9988,0.5619,0.1075
gal0_star01755,star,0.65875699,0.767747,86.062392,195.94454,19.319387,-12.825096,6.9386819,-0.091848236,0.9620,0.7302,0.2605
gal0_star01756,star,0.67601591,1.01317,-296.74644,-376.63314,20.804616,7.0631094,-5.4110091,-0.19804973,0.9814,0.9413,0.6822
gal0_star01757,star,1.6856282,0.530725,50.097302,897.41901,8.4858541,-7.7605892,0.52596071,-0.16827493,0.9820,0.3879,0.0296
gal0_star01758,star,0.95629275,0.917777,133.64959,-1269.2188,-12.566708,6.1242669,0.45385803,0.15145978,1.0000,0.8822,0.6746
gal0_star01759,star,1.820946,0.438997,207.11569,309.75203,-1.9276606,-9.2224163,5.7923765,-0.087075662,1.0000,0.5756,0.1019
gal0_star01760,star,1.2130116,0.654643,-561.7431,-94.644008,-19.673194,1.3580342,-9.7373613,-0.015521703,0.9827,0.9652,0.8190
gal0_star01761,star,1.4515411,0.337043,-383.54168,-187.69621,-0.016480517,5.1794929,-9.8555922,-0.29121863,0.9861,1.0000,0.8229
gal0_star01762,star,1.1764168,0.751766,-175.40557,-64.911635,-5.8672504,4.9748641,-16.3034,0.84440282,0.9788,0.7113,0.2557
gal0_star01763,star,1.3181933,0.723492,95.153154,-218.64191,-33.22451,13.670517,6.2133612,-0.11896984,0.9327,0.8476,0.4401
gal0_star01764,star,1.2055748,0.523654,247.93634,113.42646,21.100233,-5.7009108,12.933138,-0.38443484,0.9971,0.8566,0.4580
gal0_star01765,star,0.65202913,0.764112,68.655749,200.22544,5.4845332,-14.958046,5.3664713,0.051129402,1.0000,0.9436,0.6631
gal0_star01766,star,0.62979672,0.563886,-1402.3533,-434.8828,-7.5149335,1.7576474,-5.3224338,-0.35631526,0.9648,0.9314,0.6429
gal0_star01767,star,1.2506448,0.443935,638.68546,-5.3721744,-7.05829,0.099067125,8.6488663,0.36502516,1.0000,0.6857,0.2571
gal0_star01768,star,0.96304893,0.476098,-8.7886713,-149.47881,-39.755234,19.019251,-1.3050124,0.32980714,1.0000,0.5423,0.1099
gal0_star01769,star,0.53993399,0.730395,-760.15839,-276.63631,-4.5565273,3.2194536,-7.6587568,0.15844466,1.0000,0.7706,0.2647
gal0_star01770,star,1.6217526,0.496618,1081.5744,264.67648,-10.783751,-1.6406564,6.6271796,0.31111185,0.9659,0.7021,0.2412
gal0_star01771,star,1.990097,0.884364,-1347.7048,-665.86901,-14.438262,2.6777896,-5.0784939,0.067032139,1.0000,0.7185,0.2513
gal0_star01772,star,1.4496867,0.874869,-18.11067,950.14798,11.395009,-7.2556769,-0.10901539,-0.020977362,0.9986,0.5610,0.1169
gal0_star01773,star,0.99801242,0.873144,232.83002,593.21664,18.496247,-8.4946972,3.4619387,0.13318417,1.0000,0.4136,0.0382
gal0_star01774,star,1.3233688,0.398379,-595.44888,335.03003,-15.881191,-4.3388126,-7.1841892,0.67201324,0.9894,1.0000,0.8592
gal0_star01775,star,1.7735401,0.426688,-49.408576,293.37604,11.467296,-12.603359,-1.5414793,0.32634669,0.9929,0.8389,0.4551
gal0_star01776,star,0.81646483,1.03543,198.2145,-597.56671,-20.360885,7.9847491,3.0335184,0.86492135,1.0000,0.3809,0.0245
gal0_star01777,star,0.50147037,0.994791,511.21337,-283.06992,-12.310405,4.9606821,8.196888,-0.21348248,1.0000,0.3704,0.0185
gal0_star01778,star,1.8999939,0.416524,60.608935,-199.2256,6.9978697,14.166762,4.2122737,0.35018159,0.9808,0.5623,0.1200
gal0_star01779,star,1.2111672,1.06478,-341.60999,491.41022,-11.96332,-8.0464513,-5.16642,-0.26610284,1.0000,0.5634,0.1133
gal0_star01780,star,1.3627607,0.535501,-96.283954,291.11588,15.734943,-12.801065,-4.7393511,-0.45370969,1.0000,0.3792,0.0372
gal0_star01781,star,1.1970769,0.302864,421.66162,-554.62681,16.44314,6.924678,4.8077993,0.39139011,0.9933,0.3708,0.0701
gal0_star01782,star,0.56228925,0.324353,-154.52743,-157.86613,23.74266,10.89152,-10.775348,-1.1515043,0.9922,0.9171,0.6610
gal0_star01783,star,1.1340035,0.865309,473.06806,101.4587,3.7069687,-1.4648059,10.356906,-0.41246767,0.9933,0.8631,0.4330
gal0_star01784,star,1.159941,0.872815,-1.0175065,492.20285,-16.643825,-9.9456679,-0.038294293,-0.57230164,0.9708,0.9391,0.6546
gal0_star01785,star,0.84687884,0.522114,729.4075,1017.2327,0.57902152,-5.1413572,3.7422809,0.039485446,1.0000,0.3511,0.0537
gal0_star01786,star,1.5531632,0.736726,-344.68414,-124.74156,-25.937275,3.6422746,-11.336355,-0.50288303,1.0000,0.5918,0.1096
gal0_star01787,star,1.7080373,1.04031,248.78397,-385.49521,-10.202976,8.6302225,6.4314713,0.027464457,1.0000,0.9795,0.7705
gal0_star01788,star,0.80475054,1.13385,405.00502,-90.246761,-13.180415,2.2130147,10.709278,-0.14982762,1.0000,0.5562,0.0876
gal0_star01789,star,0.64286341,1.13432,137.60772,412.78058,6.1225089,-9.9812481,3.6891485,0.33400977,1.0000,0.9061,0.6309
gal0_star01790,star,1.8153747,0.634028,961.73736,-341.6352,0.50214891,2.5737352,6.8400796,-0.17958588,0.9926,0.8998,0.6176
gal0_star01791,star,1.0349222,0.450892,558.84637,-488.22119,1.989518,5.5254756,6.1530562,0.020444505,0.9897,0.3693,0.0621
gal0_star01792,star,1.7994997,0.522192,657.7657,284.51249,5.6720044,-3.0382507,7.9946743,0.41963725,1.0000,0.5692,0.1513
gal0_star01793,star,1.1976404,0.743508,-990.92947,-76.344053,-13.237075,0.77046747,-6.743719,0.12060493,0.9779,0.7416,0.2534
gal0_star01794,star,1.382571,1.07258,1296.9927,-76.538537,4.4473618,0.84750508,6.4607191,-0.24418402,0.9887,0.8870,0.6469
gal0_star01795,star,0.56834699,0.89568,-246.83277,-713.30415,-0.60059311,7.6980273,-2.7093296,-0.32823541,0.9977,0.6968,0.2541
gal0_star01796,star,1.9705025,0.78312,-282.68334,67.065851,38.128352,-2.9007597,-12.025129,-0.37450851,1.0000,0.8988,0.6559
gal0_star01797,star,1.6713857,0.781559,587.32086,495.7235,-6.7774107,-5.7931899,5.659552,-0.23281533,1.0000,0.9006,0.6394
gal0_star01798,star,0.86440763,1.05548,210.5412,619.72235,0.24243909,-8.205051,3.1651756,-0.47562618,1.0000,0.9148,0.6452
gal0_star01799,star,0.8382973,1.09438,256.5321,244.5793,-7.2465041,-8.2226517,8.1196918,0.083399115,1.0000,0.7022,0.2673
gal0_star01800,star,0.72058403,1.03863,-535.35663,16.004395,5.4183171,-0.43445702,-10.131011,-0.1704324,0.9951,0.7019,0.2443
gal0_star01801,star,1.8580472,0.922892,-334.74461,-74.746015,27.47814,2.4415153,-11.777118,-0.9560769,0.9632,0.5480,0.0658
gal0_star01802,star,1.5741494,0.90323,-70.720774,-356.33363,-21.228993,11.365762,-2.7546763,0.36812956,1.0000,0.9901,0.8184
gal0_star01803,star,1.3505892,0.679929,142.05384,-215.61033,16.06269,11.767845,6.5745316,-0.15330781,0.9849,0.3497,0.0377
gal0_star01804,star,1.7520001,0.34349,104.72766,422.86076,-11.491492,-10.41145,2.7503365,0.6286033,0.9839,0.9662,0.6728
gal0_star01805,star,1.5279608,1.03421,926.23652,-419.31969,-16.953138,2.8713369,6.4954271,-0.024002881,0.9933,0.4377,0.0000
gal0_star01806,star,0.96661749,1.07865,-208.91975,104.64489,-24.005326,-6.2997779,-13.437922,-0.596107,1.0000,0.3496,0.0000
gal0_star01807,star,1.1826148,1.1018,-35.694858,18.052066,-11.494577,-16.714228,-32.542458,-0.027318427,1.0000,0.3549,0.0166
gal0_star01808,star,1.3299873,1.14513,479.31605,251.00825,-15.499016,-4.4883539,8.4250546,-0.0051386071,1.0000,0.9491,0.6438
gal0_star01809,star,0.62944045,0.67071,258.54433,57.845994,6.5725518,-2.5931777,13.229178,-0.10608831,0.9934,0.5589,0.0561
gal0_star01810,star,1.0341204,0.444801,-394.68205,255.76459,11.546454,-5.2509853,-8.3697964,-0.47662484,0.9947,0.8277,0.4395
gal0_star01811,star,1.7943914,0.858915,349.36524,1027.0902,0.95803304,-7.0720159,2.1238233,-0.27585589,0.9826,0.9314,0.6527
gal0_star01812,star,1.5198411,0.927992,630.48293,449.71583,-13.557028,-4.721759,6.3869483,-0.10850889,1.0000,0.9388,0.6456
gal0_star01813,star,1.2116933,1.01751,253.78695,581.41597,1.4434031,-8.3032082,3.1540369,-0.51323118,0.9698,0.7200,0.2678
gal0_star01814,star,1.5762909,0.587032,135.12228,-56.889422,-18.906819,6.9095874,16.787241,-0.17602357,0.9948,0.9805,0.8057
gal0_star01815,star,1.2604846,0.561392,95.431772,130.11976,4.7011965,-14.515489,11.207221,0.09409646,0.9876,0.9473,0.6374
gal0_star01816,star,0.50302754,1.07074,635.28767,-424.50787,18.725809,4.7701846,6.9844826,-0.24524523,1.0000,0.9491,0.6590
gal0_star01817,star,1.638448,0.956212,624.86692,-79.717644,18.34481,1.0686247,8.4691695,0.11832197,0.9816,0.9699,0.8259
gal0_star01818,star,1.2004471,0.77623,376.89368,-1233.6341,1.2647585,5.7714589,1.7600211,-0.030161144,1.0000,0.9514,0.8336
gal0_star01819,star,1.7999412,0.478523,242.48303,230.22231,-4.0313492,-8.4879378,8.8000292,-0.15180063,1.0000,0.8523,0.4514
gal0_star01820,star,1.1495831,0.440347,-521.72517,-358.0753,2.0743442,5.2434792,-6.807532,0.12953305,1.0000,0.5479,0.1111
gal0_star01821,star,1.1845738,0.60089,869.74728,204.46653,-4.1852578,-1.9788387,7.540546,0.17314724,1.0000,0.8949,0.6254
gal0_star01822,star,0.8174352,0.666447,-929.19451,543.79141,18.868087,-3.7875581,-6.0520833,-0.24384753,0.9634,0.9255,0.6785
gal0_star01823,star,1.8478773,0.972823,446.8872,106.41424,-6.3735037,-2.0918423,10.653262,1.1938962,1.0000,0.7398,0.2532
gal0_star01824,star,1.4994846,0.885348,-742.26266,-344.22442,-5.9640078,3.7651717,-7.3914335,0.34755661,1.0000,0.9443,0.8352
gal0_star01825,star,1.8128603,0.515328,-221.73005,-740.2374,-14.032009,7.5108038,-2.5242537,0.16228642,1.0000,0.7316,0.2681
gal0_star01826,star,1.4860566,0.697882,235.89999,1066.7063,9.3256947,-6.4298485,1.6312313,-0.62386476,1.0000,0.4056,0.0310
gal0_star01827,star,1.5690549,0.39473,674.51259,162.61488,5.2224646,-1.7187646,7.8254214,-0.41635511,0.9865,0.8224,0.4545
gal0_star01828,star,1.267591,0.562401,426.70847,-29.740046,-16.111045,0.37613371,10.879335,0.050533969,0.9979,1.0000,0.7806
gal0_star01829,star,1.3653837,1.08238,272.56204,189.97718,7.3648218,-7.2386727,9.5456516,-0.35027801,0.9838,0.5492,0.1038
gal0_star01830,star,0.68243681,0.641477,204.67487,-857.20717,27.230649,7.3841431,1.64567,-0.25800404,1.0000,0.9100,0.6425
gal0_star01831,star,1.9351328,0.570338,-179.60178,103.74457,-33.115772,-8.0168286,-12.473008,-0.35013224,1.0000,0.9228,0.6934
gal0_star01832,star,1.5066452,0.663345,146.71771,-412.25316,-5.2485319,9.920814,3.6401773,0.22198795,0.9524,0.5466,0.1210
gal0_star01833,star,0.63994865,0.95141,450.57466,256.9426,-5.9857213,-4.1219487,8.2729138,0.29483238,0.9842,0.5461,0.1124
gal0_star01834,star,1.8328333,1.14184,91.532259,422.3527,-11.363884,-10.795732,1.7326978,0.50815154,1.0000,0.5762,0.0606
gal0_star01835,star,0.56282164,0.850928,864.81233,872.63078,-3.2433925,-4.7697637,4.4292209,-0.34620664,0.9720,0.8054,0.4189
gal0_star01836,star,1.4104394,0.771817,-371.91416,-121.65827,17.899399,3.6471663,-10.863317,0.22508932,0.9803,0.8376,0.4745
gal0_star01837,star,0.65839624,0.762761,646.48129,17.028018,-11.688426,-0.66014558,9.1277865,-0.081213534,1.0000,0.8363,0.4176
gal0_star01838,star,1.1243533,0.894315,347.65356,-146.79056,2.9602348,4.1185496,11.434052,-0.039545721,1.0000,0.5351,0.1109
gal0_star01839,star,1.6532569,0.793532,146.19849,-68.03453,16.233206,7.9655961,16.091007,-0.21752249,1.0000,0.5368,0.1118
gal0_star01840,star,1.2747044,0.967542,1094.5474,350.81197,-5.2612636,-2.1457437,6.2695495,-0.082083408,1.0000,0.9180,0.6364
gal0_star01841,star,0.62642026,0.901984,-54.889317,-562.64276,-8.9241119,9.3221316,-0.54430443,0.04885799,1.0000,0.8506,0.4659
gal0_star01842,star,0.81480914,0.41655,302.63183,818.55046,8.4402895,-7.3722489,2.341797,-0.18737196,0.9834,0.7298,0.2428
gal0_star01843,star,0.68397523,1.1021,110.1709,685.02011,3.4933395,-8.3924321,1.9488469,0.66100634,0.9721,0.7126,0.2690
gal0_star01844,star,1.7780735,0.655159,-714.57094,171.57971,-8.8176835,-2.0015646,-8.0962663,-0.44209139,0.9906,0.9638,0.8134
gal0_star01845,star,1.7069857,1.05087,-152.8183,328.29889,15.498146,-10.884896,-5.0306784,-0.15450808,0.9968,0.3780,0.0415
gal0_star01846,star,0.81919103,0.771656,-245.37473,86.117699,14.724502,-4.3367918,-13.077117,-0.36205963,1.0000,0.3590,0.0681
gal0_star01847,star,1.1330324,0.467933,-182.03913,-220.23646,37.326597,10.774027,-8.0914441,-0.34810457,0.9662,0.9077,0.6246
gal0_star01848,star,1.3356609,1.07354,381.69079,418.18209,9.4697501,-7.0060756,6.4416925,0.25894323,0.9942,0.3668,0.0325
gal0_star01849,star,1.5428231,0.776744,467.33477,-1005.0027,16.009681,6.2076676,2.6897083,0.23637147,1.0000,0.3930,0.0506
gal0_star01850,star,0.9172797,0.493909,-529.2687,-316.13186,10.561131,4.485549,-7.6925723,-0.046720846,1.0000,0.4155,0.0190
gal0_star01851,star,1.3278991,0.947653,701.17321,-375.58193,-21.276804,3.9218809,6.7552251,0.053115552,0.9695,0.9010,0.6623
gal0_star01852,star,0.7900874,0.571578,-639.98251,794.50436,29.387849,-5.0767476,-4.4698828,0.15241547,0.9792,0.8640,0.4050
gal0_star01853,star,1.6260086,1.09466,-962.20582,-446.87494,-6.4422104,2.4429644,-6.1484366,-0.2355466,0.9819,0.9640,0.7999
gal0_star01854,star,0.6895102,1.09802,230.03071,279.31919,11.448667,-9.1080794,7.3520105,-0.087391773,0.9581,0.9232,0.8079
gal0_star01855,star,1.0408461,1.05525,-139.13814,294.73816,13.198428,-10.657809,-5.561991,-0.69725581,1.0000,0.8336,0.4527
gal0_star01856,star,0.8465882,0.895306,780.17438,595.90153,8.5983628,-3.8502702,5.6969795,-0.19638739,0.9923,0.5861,0.1039
gal0_star01857,star,1.3346698,0.370907,168.93328,-426.42073,-5.2501859,10.202758,4.2966496,-0.44626597,0.9795,0.3798,0.0212
gal0_star01858,star,1.5034771,0.90879,1110.8497,-868.65008,2.6424668,3.8193233,4.6783118,0.094275132,1.0000,0.8177,0.4484
gal0_star01859,star,0.70927775,0.363304,244.50457,168.15384,16.844772,-6.8484541,10.062447,0.54277386,0.9825,0.9447,0.6493
gal0_star01860,star,1.0616359,1.08173,82.821167,166.49764,-12.563037,-14.812319,8.7039983,-0.51122278,1.0000,0.9294,0.7848
gal0_star01861,star,0.99528072,1.08459,-274.8285,77.181133,-9.4505864,-2.7830576,-13.365017,0.14172846,0.9803,0.5974,0.0964
gal0_star01862,star,0.96451849,0.742503,340.72251,-357.68593,-17.694352,7.246685,7.4521996,-0.29789744,1.0000,0.7493,0.2371
gal0_star01863,star,1.0804959,0.505222,430.78147,-31.958811,-8.2123981,0.39215267,10.801259,-0.36692791,1.0000,0.8306,0.4068
gal0_star01864,star,0.94852063,0.943337,-690.5855,183.2941,-16.17185,-1.8518336,-8.0430004,0.14803407,0.9967,0.9482,0.8108
gal0_star01865,star,1.9960166,0.383152,-273.90898,285.90095,-2.8948769,-8.2901231,-7.6196548,0.043827706,1.0000,0.3903,0.0532
gal0_star01866,star,1.836203,1.05191,-222.74836,112.1057,-19.82759,-5.8712484,-12.201614,0.2025462,0.9899,0.9017,0.6206
gal0_star01867,star,1.229746,0.500143,617.82392,-73.986423,-11.72561,0.38741685,8.8935559,0.1919252,0.9780,0.9915,0.8466
gal0_star01868,star,1.2020655,0.585415,332.91044,498.88573,-12.17692,-7.2891783,5.3281075,0.19828615,1.0000,0.9201,0.6550
gal0_star01869,star,1.0427416,0.583981,162.37943,418.84788,7.1325655,-10.439737,3.4265214,0.24090191,1.0000,0.5940,0.1129
gal0_star01870,star,1.8838826,0.881877,-71.439207,303.6712,-17.67769,-11.507824,-2.5851628,-0.56074528,0.9939,0.3650,0.0370
gal0_star01871,star,0.90379392,0.57161,5.7177061,85.324355,10.193747,-24.703767,0.92460099,-0.26354543,1.0000,0.5672,0.1058
gal0_star01872,star,1.3138941,1.1382,223.72927,-416.54059,13.956109,9.0386353,4.7930167,0.23196101,0.9843,0.3806,0.0309
gal0_star01873,star,0.55773204,0.543136,43.892305,-189.63227,12.612015,15.223306,4.3850132,0.33935467,1.0000,0.9701,0.8375
gal0_star01874,star,1.2835749,0.699554,-185.42808,-968.80024,15.126215,6.6695127,-1.138497,0.16813748,0.9866,0.9424,0.6833
gal0_star01875,star,1.5424502,0.851085,-501.33259,78.373688,-33.448597,-1.8421872,-9.8423631,0.23643509,0.9734,0.5862,0.1018
gal0_star01876,star,1.5677588,1.07871,-254.19083,-460.09088,-21.542328,8.5736009,-4.7543751,-0.20913205,1.0000,0.9414,0.7871
gal0_star01877,star,1.8212838,0.987185,-159.18589,-237.97072,4.4257234,11.144979,-6.9912002,0.16139906,0.9673,0.9631,0.8218
gal0_star01878,star,0.71224711,0.713686,217.856,598.27505,1.3123663,-8.3835076,3.1743405,-0.2296777,0.9993,0.8715,0.4747
gal0_star01879,star,0.64743749,0.995205,43.726862,-1043.1766,1.2539578,6.7694155,0.40891551,0.15031553,0.9708,0.9372,0.8539
gal0_star01880,star,1.3852396,0.593309,-469.78049,157.47516,5.9606269,-3.2398808,-10.075854,0.63309057,0.9867,0.4046,0.0457
gal0_star01881,star,0.72632168,0.899169,-352.19439,-225.14061,-22.76879,6.2359165,-9.6057012,0.16956487,1.0000,0.8913,0.6087
gal0_star01882,star,0.70434341,0.301359,654.15506,46.495842,-1.6927129,-0.71573825,9.0630884,0.089593952,1.0000,0.7215,0.2448
gal0_star01883,star,0.99007048,0.463406,-9.6611604,-177.85984,-7.2301128,17.329847,-0.30244405,-0.42680148,0.9756,0.8283,0.4237
gal0_star01884,star,0.57243795,0.752243,626.77756,-975.32423,3.9748365,5.846817,3.32883,-0.261131,1.0000,0.8190,0.4648
gal0_star01885,star,1.6593285,0.824594,-532.92581,0.1220653,-11.164674,-0.42534788,-10.023967,-0.21609735,1.0000,0.5611,0.1245
gal0_star01886,star,0.5020003,0.682583,-21.162605,-605.79627,12.817976,9.1986724,0.010495572,0.17947315,1.0000,0.9241,0.6261
gal0_star01887,star,0.51374963,0.878542,-148.46148,-232.84495,-10.428309,11.304091,-6.9264422,0.01942345,1.0000,0.8377,0.4865
gal0_star01888,star,1.0865565,0.795264,-259.61801,-1192.1073,5.537556,6.5547628,-1.561006,-0.17915987,0.9985,0.7187,0.2477
gal0_star01889,star,1.3546262,0.60111,285.00275,202.4372,-28.394321,-6.4683759,9.7207974,-0.22470113,0.9686,0.8237,0.4407
gal0_star01890,star,1.7110714,0.431174,16.319528,249.99161,-11.394184,-13.655403,0.88399589,0.93217337,1.0000,0.9863,0.8627
gal0_star01891,star,1.296907,1.00795,696.81143,674.33603,13.745143,-4.7330093,5.3188529,-0.4209888,0.9592,0.8459,0.4514
gal0_star01892,star,1.8296733,0.712311,-54.813143,17.100712,-5.5615334,-10.312374,-27.892308,0.35976082,1.0000,0.7097,0.2627
gal0_star01893,star,1.9379818,0.46724,-998.48218,-237.52805,-19.581863,1.846726,-7.0907726,0.31418431,1.0000,0.8496,0.4483
gal0_star01894,star,0.90775194,0.829023,238.58138,300.38594,13.233732,-8.0124164,6.7730413,0.20599103,0.9981,0.9119,0.6381
gal0_star01895,star,1.3908506,1.10574,-1328.7168,794.47353,15.863428,-2.9158231,-4.8794409,-0.21412172,0.9706,0.8440,0.4137
gal0_star01896,star,0.87734709,0.403347,-185.9005,-518.03167,10.744522,8.7231836,-3.0804416,0.030958611,1.0000,0.8569,0.4457
gal0_star01897,star,1.4463722,1.09374,510.84895,-267.8513,-5.13998,4.3977438,7.7941212,0.14918926,0.9766,0.9148,0.6455
gal0_star01898,star,0.55814913,0.45024,200.1677,-216.96067,-0.14065355,9.3963894,8.2639377,-0.26923229,1.0000,0.7169,0.2536
gal0_star01899,star,1.5402917,0.82432,-416.068,428.63181,3.0298841,-7.1227632,-6.4866072,0.33145718,0.9874,0.8117,0.4539
gal0_star01900,star,1.1943613,0.807381,-72.039366,309.2405,32.715105,-12.473281,-2.2349287,-0.038738624,1.0000,0.9573,0.5926
gal0_star01901,star,1.1489187,0.322802,698.65624,708.14781,-15.658916,-4.9476521,5.5332702,0.017943696,0.9611,0.4074,0.0047
gal0_star01902,star,1.3513951,1.13738,-45.552259,-339.58039,21.941509,11.953099,-2.0666512,0.021089896,0.9771,0.8205,0.4427
gal0_star01903,star,1.44398,0.897057,83.414372,647.83463,-6.1029177,-8.567384,0.62800577,0.39372361,1.0000,0.3968,0.0413
gal0_star01904,star,1.8513853,1.11048,-417.73737,458.25652,19.696807,-6.5576015,-6.4036387,0.23358165,0.9890,0.7187,0.2471
gal0_star01905,star,1.4372376,0.705396,-499.22071,107.87654,21.198172,-1.6396523,-10.243697,-0.37934188,0.9965,0.3756,0.0069
gal0_star01906,star,1.0482663,0.457455,-69.497968,-545.6624,24.40711,9.6777943,-0.81741258,0.1949408,1.0000,0.9867,0.8112
gal0_star01907,star,0.99157549,0.503763,621.70965,-59.022384,10.164425,0.93193965,9.0661195,-0.26652745,1.0000,0.8453,0.4560
gal0_star01908,star,1.1740819,0.77927,780.71985,-1101.5254,-8.3989248,5.1343662,3.8877231,0.19211143,0.9876,0.9016,0.6314
gal0_star01909,star,0.93394978,0.875526,110.92791,-55.862089,-33.452078,8.0005022,18.287126,-0.20826972,1.0000,0.9260,0.6616
gal0_star01910,star,1.8096268,1.11835,-37.612706,277.12874,-3.3755661,-12.432083,-1.4873088,0.19173675,1.0000,0.7362,0.2277
gal0_star01911,star,0.87582875,1.07209,-259.60455,-403.62846,-28.956498,9.0102242,-5.7858257,0.18915026,1.0000,0.9235,0.6543
gal0_star01912,star,1.8730822,1.14273,-280.52394,930.83783,19.614297,-7.1107337,-2.1815069,-0.038208032,0.9776,0.9519,0.8057
gal0_star01913,star,1.6089666,0.467979,408.55167,386.35042,-12.367715,-6.627117,7.2428406,-0.010686409,0.9813,0.8955,0.6334
gal0_star01914,star,1.2218649,0.977557,-92.270744,-1014.4557,-10.904297,6.6718878,-0.4451721,-0.39370402,1.0000,0.9339,0.6574
gal0_star01915,star,0.66548154,0.834262,-13.251213,268.80799,-2.5159018,-13.317805,-1.0430326,-0.79340231,1.0000,0.9609,0.8200
gal0_star01916,star,1.4781939,0.310389,321.66868,-635.94328,25.571836,7.350808,4.1362627,-0.3835483,1.0000,0.5649,0.0841
gal0_star01917,star,0.75583575,1.087,186.54144,-435.11342,3.4719348,9.3050178,3.5739667,-0.19099231,0.9928,0.8339,0.4283
gal0_star01918,star,0.95937344,0.3086,-286.77093,707.84264,-12.554312,-7.5598898,-3.4626286,-0.18383041,1.0000,0.9294,0.6656
gal0_star01919,star,1.202263,1.14085,-1554.669,806.56144,-6.7308552,-2.4098381,-4.8754065,0.13494705,1.0000,0.3390,0.0120
gal0_star01920,star,1.5337782,0.877552,936.93335,-407.12786,-0.72765658,2.5069793,6.4222906,-0.093111718,0.9848,0.3784,0.0000
gal0_star01921,star,0.79764861,0.583394,-343.47105,-257.64654,-26.260789,6.5340081,-8.5765583,0.032062072,1.0000,0.8561,0.4255
gal0_star01922,star,1.2512919,1.0593,-122.28107,-276.38171,-0.0095755373,11.481362,-4.5724793,0.077665016,0.9659,0.8968,0.6768
gal0_star01923,star,1.0847861,1.03655,-295.71356,740.74146,-12.343265,-7.6866069,-2.2349722,0.28433331,0.9790,0.9203,0.6565
gal0_star01924,star,0.56318365,0.663125,157.48667,-38.590368,20.301894,5.350223,16.324492,-0.0065631066,0.9840,0.3855,0.0064
gal0_star01925,star,1.589124,0.705308,286.03027,-811.56654,7.0144628,6.5844303,2.662041,0.046537273,1.0000,0.3588,0.0329
gal0_star01926,star,1.2686459,0.303692,-1160.4661,648.15142,-0.11337991,-2.5586016,-5.5470979,0.27440358,0.9888,0.5525,0.0837
gal0_star01927,star,1.9492612,0.307243,-1121.5801,294.03708,19.312275,-1.6429344,-6.5758556,0.18719038,1.0000,0.9215,0.6777
gal0_star01928,star,1.5590837,0.893173,436.84764,41.237468,-5.335065,-1.4376736,10.077013,-0.55182899,1.0000,0.9333,0.8093
gal0_star01929,star,1.0997003,0.843868,1212.4984,-258.75079,14.45958,1.0439559,6.0806285,-0.012007477,1.0000,0.8026,0.4598
gal0_star01930,star,1.7165728,0.644569,1071.8641,-117.10309,1.2055711,1.1482613,7.1485739,0.31982447,1.0000,0.9661,0.8317
gal0_star01931,star,1.6937474,0.702825,881.34861,93.465816,-0.51281748,-1.0003808,7.0839333,0.32246183,1.0000,0.9926,0.8364
gal0_star01932,star,0.89585948,0.860266,623.40598,394.66877,4.1832672,-4.2875936,7.2579122,0.11309211,0.9784,0.5760,0.1067
gal0_star01933,star,1.8823823,0.980215,-385.11879,691.1038,-31.449866,-7.1127133,-4.1316128,-0.076756232,1.0000,0.3402,0.0422
gal0_star01934,star,0.93040129,1.09308,-796.22669,-269.09407,-21.711851,2.5508146,-7.4898229,0.017735799,1.0000,0.7426,0.2580
gal0_star01935,star,1.1883751,1.04726,23.965707,219.6072,-0.81883984,-14.860918,2.0907023,-0.41768351,1.0000,0.5536,0.0931
gal0_star01936,star,0.95750148,0.853561,-251.62675,58.930561,-21.455244,-3.4875131,-13.674539,-0.046533873,0.9864,0.5974,0.0906
gal0_star01937,star,1.9729749,0.631234,644.55034,-15.519587,16.920821,0.30285,9.6380001,0.22358692,1.0000,0.9693,0.8279
gal0_star01938,star,0.61297953,0.820179,1523.2942,166.02738,10.838655,-0.84238321,5.7792841,0.039937489,1.0000,0.9372,0.6512
gal0_star01939,star,1.6710928,1.01444,79.064692,458.15608,1.6029887,-10.538342,2.3210434,-0.32753001,0.9870,0.3777,0.0403
gal0_star01940,star,1.0640901,1.11564,-48.733902,288.92228,31.593711,-12.58998,-2.2700037,-0.050768867,1.0000,0.3839,0.0088
gal0_star01941,star,1.0903624,0.569931,182.63201,-615.30028,-0.016498675,8.1178378,3.2259133,-0.099882682,0.9778,0.9264,0.6269
gal0_star01942,star,0.83819597,0.735798,439.14411,-302.82588,-5.5646034,6.1027011,8.4324768,-0.13656405,1.0000,0.8809,0.6460
gal0_star01943,star,1.7744968,0.522519,54.581731,-212.30797,-9.4808052,14.634256,2.8983941,0.20086106,1.0000,0.9645,0.7919
gal0_star01944,star,1.959072,1.11226,-237.56421,508.47011,-9.5015166,-7.8128165,-4.2156793,-0.097060289,1.0000,0.7307,0.2679
gal0_star01945,star,1.5626251,1.09048,-1116.9716,-1380.5037,7.1968879,4.309529,-3.3401803,-0.28356578,0.9997,0.9230,0.6157
gal0_star01946,star,1.9472149,1.07158,-1248.4664,487.01827,9.2339996,-2.6971672,-5.6969075,0.053632925,0.9909,0.8941,0.6639
gal0_star01947,star,1.7961008,1.10345,223.56028,-422.88321,-17.044746,9.3590632,5.0512456,0.011065744,0.9890,0.4158,0.0252
gal0_star01948,star,1.1346602,0.313889,118.54207,657.6937,8.1275856,-8.9784858,1.3055502,-0.023355388,0.9674,0.9664,0.8273
gal0_star01949,star,1.1744088,0.846746,-363.16483,474.62197,1.0971471,-7.1939731,-5.9157032,0.4448302,1.0000,0.5799,0.1216
gal0_star01950,star,0.93053337,0.986212,377.89665,-803.88094,-5.9807251,7.0853218,3.3414776,0.31482933,1.0000,0.5366,0.1069
gal0_star01951,star,1.4706965,0.902707,-286.38648,1148.2243,-1.8112509,-6.5356343,-1.6797879,-0.16344017,1.0000,0.7067,0.2485
gal0_star01952,star,0.65705884,0.489297,-161.37382,-82.911202,19.51531,7.3584168,-13.917034,0.3460708,0.9810,0.7273,0.2834
gal0_star01953,star,1.6221748,0.50824,159.03779,-242.3188,1.6892977,10.840966,6.9401176,-0.11789954,0.9934,0.8836,0.6522
gal0_star01954,star,1.7089092,0.348248,1302.496,186.15593,-5.8372064,-0.78074377,6.2608006,-0.087746873,1.0000,0.5751,0.1297
gal0_star01955,star,0.83667996,1.08089,-368.09767,245.59718,-10.417027,-5.7628702,-8.9067361,0.10088996,1.0000,0.5666,0.1167
gal0_star01956,star,1.0340779,0.545103,-365.32657,-121.36933,-9.2573868,3.3495952,-11.388897,-0.36110069,1.0000,0.9546,0.8372
gal0_star01957,star,1.7623328,0.756508,-105.55607,7.4168234,1.3503088,-1.4323628,-21.564521,0.78981302,0.9907,0.7226,0.2337
gal0_star01958,star,1.3511239,0.617559,-29.956009,-32.478984,-5.6833686,22.924182,-23.765785,-1.0370786,1.0000,0.7379,0.2558
gal0_star01959,star,1.714607,0.79309,-435.88275,430.60162,-27.728103,-5.7642801,-6.3514011,0.28324032,0.9833,0.8245,0.4424
gal0_star01960,star,0.80168635,0.975813,-413.50297,192.73521,8.4013025,-4.3484169,-8.9106051,-0.014333676,0.9835,0.7205,0.2233
gal0_star01961,star,1.2211492,0.338978,655.47361,-379.04912,-12.390994,3.9445864,6.7276267,0.20344356,0.9795,0.9360,0.6268
gal0_star01962,star,1.9791117,0.57493,-899.55238,-983.14158,4.3000195,4.7991885,-4.462916,0.11634122,1.0000,0.8460,0.4377
gal0_star01963,star,1.2375848,1.03995,-830.22957,325.32559,-17.659216,-2.8668604,-6.7731497,-0.00066495074,1.0000,0.9620,0.8231
gal0_star01964,star,1.5660311,0.999043,1327.9858,226.0735,-6.2725431,-1.0510565,6.3113707,0.36794457,1.0000,0.7222,0.2447
gal0_star01965,star,1.6164292,0.971089,1044.997,470.8711,-10.175742,-2.6570871,5.7215323,0.56821954,1.0000,0.7253,0.2398
gal0_star01966,star,1.4770438,0.567015,-112.67821,-545.58401,2.4340153,9.0772548,-1.7989832,-0.29397527,0.9965,0.7989,0.4614
gal0_star01967,star,1.2860722,0.984437,-2.0390378,-373.90766,-26.490411,10.910742,-0.055390861,-0.63566371,1.0000,0.7272,0.2686
gal0_star01968,star,1.0248274,0.708025,385.92054,-57.304159,-2.450231,1.2088743,11.296179,0.23104955,0.9921,0.9494,0.6390
gal0_star01969,star,0.89927443,0.493212,-1835.1748,233.73803,-15.229234,-0.32166347,-5.0874934,0.20244015,0.9533,0.3322,0.0527
gal0_star01970,star,0.57848008,1.14082,-75.78439,317.03481,22.282365,-12.502605,-2.5355289,-0.34259463,0.9731,0.5505,0.0783
gal0_star01971,star,0.97069166,0.872698,-225.67323,-460.40394,7.6297199,8.6641072,-4.6326021,0.0083643632,1.0000,0.5655,0.1080
gal0_star01972,star,1.7448174,1.01164,-44.706051,-360.77982,-24.603703,11.536335,-1.2998758,0.1679247,1.0000,0.6868,0.2426
gal0_star01973,star,1.9218591,0.393514,97.482083,-241.44677,16.47626,12.515371,5.2372813,-0.50136402,1.0000,0.9346,0.6634
gal0_star01974,star,0.63164871,0.789912,-742.04398,-14.90715,-10.291261,-0.071424837,-8.0432712,-0.23856904,1.0000,0.7037,0.2387
gal0_star01975,star,1.0140837,0.430015,-523.25835,-368.10579,-6.0374536,5.3143442,-6.6131843,0.12331812,0.9887,0.8888,0.6608
gal0_star01976,star,1.6701642,0.952939,-354.42921,-89.417895,3.9133317,2.2732089,-11.714538,0.17211948,0.9993,0.3465,0.0172
gal0_star01977,star,1.7420681,0.576738,319.82787,770.75933,4.7792803,-7.1341401,3.4664276,-0.1486675,0.9719,0.3570,0.0201
gal0_star01978,star,1.9230465,0.939178,259.18037,558.71014,-34.413433,-7.8925809,3.4259846,-0.41121029,0.9915,0.4047,0.0411
gal0_star01979,star,1.2825124,0.537118,-754.33253,38.543844,5.2609575,-0.80632779,-8.1323624,-0.28836758,0.9945,0.9049,0.6614
gal0_star01980,star,0.68594931,0.462826,-163.68534,296.65931,-14.285123,-10.255555,-5.5826085,-0.47248158,0.9815,0.5763,0.1308
gal0_star01981,star,1.8937331,1.1291,0.74551115,39.993052,14.586711,-33.770993,-0.65359175,-0.12108898,0.9966,0.8340,0.4396
gal0_star01982,star,1.6328716,0.697444,441.35832,-306.77128,-4.4773401,5.6633302,7.5347305,-0.45069261,1.0000,0.8448,0.4343
gal0_star01983,star,1.5261097,0.999467,330.1243,-151.59386,-15.842552,4.2104598,11.3686,0.82156627,1.0000,0.8133,0.4620
gal0_star01984,star,1.1164788,0.6199,-217.63293,527.55476,-11.195615,-8.6660799,-3.6278874,-0.66806481,1.0000,0.8268,0.4802
gal0_star01985,star,1.5648966,0.388835,-348.88791,-615.40269,9.8097499,7.2200211,-3.9349694,0.18274788,1.0000,0.8651,0.4597
gal0_star01986,star,0.83238602,0.458697,741.83467,-267.15368,16.128085,3.0561126,7.5113748,-0.31434304,1.0000,0.3540,0.0683
gal0_star01987,star,1.5590597,0.300854,1175.8685,-1088.4194,-8.2132534,3.6597871,3.9585331,-0.30899814,1.0000,0.9227,0.6111
gal0_star01988,star,1.0238901,0.516445,-869.31912,-647.6368,7.2241396,4.0423457,-5.0422328,-0.056338624,0.9949,0.9344,0.6642
gal0_star01989,star,0.9217497,0.761434,1308.4786,169.65264,-4.7319193,-0.75878668,5.9126299,0.29067385,1.0000,0.9385,0.6603
gal0_star01990,star,1.4939552,0.430237,-435.88356,143.87934,12.234747,-2.4778956,-10.095928,0.73073156,0.9951,0.9999,0.8052
gal0_star01991,star,1.3525884,0.978996,-278.90399,-410.63016,17.616374,8.6472245,-5.7512592,0.14520599,0.9758,0.3827,0.0685
gal0_star01992,star,1.3207267,0.319264,-51.795567,-335.05144,19.041298,11.848132,-1.9156837,-0.27159207,1.0000,0.8208,0.4426
gal0_star01993,star,1.6903536,0.452837,227.84255,-194.91317,-6.9717769,8.3602934,10.053088,0.76745214,1.0000,0.9018,0.6478
gal0_star01994,star,1.0092523,0.384933,268.08432,122.40192,-4.7128929,-6.1647969,11.994946,-0.40701413,0.9961,0.8932,0.6427
gal0_star01995,star,0.68318802,0.463501,-102.93151,321.28509,-6.4116375,-12.341737,-4.3095572,-0.55278314,1.0000,0.9076,0.6309
gal0_star01996,star,1.5007244,0.935359,-1050.6061,750.24449,-3.4058409,-3.3171035,-5.0529483,-0.19742987,0.9850,0.8385,0.4378
gal0_star01997,star,1.252791,1.01724,-154.70966,-255.91128,-7.3468777,11.013183,-5.4579933,-0.78929498,0.9932,0.3870,0.0374
gal0_star01998,star,1.4323422,0.31907,365.91421,452.94221,4.8424396,-6.2582292,6.1041842,0.43444237,0.9926,0.5814,0.1205
gal0_star01999,star,0.57798469,1.05092,-703.98774,143.45012,9.5389612,-1.9167788,-7.7519618,0.18792151,1.0000,0.4011,0.0463
gal0_star02000,star,0.77451094,0.890582,-354.46076,-604.82926,2.1914871,6.9239133,-4.4035311,-0.52955953,0.9728,0.8415,0.4782
gal0_star02001,star,1.1591758,0.5714,1424.8818,-1179.9203,5.2846354,3.5947424,4.1002255,0.17418937,0.9964,0.8918,0.6066
gal0_star02002,star,0.77063468,0.783202,676.38625,98.524062,5.2897971,-0.79673657,8.3597493,-0.26962844,1.0000,0.3821,0.0045
gal0_star02003,star,1.180606,0.726012,-0.25070064,-166.35462,-5.7392509,16.910834,0.21918639,0.50493515,0.9908,0.9087,0.6378
gal0_star02004,star,1.639889,0.43642,259.91252,182.96536,5.4293105,-7.5550274,11.684474,0.5222305,1.0000,0.8516,0.4362
gal0_star02005,star,1.5910312,0.648653,845.51557,-475.39545,8.7292933,3.5444084,6.4136522,-0.088295526,0.9998,0.6997,0.2535
gal0_star02006,star,1.9524135,0.63373,-387.91814,-105.62663,-7.1109718,3.1175189,-10.579617,0.38782986,0.9689,0.5497,0.0805
gal0_star02007,star,1.0319731,1.03759,-19.185545,-366.57715,17.869529,11.521567,-1.0713871,-0.012644456,1.0000,0.5429,0.0907
gal0_star02008,star,0.9842324,0.574738,-779.11779,376.31733,-20.611982,-3.2172978,-6.6971846,-0.10846532,0.9967,0.5391,0.0907
gal0_star02009,star,1.548607,0.699375,-20.058927,-1024.1338,2.0966472,7.0314397,-0.05958475,-0.027576286,1.0000,0.7153,0.2458
gal0_star02010,star,1.2848959,0.817396,-521.71311,80.571998,2.5212491,-1.6939137,-10.012556,0.50988826,1.0000,0.8418,0.4286
gal0_star02011,star,1.8452271,1.09288,-596.08035,1072.0856,13.398617,-5.7344394,-3.2529764,0.38726519,0.9731,0.9946,0.7699
gal0_star02012,star,1.7396046,0.447444,234.7816,841.9754,9.3016216,-7.2581702,2.5128032,0.51639824,0.9788,0.3935,0.0344
gal0_star02013,star,0.62144164,0.85282,-48.301142,732.53052,17.150053,-8.6749516,-0.41427584,0.13243015,1.0000,0.9797,0.7959
gal0_star02014,star,1.7309777,0.981588,-405.65806,-875.8922,7.0686703,6.907556,-3.097107,-0.14088038,0.9784,0.8499,0.4667
gal0_star02015,star,1.2980402,1.03783,-481.05127,-443.3505,-14.003308,6.0178052,-6.2200786,-0.027629778,1.0000,0.3766,0.0681
gal0_star02016,star,0.86793509,0.3817,-160.35283,120.49943,5.4068545,-9.8071172,-13.192506,0.0027266385,1.0000,0.5611,0.1322
gal0_star02017,star,1.9146272,0.366936,-144.79684,908.55204,10.509433,-6.6304194,-1.4336142,0.11052602,0.9943,0.5683,0.1108
gal0_star02018,star,1.3546664,0.698813,333.56432,478.50434,-21.357817,-7.9643221,5.0314098,-0.2976661,0.9751,0.5272,0.0990
gal0_star02019,star,0.70286566,1.01965,-379.72495,430.39787,-5.927499,-6.5888825,-6.1709633,-0.0070694117,1.0000,0.9611,0.8340
gal0_star02020,star,1.6710711,0.370817,-125.02506,283.74406,1.8184344,-11.457182,-5.678945,0.71952155,0.9816,0.8654,0.4417
gal0_star02021,star,1.3151291,0.319398,596.91279,862.49491,17.289612,-5.58421,3.6228204,0.19486973,1.0000,0.9561,0.8095
gal0_star02022,star,0.57877506,0.524082,524.75648,-234.02208,-17.722388,3.9875994,8.2738393,-0.09862943,0.9740,0.3895,0.0175
gal0_star02023,star,1.5100427,1.1239,-124.30387,714.70523,11.704062,-8.4411873,-1.412565,0.48086781,1.0000,0.5546,0.0779
gal0_star02024,star,0.95661572,1.11663,-640.8865,264.22298,4.1609872,-3.0165649,-7.613416,-0.23529759,0.9819,0.9219,0.6227
gal0_star02025,star,0.94369027,0.865727,-86.161095,313.88075,21.076554,-12.360394,-3.6289231,-0.63863927,1.0000,0.9683,0.8193
gal0_star02026,star,0.56750663,1.02017,-115.73771,-540.11045,2.6012899,9.7185714,-1.4008448,0.042241225,1.0000,0.9833,0.8263
gal0_star02027,star,1.2439366,0.395528,331.71843,-404.81812,0.19406322,7.363886,5.9860487,-0.38474484,0.9991,0.8457,0.4742
gal0_star02028,star,1.1112281,1.00341,431.72247,-30.960568,29.478742,1.489401,10.815566,0.45701562,0.9925,0.8276,0.4489
gal0_star02029,star,1.2472766,0.368389,-485.86412,-792.79598,-12.453237,6.3594049,-3.5353281,-0.072264426,1.0000,0.3706,0.0351
gal0_star02030,star,1.8360663,0.332582,-384.60485,211.49749,7.1792751,-5.0474286,-9.0503372,-0.44629576,1.0000,0.9498,0.8257
gal0_star02031,star,1.388863,1.12163,869.64837,307.69185,-3.0318673,-2.6510485,6.906281,0.36334637,1.0000,0.8525,0.4415
gal0_star02032,star,1.2988623,1.11391,380.27746,-379.85112,1.3785697,6.5060856,6.6207494,0.057227894,0.9600,0.9717,0.8222
gal0_star02033,star,0.50684076,0.916392,-725.32864,1701.8808,-3.5204713,-4.9049041,-1.7990723,-0.23882483,1.0000,0.5542,0.0850
gal0_star02034,star,1.0170362,0.524118,-326.09674,475.00947,-6.1788231,-7.8560337,-4.5753558,0.20927448,0.9955,0.7030,0.2375
gal0_star02035,star,1.2452103,0.545853,700.71957,-648.29536,-17.191085,5.2818239,4.9542594,-0.13061629,1.0000,0.5548,0.1055
gal0_star02036,star,1.607827,0.344434,-92.58824,-547.17745,4.6479105,10.372038,-2.1503509,0.35211641,1.0000,0.9951,0.8470
gal0_star02037,star,1.8654497,1.06626,-132.73029,-48.049265,19.39223,6.495819,-17.483436,0.19732514,0.9904,0.9199,0.6405
gal0_star02038,star,0.93063378,0.777073,428.35731,0.1128933,-1.6382439,0.15612256,10.519272,-0.019386885,1.0000,0.5579,0.0899
gal0_star02039,star,1.4312667,0.447074,276.3419,116.69969,17.561973,-4.8486638,11.919465,-0.10599622,0.9741,0.9908,0.8226
gal0_star02040,star,1.8312357,0.922754,42.452881,15.639135,1.3600304,-12.318144,31.76672,-1.2410612,1.0000,0.5504,0.1008
gal0_star02041,star,1.8187697,0.873267,790.29076,-230.63588,-5.1086474,2.0989256,7.1421996,-0.28887393,1.0000,0.7222,0.2429
gal0_star02042,star,1.1309611,0.949673,-914.0262,-971.23416,-9.0572067,4.5175943,-4.2453863,-0.11521318,0.9910,0.9081,0.6535
gal0_star02043,star,0.93108357,0.925778,-758.62368,456.5293,6.8858576,-3.9633368,-6.0830436,0.26819962,0.9758,0.5536,0.0924
gal0_star02044,star,0.66595292,1.06323,-661.36106,223.31687,4.1512146,-2.7326551,-7.8955355,-0.11018611,0.9907,0.9383,0.6576
gal0_star02045,star,1.4440138,1.13118,1057.986,-164.07338,14.822623,1.2556538,6.9508456,0.054571023,1.0000,0.3993,0.0276
gal0_star02046,star,0.93107642,0.989042,112.29023,-628.49115,23.200332,9.2092698,1.7111778,0.090652324,0.9733,0.9325,0.6792
gal0_star02047,star,1.0130377,0.989033,627.66285,453.378,-12.826527,-4.341502,6.8674077,-0.38513041,0.9879,0.5772,0.0835
gal0_star02048,star,1.6819777,0.781066,-481.9594,651.4426,-6.9848417,-6.4267042,-4.2722059,0.12137757,1.0000,0.9675,0.8517
gal0_star02049,star,0.52962121,0.989636,196.58729,332.52273,7.9790641,-10.320432,5.5840107,0.084979783,1.0000,0.8951,0.6743
gal0_star02050,star,1.5302299,0.733068,-562.67644,-258.18746,23.892793,3.8298189,-8.7251154,-0.025533005,0.9756,0.5354,0.0796
gal0_star02051,star,1.3126349,0.731723,483.28617,920.80684,3.2614274,-6.1846902,2.8721032,0.032146609,0.9823,0.7535,0.2479
gal0_star02052,star,0.90622449,0.390589,-1046.9737,399.15182,-12.365925,-2.3402708,-6.5218881,-0.014798385,1.0000,0.9416,0.6257
gal0_star02053,star,0.87086143,0.770384,-68.929612,716.62926,23.829249,-7.9921035,-0.98133101,0.012102937,1.0000,0.9635,0.8039
gal0_star02054,star,0.52906323,0.378223,-76.685851,511.86865,-6.4814447,-9.5856462,-1.9370547,-0.58265458,1.0000,0.7081,0.2461
gal0_star02055,star,0.53468732,0.972678,-447.13492,179.14595,-7.8185561,-3.7047175,-9.7090532,-0.61385682,0.9942,0.9549,0.8068
gal0_star02056,star,1.2984033,0.755627,-358.81525,-189.80326,-8.1382181,5.4210157,-9.5599048,-0.081045215,0.9383,0.8829,0.4072
gal0_star02057,star,1.7404219,0.382515,-160.89632,-201.47253,13.206313,11.659842,-9.3187189,-0.12442196,1.0000,0.9591,0.8393
gal0_star02058,star,1.4421692,0.543325,-143.75501,-1227.0389,-14.680193,6.3205692,-0.72014077,0.15353193,1.0000,0.3443,0.0017
gal0_star02059,star,1.6525309,0.931856,48.4268,469.38292,28.832903,-9.7579204,1.2956801,-0.51199934,1.0000,0.9647,0.8552
gal0_star02060,star,1.9373879,0.507842,-186.29265,317.18873,-9.1743721,-9.910861,-5.6392588,-0.22968076,0.9863,0.8654,0.4286
gal0_star02061,star,0.52871606,0.910488,332.52399,-574.61518,-0.1304713,7.5816914,4.1836812,-0.054588376,0.9990,0.5769,0.0709
gal0_star02062,star,1.1868016,0.898495,509.65399,-254.13969,-3.3698872,3.9002926,8.3879736,-0.61697555,1.0000,0.8706,0.4301
gal0_star02063,star,1.3043391,0.377544,453.36404,104.47427,16.352446,-2.6980797,10.083028,0.36189493,1.0000,0.5689,0.1182
gal0_star02064,star,1.164587,0.351744,175.77165,-36.659503,-4.5066483,4.3769562,16.477196,-0.5462325,0.9917,0.5294,0.0876
gal0_star02065,star,1.151936,0.452542,272.37255,-825.88913,40.284516,7.2355614,2.1560556,0.056389733,1.0000,0.9459,0.6635
gal0_star02066,star,0.96663244,0.377219,-391.20073,1179.3926,-25.589333,-6.1391126,-2.1734597,0.10374633,0.9606,0.9777,0.8353
gal0_star02067,star,0.73229788,0.657552,-15.062833,880.73775,-16.722645,-7.5751643,0.015512966,-0.13159185,1.0000,0.5036,0.1147
gal0_star02068,star,1.3153813,1.04072,-703.65483,486.95702,19.188791,-4.3802313,-6.2118993,0.48488629,0.9973,0.8411,0.4472
gal0_star02069,star,1.2913247,0.885554,229.01231,307.67098,2.4168128,-8.6937427,7.9637735,-0.35326861,1.0000,0.7206,0.2401
gal0_star02070,star,1.4412171,0.907785,-167.35028,287.0321,-3.5326599,-10.468404,-6.6830307,0.32295811,1.0000,0.7129,0.2531
gal0_star02071,star,1.0009869,0.881172,-226.17851,100.75463,-20.76629,-5.9701455,-13.590428,-0.89702504,1.0000,0.3840,0.0362
gal0_star02072,star,1.4115427,0.817972,517.8716,643.84139,40.793094,-5.6006646,4.5850525,-0.043934074,1.0000,1.0000,0.8604
gal0_star02073,star,0.65719549,0.44823,65.003371,714.176,-17.873166,-8.1015201,0.52865586,-0.097977126,0.9898,0.9260,0.6767
gal0_star02074,star,1.4923839,0.537668,238.56045,43.169707,-23.274695,-2.8342157,13.855179,0.040455202,0.9961,0.6985,0.2656
gal0_star02075,star,0.86475876,0.337664,-1379.9567,-1068.2584,3.0933737,3.3515721,-4.2893237,-0.21132635,0.9955,0.9536,0.8032
gal0_star02076,star,1.8580727,0.760896,-257.34823,-414.35646,2.0570853,8.4444913,-4.771058,0.65058135,0.9954,0.5670,0.0868
gal0_star02077,star,1.6773772,1.10822,-75.101225,-336.39626,-9.7764122,11.720437,-3.0378234,0.084998492,1.0000,0.9308,0.6363
gal0_star02078,star,1.2686957,1.12302,344.91704,473.74858,-0.98174579,-7.6500898,4.9248993,-0.11633518,0.9559,0.7518,0.2611
gal0_star02079,star,0.94647052,0.663815,-1842.8635,-162.33904,-0.099193675,0.52170875,-5.1437589,0.067513672,1.0000,0.7384,0.2527
gal0_star02080,star,1.5135437,0.716534,857.72828,891.91397,14.996339,-4.9209695,4.5965286,-0.097655788,0.9887,0.5747,0.0844
gal0_star02081,star,1.5715027,0.913815,-371.31195,-101.75077,21.170263,2.8103729,-11.059319,0.339125,1.0000,0.5877,0.1176
gal0_star02082,star,0.87433109,0.678365,447.00551,680.5603,19.106267,-6.2674032,4.3846332,-0.087912393,1.0000,0.8151,0.4319
gal0_star02083,star,1.8668298,1.00492,203.80694,-204.43347,-2.9721891,9.417974,9.6502287,0.6578292,0.9984,0.7182,0.2614
gal0_star02084,star,1.9205176,0.428642,262.40209,213.58447,-5.7474739,-8.1232099,9.768318,-0.45363557,1.0000,0.3710,0.0150
gal0_star02085,star,0.97411902,0.864442,-574.82306,-150.16879,-12.332279,2.6528951,-8.7846701,-0.22110565,0.9981,0.9326,0.6240
gal0_star02086,star,0.72188389,0.609472,890.64034,164.59456,0.91026928,-1.6846924,7.3371976,0.3203262,1.0000,0.9180,0.6235
gal0_star02087,star,1.6922474,0.656986,-65.852131,-345.76604,-12.408576,12.104391,-2.4283203,-0.40344394,1.0000,0.9980,0.8287
gal0_star02088,star,1.7915902,0.77018,354.29098,-143.44304,3.5819831,3.9641165,10.427411,0.22364725,1.0000,0.8960,0.6736
gal0_star02089,star,0.71156044,0.60971,270.35831,128.16899,-11.525542,-6.7538583,11.769977,0.3073308,1.0000,0.9099,0.6498
gal0_star02090,star,1.8836779,0.749709,-356.05176,273.64384,1.0848569,-6.848518,-8.787899,-0.024633158,0.9770,0.9468,0.6410
gal0_star02091,star,1.2908671,0.785212,-319.72851,-355.37938,-7.8487413,8.2177823,-6.2391054,0.057595556,0.9448,0.3689,0.0095
gal0_star02092,star,0.7451307,0.772331,-115.86819,-13.581336,2.1829166,1.8094936,-19.875639,-1.3130044,0.9792,0.9498,0.6529
gal0_star02093,star,1.762016,0.58984,453.98416,124.4682,4.6104952,-3.1025087,9.8590634,0.33356257,0.9930,0.8272,0.4502
gal0_star02094,star,0.78778997,0.723068,-7.3257493,478.75185,-12.780671,-9.7050267,0.17483194,-0.091181089,0.9970,0.9695,0.7894
gal0_star02095,star,1.1971539,0.648042,-284.58532,278.21658,-35.809444,-8.1772781,-7.8875037,-0.57969323,0.9875,0.7143,0.2480
gal0_star02096,star,0.7427458,0.928767,1420.2494,-1139.5053,-14.278335,3.4713772,4.074494,-0.073716479,0.9985,0.6842,0.2738
gal0_star02097,star,0.79833296,0.944856,19.418612,-412.37498,-10.359013,11.02918,0.080367269,-0.48278087,1.0000,0.9332,0.6547
gal0_star02098,star,0.79172508,1.07395,306.34263,519.51201,4.1809978,-7.8880734,4.307797,-0.71283649,1.0000,0.9235,0.6426
gal0_star02099,star,1.9519231,0.303215,-53.627612,493.32336,-7.4358088,-10.238696,-1.4565427,-0.30422525,0.9775,0.8281,0.4726
gal0_star02100,star,0.74209283,1.05513,-236.79283,304.24989,26.629989,-8.5892234,-7.1320194,-0.86462577,1.0000,0.9953,0.7866
gal0_star02101,star,1.8937349,0.687485,-537.04733,1080.1169,2.7837262,-5.597872,-2.687139,0.039689695,1.0000,0.9382,0.6523
gal0_star02102,star,1.7643145,0.782354,-149.72019,-71.298368,-12.602116,7.4449881,-15.783192,-1.3553898,0.9913,0.3916,0.0179
gal0_star02103,star,1.6362205,0.365511,-758.41924,453.91456,19.734292,-4.4562351,-6.6781782,0.068346774,1.0000,0.9214,0.6594
gal0_star02104,star,1.587143,0.943173,1272.0639,442.90054,-2.6842271,-2.0294045,5.8979428,0.33856711,0.9983,0.9417,0.6243
gal0_star02105,star,1.3504755,0.699202,-1232.282,893.06044,0.29555217,-3.2703415,-4.481952,-0.14868874,1.0000,0.9033,0.6385
gal0_star02106,star,0.9339185,0.978429,-133.49369,143.35872,-18.44588,-11.776633,-11.349224,-0.75200392,1.0000,0.4127,0.0235
gal0_star02107,star,1.7264314,0.99422,337.17369,-365.02477,24.114722,7.9200582,7.0906501,1.1987678,0.9756,0.8385,0.4514
gal0_star02108,star,1.9503902,0.347503,-449.77899,-1098.8346,-0.86686399,6.0235256,-2.2993303,0.34254602,0.9853,0.7460,0.2607
gal0_star02109,star,1.6179707,0.374578,237.7612,304.67447,-32.529242,-9.1490893,7.0813146,-0.27144923,0.9914,0.9474,0.6595
gal0_star02110,star,1.9692812,0.611818,430.60835,-775.52126,12.154118,6.3518805,4.0138324,-0.51397583,0.9945,0.3720,0.0120
gal0_star02111,star,1.4296822,0.362392,895.75051,114.90374,-14.022938,-0.12693871,7.590736,-0.15535497,1.0000,0.8336,0.4682
gal0_star02112,star,0.9068226,0.557066,-540.4968,874.72404,-1.2796804,-6.0548808,-3.5650214,-0.55399657,0.9735,0.4102,0.0220
gal0_star02113,star,0.9925404,0.627447,452.17146,236.37463,-14.416486,-4.2132985,9.4813196,0.40108334,1.0000,0.3780,0.0492
gal0_star02114,star,1.3281924,0.309167,637.60971,1346.3583,8.0272842,-5.0501335,2.6947083,0.042078635,0.9952,0.7253,0.2438
gal0_star02115,star,1.1682457,0.396704,460.33627,-792.46804,0.39060341,6.9137566,3.0146666,-0.13749702,0.9776,0.5776,0.1200
gal0_star02116,star,1.9648634,0.809914,-320.94345,-295.98025,18.455341,6.7631092,-8.059759,-0.044575666,1.0000,0.5321,0.1195
gal0_star02117,star,1.1303033,0.735502,-1155.3786,-288.82343,5.7628186,1.7480112,-6.0068969,0.070616703,1.0000,0.8842,0.6706
gal0_star02118,star,1.1773398,0.479318,147.79127,-214.90012,35.442495,12.738516,7.5229615,0.38780194,1.0000,0.8886,0.6947
gal0_star02119,star,0.83340905,0.771151,135.24329,-47.929302,19.97733,6.0793041,18.156146,0.14554789,1.0000,0.9070,0.6635
gal0_star02120,star,0.95629244,0.858636,-444.30063,178.39242,4.2326306,-3.8610392,-9.8910394,0.4561907,0.9760,0.3508,0.0380
gal0_star02121,star,1.9547225,1.02068,-118.78352,-567.41001,9.1067938,8.9970594,-1.465117,0.12899681,1.0000,0.9643,0.8147
gal0_star02122,star,1.1039882,0.562133,433.64048,707.12548,12.901972,-6.6103939,4.0104234,-0.0091724681,1.0000,0.9158,0.6440
gal0_star02123,star,0.67601036,0.745181,1253.2152,1049.7123,7.1969786,-3.5174981,4.2293103,0.2037439,1.0000,0.9377,0.6611
gal0_star02124,star,1.8854031,0.971202,45.949167,468.97192,-39.895025,-10.212485,0.70861288,-0.067948936,0.9912,0.3784,0.0398
gal0_star02125,star,1.3019415,0.95988,-91.546393,287.60279,1.9094688,-12.105461,-3.5170353,0.05004454,0.9728,0.9160,0.6303
gal0_star02126,star,1.1724781,1.10032,243.6216,1087.0194,-5.791826,-6.1057454,1.5938688,-0.1314319,0.9959,0.9709,0.8301
gal0_star02127,star,1.9930813,0.57174,-155.83137,-141.05989,14.772513,9.673451,-11.336633,-0.57983358,0.9834,0.9170,0.6663
gal0_star02128,star,1.5809042,0.413141,367.55143,-132.33665,-6.5495761,3.9287821,10.440518,0.36046234,0.9977,0.7505,0.2581
gal0_star02129,star,0.6014689,0.638112,171.74749,342.72899,21.296702,-9.8901654,5.2237334,-0.069209435,1.0000,0.5885,0.1303
gal0_star02130,star,0.65419599,0.608879,-99.863638,288.80407,-12.997415,-12.220239,-4.1641156,0.79990157,1.0000,0.9980,0.8053
gal0_star02131,star,1.7357752,1.10036,-322.88897,-20.668952,7.6639658,-0.16604675,-12.019924,0.12735114,0.9990,0.9675,0.8309
gal0_star02132,star,1.2751267,0.653837,214.4138,857.71497,2.1633765,-7.5406225,1.7487136,-0.06783222,0.9863,0.9321,0.6350
gal0_star02133,star,1.7015063,0.618021,-795.49473,388.43556,13.914253,-3.6610177,-6.6989427,-0.071402768,0.9989,0.7502,0.2390
gal0_star02134,star,0.77906131,0.439058,116.74981,408.90895,-12.445038,-11.242775,3.1357968,0.32228714,0.9681,0.7139,0.2402
gal0_star02135,star,0.90185955,0.890635,91.134377,110.35619,-13.067702,-14.250015,12.395244,-1.0156316,1.0000,0.7350,0.2456
gal0_star02136,star,1.9297517,1.06903,-265.12422,-424.80692,-1.2609621,8.3930639,-5.1226212,0.52057084,1.0000,0.3825,0.0294
gal0_star02137,star,0.79089362,0.659415,-127.20371,-268.62424,-5.7874735,12.697362,-5.1981731,0.66532492,0.9662,0.7027,0.2751
gal0_star02138,star,1.0450414,0.630682,-983.41505,4.5583058,-4.2515098,-0.10485813,-7.2794706,-0.16055315,0.9638,0.9362,0.6463
gal0_star02139,star,1.7325754,0.32729,-332.30138,-887.34047,-18.228545,6.7564897,-2.3734406,0.030209515,1.0000,0.3689,0.0377
gal0_star02140,star,0.56391872,1.14155,-278.0744,-660.1622,-9.2617306,8.1171315,-2.9112356,-0.44152249,0.9959,0.8373,0.4800
gal0_star02141,star,0.60735273,0.891927,327.57415,-582.93317,17.603734,7.7243143,4.5257231,-0.00088903791,0.9860,0.8559,0.4402
gal0_star02142,star,0.80363046,0.764277,25.076274,-387.17657,15.210838,10.552891,0.88223511,-0.34824581,1.0000,0.9764,0.8228
gal0_star02143,star,0.58251479,0.305665,426.71296,34.231415,16.533661,-0.75396914,10.519273,0.11056393,1.0000,0.9082,0.6999
gal0_star02144,star,1.1055416,0.856923,182.50669,364.49532,-31.430877,-9.6979438,4.9806179,-0.37092161,0.9869,0.5733,0.1029
gal0_star02145,star,1.0243162,0.885931,678.12431,1060.5367,-24.129512,-5.3534598,3.3427434,0.49563398,0.9822,0.9744,0.8237
gal0_star02146,star,1.803597,1.13152,97.988812,-607.2021,14.670354,9.6028413,1.819283,-0.54504527,1.0000,0.9186,0.6385
gal0_star02147,star,0.82645775,0.39187,-806.43675,700.40602,14.553366,-3.6343887,-5.33912,-0.073612656,1.0000,0.7249,0.2775
gal0_star02148,star,1.4858364,1.13752,-511.98346,1777.7438,13.12489,-4.8541658,-1.1283982,-0.012412355,0.9863,0.9786,0.8189
gal0_star02149,star,1.9630008,0.9437,168.65358,393.20467,-18.115031,-9.7520735,4.1120617,-0.010800544,1.0000,0.6960,0.2360
gal0_star02150,star,1.9485529,0.590706,700.73271,1027.5363,-5.3019988,-5.7570714,3.3820857,-0.22496672,1.0000,0.9445,0.6535
gal0_star02151,star,1.7752675,0.870166,-373.88491,-253.9223,8.815257,6.1954471,-7.8613777,0.25685476,1.0000,0.3643,0.0081
gal0_star02152,star,0.54862185,0.801431,-135.28078,-19.36611,-10.53217,2.3572388,-17.646124,0.13162862,0.9967,0.8628,0.4638
gal0_star02153,star,1.3297761,0.451556,449.99447,72.065502,-20.683605,-1.5621327,10.805604,-0.19729392,0.9773,0.8172,0.4769
gal0_star02154,star,1.7022336,0.82181,-599.63823,-658.3287,-8.2289415,5.9434877,-5.5222427,0.13812997,0.9721,0.9462,0.6389
gal0_star02155,star,0.77050637,0.5802,-391.14918,185.34372,-12.381771,-5.05671,-9.9011899,0.60570619,0.9910,0.8298,0.4598
gal0_star02156,star,1.8152788,0.940237,-233.21999,-483.98793,1.4193605,8.5443132,-4.0617172,-0.16635032,0.9841,0.8377,0.4675
gal0_star02157,star,1.0040893,0.906394,515.95228,-220.50803,-25.821527,4.0604047,9.2666445,0.20755885,1.0000,0.9528,0.8231
gal0_star02158,star,1.9737737,0.642083,-799.40721,411.54285,-2.9300835,-3.3868985,-6.9071906,-0.16833045,1.0000,0.5368,0.1047
gal0_star02159,star,0.83692492,0.425346,378.22053,1511.2035,-6.730247,-5.4524241,1.2227315,-0.0059525225,0.9967,0.8237,0.4257
gal0_star02160,star,1.2745469,0.867955,-256.37538,-740.34868,-22.439736,7.2779744,-2.1620708,0.2147928,0.9918,0.8605,0.4608
gal0_star02161,star,1.0195398,0.844421,-293.55141,74.928881,-8.5661805,-3.9963373,-12.897478,-0.90419439,0.9884,0.9158,0.6684
gal0_star02162,star,1.9709895,1.01424,-143.31403,-68.34751,-2.0388594,8.2927244,-16.196085,0.26260804,1.0000,0.3697,0.0682
gal0_star02163,star,1.8822988,0.980026,-587.73271,597.19564,5.1756233,-5.628307,-5.3570506,-0.11937279,1.0000,0.4092,0.0245
gal0_star02164,star,1.5049231,0.521593,-289.52433,497.26427,1.3948049,-7.8720827,-4.5044468,-0.38922362,0.9747,0.9221,0.6606
gal0_star02165,star,1.6704361,0.697766,474.01802,-769.31809,15.049779,5.8069782,3.6968722,-0.59896213,0.9909,1.0000,0.8391
gal0_star02166,star,1.1111023,0.625687,648.30197,807.69377,-21.775318,-5.751445,4.3169245,0.031396732,1.0000,0.9340,0.6542
gal0_star02167,star,0.61653991,0.393029,89.127427,-411.18365,-14.749539,10.305759,2.5270395,0.32057024,0.9751,0.9404,0.8510
gal0_star02168,star,0.88191117,0.521586,328.29307,479.28543,-14.499114,-7.3516286,5.6423451,0.34657071,1.0000,0.4200,0.0305
gal0_star02169,star,1.5999832,0.76027,-620.94572,276.74856,11.496458,-3.9274331,-7.3899262,0.59998588,0.9888,0.3858,0.0537
gal0_star02170,star,0.84723984,0.697096,-552.97163,-251.19015,9.3140775,3.2779776,-7.9452179,-0.26170324,0.9912,0.8090,0.4207
gal0_star02171,star,1.8575225,0.995181,-121.0116,-539.55035,10.336597,9.3001662,-2.2293245,-0.11720706,1.0000,0.7081,0.2622
gal0_star02172,star,0.80457319,0.986823,330.35707,-369.70571,-3.739453,7.1991845,6.9312449,-0.11194978,0.9994,0.5687,0.1090
gal0_star02173,star,0.79350717,0.752749,149.8336,671.46851,10.103307,-8.1910709,2.0133294,0.32241917,0.9731,0.7197,0.2731
gal0_star02174,star,0.64530604,0.406288,279.50509,138.99959,18.162598,-5.7378305,10.924413,-0.15673624,1.0000,0.9811,0.8167
gal0_star02175,star,1.8311455,0.85883,-321.39548,287.31787,10.58149,-7.3338571,-8.439969,0.45533434,1.0000,0.3582,0.0208
gal0_star02176,star,1.2687434,0.957292,619.91636,-466.18899,-15.901884,4.9659121,6.4475892,-0.062189164,0.9877,0.5891,0.0723
gal0_star02177,star,1.5041485,0.418932,-1057.1552,407.55931,-8.708955,-2.1913858,-6.419243,-0.090830268,1.0000,0.4153,0.0391
gal0_star02178,star,1.6575655,0.556623,203.67098,-204.54491,-27.367444,9.428878,9.1485158,-0.023387112,0.9461,0.8357,0.4406
gal0_star02179,star,0.84686441,1.01258,234.46457,289.84619,-38.201452,-9.8546063,6.6950302,0.82677441,1.0000,0.8795,0.4462
gal0_star02180,star,1.7135156,0.605379,1045.8623,-179.38875,-6.0806454,1.2094562,6.5248963,0.096252098,0.9909,0.3561,0.0000
gal0_star02181,star,0.56985174,0.613832,-295.10114,-369.32909,30.210205,8.0187836,-5.8855284,0.092863723,0.9888,0.3564,0.0149
gal0_star02182,star,1.7931654,0.847408,6.6218055,-389.66862,-2.4011632,11.218419,0.31691904,0.13501097,1.0000,0.9077,0.6824
gal0_star02183,star,1.9012378,0.511801,-516.97675,654.34914,-10.957832,-5.7575376,-5.077091,-0.067610188,0.9880,0.8381,0.4661
gal0_star02184,star,1.9981681,0.677744,319.37087,-1022.7973,0.74091309,6.3461411,2.1227845,-0.37533994,1.0000,0.8604,0.4687
gal0_star02185,star,1.0628367,0.858552,65.951096,41.674893,2.0617271,-13.429978,20.765685,1.4496739,0.9920,1.0000,0.8179
gal0_star02186,star,1.1628586,1.07115,-118.62087,-527.36088,-18.627432,9.1134136,-2.4920339,-0.57272197,1.0000,0.7108,0.2770
gal0_star02187,star,0.68353542,0.614498,-158.5509,-112.69333,15.265453,10.193366,-13.329458,0.51635356,0.9989,0.9822,0.8221
gal0_star02188,star,1.9081784,0.83725,-408.15121,629.26369,-15.657503,-6.7931441,-4.7287727,0.18359311,1.0000,0.8394,0.4462
gal0_star02189,star,1.0053567,0.991376,-177.93855,509.09245,-15.931697,-8.5878861,-3.3063898,0.64709256,1.0000,0.5710,0.0446
gal0_star02190,star,0.67270182,0.443238,60.164281,276.83421,-3.97472,-13.073423,2.252212,0.087656314,1.0000,0.9256,0.8216
gal0_star02191,star,0.63668675,0.442684,-204.27458,116.58935,18.397786,-7.7029252,-13.653033,-0.21211796,0.9720,0.7391,0.2645
gal0_star02192,star,1.2512657,0.85996,587.79584,516.94927,-5.8684198,-5.5599772,6.114339,0.33519432,1.0000,0.3945,0.0219
gal0_star02193,star,1.4233413,0.443174,385.42481,472.51672,-0.80287103,-6.749408,5.311923,-0.20930019,1.0000,0.8208,0.4701
gal0_star02194,star,0.66257527,0.341149,-778.8812,-96.662611,11.697195,1.0569068,-7.4686805,-0.11104136,0.9869,0.9651,0.8618
gal0_star02195,star,1.7083791,0.496563,85.982221,162.59309,34.822967,-14.422904,7.4323739,-0.22066373,0.9607,0.8248,0.4727
gal0_star02196,star,0.98001139,0.999989,39.013306,-605.37555,14.454096,9.1111705,0.60008023,-0.39117299,1.0000,0.7114,0.2490
gal0_star02197,star,0.88160383,0.818062,-236.20111,913.20944,29.534561,-7.1676949,-1.3199129,0.19916048,0.9738,0.3589,0.0301
gal0_star02198,star,1.3279433,0.606339,-213.31452,729.88554,2.923343,-7.8179426,-2.4138804,-0.018123341,1.0000,0.3487,0.0641
gal0_star02199,star,0.98876394,0.494875,69.309385,-65.67203,25.429398,15.789901,16.68096,-0.24420166,0.9988,0.3749,0.0270
gal0_star02200,star,0.96903054,0.365945,-327.51093,-663.69074,27.843322,7.6283693,-3.6363665,-0.29537211,0.9721,0.7441,0.2879
gal0_star02201,star,0.76032455,0.416907,-93.353278,128.79582,-7.5512603,-14.121965,-10.016182,0.2505412,0.9854,0.8222,0.4472
gal0_star02202,star,1.5388671,0.827931,-89.752963,-8.6936043,-5.1285159,0.79149906,-21.573344,0.1043914,1.0000,0.3866,0.0203
gal0_star02203,star,0.86519416,1.05373,115.60381,-210.43576,0.71587896,12.895183,7.6647353,-0.22661423,0.9945,0.9855,0.8649
gal0_star02204,star,0.70610893,0.657985,-639.47023,1499.7768,-11.109435,-5.2188766,-2.4018483,-0.24906958,1.0000,0.9231,0.6502
gal0_star02205,star,1.7708335,0.84933,710.68089,-657.64466,10.599336,5.3471492,4.8799581,-0.14782765,0.9880,0.9355,0.6633
gal0_star02206,star,1.4452385,1.07941,-400.60972,-169.68654,0.57231821,4.3077063,-10.349405,0.29634272,0.9973,0.7821,0.4646
gal0_star02207,star,1.306523,0.761138,-1063.08,407.56435,3.6294636,-2.0611084,-6.3523546,0.075374819,0.9957,0.9745,0.8309
gal0_star02208,star,1.4824799,0.934264,145.08083,-227.76191,12.582811,11.636899,6.7445779,-0.063746889,1.0000,0.3722,0.0370
gal0_star02209,star,1.7284752,1.1442,161.26623,380.77897,-18.94456,-9.3892533,4.4240053,-0.24934187,1.0000,0.5581,0.1201
gal0_star02210,star,1.0504485,0.60187,-569.55401,-197.29533,-2.1958081,3.2400958,-8.7774756,0.10890812,1.0000,0.3891,0.0435
gal0_star02211,star,1.2943683,0.888722,-366.27244,-151.81602,31.445775,4.5366902,-9.6523225,0.86203079,1.0000,0.3572,0.0210
gal0_star02212,star,0.50173898,1.05941,390.59924,-361.11299,-13.482747,6.6932933,7.0247301,-0.36839992,1.0000,0.8321,0.4276
gal0_star02213,star,0.80331926,0.816366,-750.82591,-819.08031,-15.850481,4.9307549,-4.5603545,-0.11146947,0.9792,0.6876,0.2576
gal0_star02214,star,1.7159014,0.695824,109.51274,399.3684,5.7421775,-11.12271,2.9601973,-0.93491235,0.9982,0.9984,0.8247
gal0_star02215,star,1.8263763,1.02158,38.171567,239.37547,41.473769,-14.136435,3.1258828,0.1124318,0.9756,0.5589,0.0970
gal0_star02216,star,1.7370736,0.72393,537.59386,-488.02866,-4.3590708,5.8009029,6.235646,-0.14409161,1.0000,0.9846,0.8185
gal0_star02217,star,1.8396675,0.984325,-36.534681,16.285486,-7.950804,-15.395564,-31.245546,-1.2955436,1.0000,0.7983,0.4615
gal0_star02218,star,1.0687177,0.531019,135.58357,-1233.6317,4.7163923,6.4497975,0.8848218,-0.069327137,0.9929,0.5430,0.1238
gal0_star02219,star,1.1384351,0.43877,-488.31533,415.17297,19.398262,-5.5378184,-6.36326,0.12109386,1.0000,0.8318,0.4553
gal0_star02220,star,1.9978553,0.380844,-272.17031,294.14147,12.523143,-8.8535873,-7.9180345,-0.16349287,0.9869,0.8534,0.4631
gal0_star02221,star,1.4668083,0.465471,-139.87608,-554.87274,22.363112,9.1574044,-2.7079841,0.13856912,1.0000,0.7098,0.2323
gal0_star02222,star,1.7408968,1.11078,685.13738,260.02609,-18.313121,-3.5502414,7.2794349,-0.068864646,0.9845,0.9399,0.7943
gal0_star02223,star,1.2456611,1.06447,-10.893423,741.83873,-5.0281024,-7.9213774,-0.18965392,-0.090972756,0.9878,0.5701,0.0922
gal0_star02224,star,1.4515872,0.677377,-1796.7477,265.61648,-5.9493801,-0.52188055,-5.1284573,-0.14541608,1.0000,0.8201,0.3982
gal0_star02225,star,1.1180528,0.467829,187.02246,-825.78241,0.048394574,7.134685,1.6040624,-0.085466057,1.0000,0.3987,0.0366
gal0_star02226,star,1.503337,1.12241,-157.36047,130.40618,13.24641,-10.49093,-10.990344,-0.1104709,0.9965,0.9565,0.8181
gal0_star02227,star,1.0137177,0.60163,-396.34757,907.64468,0.56615279,-6.7009723,-3.4898729,-0.14580487,1.0000,0.9108,0.6313
gal0_star02228,star,1.5828519,1.00224,21.214215,-172.26333,-2.4159165,16.446001,2.1609581,0.52772781,0.9740,0.5646,0.0797
gal0_star02229,star,1.2751699,0.762432,257.61356,114.94309,5.4848591,-4.9529514,11.736805,-0.13672537,0.9957,0.5326,0.1094
gal0_star02230,star,1.5766987,0.913078,94.179053,173.17286,15.928748,-14.248974,8.6299387,0.053320305,0.9961,0.9780,0.7954
gal0_star02231,star,0.90582986,0.934358,-304.78958,-339.57944,16.016346,8.2364129,-7.5153604,0.015809696,0.9919,0.5522,0.1090
gal0_star02232,star,1.4445839,0.337175,-121.02173,-323.87022,1.4069154,11.522855,-4.4950278,-0.37351349,0.9982,0.8258,0.4624
gal0_star02233,star,1.0733748,0.477837,224.72764,-209.31454,-24.80368,8.42849,9.8383621,0.55934845,1.0000,0.5538,0.1111
gal0_star02234,star,1.0799499,0.933344,-623.75223,293.45627,-4.2089462,-3.7860372,-7.7538455,0.056954014,0.9902,0.7464,0.2469
gal0_star02235,star,0.68245217,1.03914,-510.04066,85.58466,-8.9276812,-2.0416052,-9.3314754,0.071622875,0.9953,0.9496,0.7867
gal0_star02236,star,0.59083413,0.665333,-35.518357,-579.62176,-19.162743,10.160591,-0.17081296,-0.37135084,0.9963,0.4137,0.0330
gal0_star02237,star,1.7547695,0.687698,158.83499,-421.61624,11.898308,9.6490528,3.2301928,-0.065160827,0.9992,0.9443,0.6340
gal0_star02238,star,1.7963898,1.10895,416.54469,-71.650894,-0.21919981,1.5188766,10.856905,0.1473574,0.9862,0.8375,0.4231
gal0_star02239,star,1.5369474,0.907902,276.1047,205.5934,5.3457782,-7.2288133,9.9260451,-0.86261751,1.0000,0.9370,0.6689
gal0_star02240,star,1.3248806,0.885152,807.58338,-560.66241,-0.13446659,3.8839682,5.9668057,0.017721478,0.9710,0.8439,0.4434
gal0_star02241,star,1.5268215,0.90346,-249.11083,91.613597,3.2005756,-4.6042985,-13.133085,-0.24469512,0.9756,0.6809,0.2208
gal0_star02242,star,0.82105129,1.12893,387.01634,736.76315,-6.1507613,-7.1017072,4.0172961,0.22908256,1.0000,0.5629,0.0915
gal0_star02243,star,0.62963805,1.02533,-174.02466,714.94919,9.371457,-8.0945343,-2.2682419,-0.088633809,0.9653,0.5533,0.1191
gal0_star02244,star,1.2459989,0.984895,208.98857,-1.634409,-3.0765028,0.23564325,15.895695,-0.77035344,0.9833,0.9367,0.6472
gal0_star02245,star,0.91039314,0.603924,-1398.2781,-990.1405,-5.2614211,3.096447,-4.3736293,0.18600746,1.0000,0.9917,0.8211
gal0_star02246,star,1.2889284,0.470962,-315.75246,-301.04094,-2.50072,7.5186859,-7.8618022,-0.12539165,0.9771,0.7412,0.2579
gal0_star02247,star,0.87981556,0.423233,599.54585,-102.6505,14.391487,1.7582506,8.9126496,0.34599071,0.9577,0.8424,0.4460
gal0_star02248,star,1.0645715,0.850061,420.3183,-0.91679694,-32.67251,-0.70181577,10.968823,-0.67108381,0.9984,0.8255,0.4801
gal0_star02249,star,0.54256664,0.621026,21.13076,-33.963083,-34.908142,28.176827,18.722008,1.7837161,0.9746,0.3703,0.0214
gal0_star02250,star,1.5519179,0.978525,-571.70916,-104.96215,-1.0505781,1.7543389,-9.6771297,0.37606082,1.0000,0.5645,0.0991
gal0_star02251,star,1.3379475,0.478293,109.73294,-614.58659,27.602249,8.8280483,1.2882089,-0.15078407,0.9788,0.8587,0.5047
gal0_star02252,star,1.3529094,0.460339,-174.18095,-191.77803,-9.9773437,11.025302,-8.5989022,0.52656972,1.0000,0.9013,0.6391
gal0_star02253,star,0.86075602,0.587002,387.96854,441.72278,-9.6613042,-7.0863285,5.9699429,-0.11203154,0.9842,0.9779,0.8624
gal0_star02254,star,1.147688,0.570885,-166.68279,518.01612,5.7305081,-9.4563389,-3.0935165,-0.14300609,1.0000,0.9693,0.8062
gal0_star02255,star,1.6951568,0.361061,429.36236,-771.38336,14.219638,7.0439169,3.54312,0.14309717,0.9915,0.7050,0.2787
gal0_star02256,star,0.90893076,1.12799,-255.86268,-420.97215,-22.130874,8.4466148,-5.3826175,0.39546136,1.0000,0.7170,0.2336
gal0_star02257,star,0.57075772,0.300019,-591.29484,-1257.9785,21.267972,5.7304252,-2.6003937,-0.22073681,1.0000,0.8757,0.6316
gal0_star02258,star,1.6519768,0.726586,187.27576,-210.88616,11.391929,9.3521274,8.9613301,0.42620796,0.9925,0.9288,0.6485
gal0_star02259,star,1.9776644,0.847609,-739.09928,-414.20104,-7.898934,4.3344267,-7.0230261,0.11012093,0.9895,0.9529,0.7947
gal0_star02260,star,1.5557078,0.937934,-218.46247,264.16128,0.1413958,-8.6427178,-8.0568689,0.25951992,1.0000,0.6923,0.2817
gal0_star02261,star,0.56519389,0.597607,611.22436,-418.96149,-8.3455918,4.8248986,6.8267097,0.12471513,1.0000,0.9106,0.6767
gal0_star02262,star,1.648231,0.908594,-1206.2352,59.687807,5.6332069,-0.33147506,-6.2875288,-0.16100855,1.0000,0.5556,0.0812
gal0_star02263,star,0.89634591,0.435884,-894.88772,226.93016,4.8556589,-1.8021263,-6.9413201,-0.32526701,1.0000,0.3649,0.0579
gal0_star02264,star,1.2254892,0.435421,-1833.1292,249.27371,-16.007054,-1.0158895,-5.0771861,-0.13434476,1.0000,0.5723,0.1073
gal0_star02265,star,1.7456774,0.485452,-331.63892,-664.29833,11.658169,7.5156847,-3.8759762,0.12811839,1.0000,0.5872,0.0849
gal0_star02266,star,1.042149,0.772161,566.85404,-1622.1023,-17.476478,5.2416772,1.9619733,0.057035294,0.9656,0.5181,0.1018
gal0_star02267,star,0.80295691,1.00965,648.07384,28.019103,8.5146233,-0.57440256,8.8660691,-0.32324217,0.9829,0.9683,0.8410
gal0_star02268,star,1.5565868,0.840605,438.20328,-23.240955,14.521825,0.80011928,10.780085,0.18295629,0.9811,0.6943,0.2469
gal0_star02269,star,1.0550449,0.440589,-588.75464,334.31428,4.2651337,-4.4969152,-7.4684949,-0.33488864,0.9800,0.3640,0.0000
gal0_star02270,star,1.4736199,1.1094,-541.6074,-9.3930099,7.2505823,0.40462103,-10.123544,-0.15701521,0.9839,0.9441,0.6321
gal0_star02271,star,1.3493554,0.72825,-244.13089,-438.10466,8.0739449,8.3429525,-5.1323205,0.27405104,0.9628,0.8073,0.4521
gal0_star02272,star,1.5524358,0.345209,578.36094,-121.41487,-0.52105012,1.9341583,8.6331722,0.027990118,1.0000,0.7153,0.2323
gal0_star02273,star,0.68057546,0.331214,431.70053,134.73211,-12.30895,-3.8862384,10.024743,-0.29886278,1.0000,0.5693,0.0965
gal0_star02274,star,1.6755974,0.51525,976.03619,1069.0605,11.609248,-4.3355142,3.7769599,-0.16470326,1.0000,0.8430,0.5017
gal0_star02275,star,1.4978629,0.975842,246.71877,-821.30995,-3.437701,7.3086531,2.5535108,0.30053715,1.0000,0.9161,0.6208
gal0_star02276,star,0.7314367,0.629385,-377.42984,-93.704663,16.720782,2.5817222,-10.721869,0.34554995,1.0000,0.5519,0.0899
gal0_star02277,star,1.9638602,0.79504,27.10467,-398.23486,23.028957,11.279931,0.733636,0.10693538,1.0000,0.3460,0.0339
gal0_star02278,star,0.99101781,0.339349,14.805007,699.93564,10.795167,-8.5223155,0.32357971,-0.23922613,1.0000,0.8861,0.6667
gal0_star02279,star,0.80047107,0.432013,241.35384,44.470377,-26.136317,-3.2441603,14.555246,0.43743432,0.9923,0.5577,0.1118
gal0_star02280,star,1.1801934,1.08411,77.962723,185.71791,3.8990792,-14.320306,6.1270345,-0.29168317,0.9631,0.5189,0.0936
gal0_star02281,star,1.2654306,0.440637,390.02254,992.58365,35.392373,-6.5198192,2.744711,-0.075666524,1.0000,0.6846,0.2489
gal0_star02282,star,1.9759018,0.412382,635.5749,384.31314,19.520341,-4.0264392,6.7366935,0.0052793449,0.9904,0.3849,0.0485
gal0_star02283,star,1.6425199,0.917745,29.729021,-185.51675,19.967481,16.106149,2.9347052,-0.59233574,1.0000,0.8594,0.4637
gal0_star02284,star,0.62976446,0.48685,-1848.5618,-72.933021,3.5928072,-0.0037062049,-5.2634598,0.033949942,0.9837,0.9543,0.8277
gal0_star02285,star,1.2306917,0.444751,-1442.0751,-966.04975,-1.7234332,3.1662271,-4.6538028,0.29399329,1.0000,0.9822,0.7802
gal0_star02286,star,0.6065435,0.960835,-1308.1986,374.77021,0.58193356,-1.7554085,-5.9708479,0.25302818,1.0000,0.9409,0.6250
gal0_star02287,star,1.5559105,0.795619,-784.35639,-1079.7707,2.4020289,4.8004934,-3.630978,-0.2322899,1.0000,0.9171,0.6479
gal0_star02288,star,1.3743775,0.948249,360.79324,436.34434,18.431341,-7.832315,6.7087985,0.24068198,1.0000,0.3786,0.0247
gal0_star02289,star,1.1527663,0.87734,113.41935,-59.648516,1.916991,8.9758198,18.373944,0.088791836,0.9642,0.9456,0.6335
gal0_star02290,star,1.7430457,0.36446,-372.37405,232.70437,-4.8202664,-5.2541069,-9.5043362,-0.11190932,1.0000,0.9569,0.6493
gal0_star02291,star,0.92273402,0.815386,876.69738,230.90085,-7.4732644,-2.1339162,6.8761015,0.16388358,1.0000,0.3878,0.0024
gal0_star02292,star,0.62538655,1.01659,536.11814,541.24521,-1.8161902,-5.6066945,5.1089282,-0.011041096,1.0000,0.7284,0.2575
gal0_star02293,star,1.7328077,0.489457,434.37041,21.540309,2.3983727,0.37666891,10.683979,0.15480356,0.9660,0.5730,0.1098
gal0_star02294,star,1.4834605,0.444811,-357.18689,479.58027,13.512954,-7.8045147,-5.2401108,-0.069505882,1.0000,0.8126,0.4548
gal0_star02295,star,1.3785203,0.980428,-66.808742,-778.33986,0.49783525,7.7758537,-0.20368045,0.035696096,0.9930,0.5498,0.1031
gal0_star02296,star,0.85987166,0.871037,790.27975,-176.81735,5.1472838,1.496285,7.8330527,0.37727148,0.9986,0.9126,0.6223
gal0_star02297,star,1.2868328,0.409526,-49.298838,-356.94623,-8.990192,11.805686,-1.6609387,-0.11564371,1.0000,0.3906,0.0774
gal0_star02298,star,1.8629471,0.858473,-422.11162,684.16795,-25.488542,-6.7940486,-4.5292245,0.34839842,0.9971,0.9744,0.8390
gal0_star02299,star,0.80029777,0.832347,100.01334,445.2098,18.468317,-10.424166,1.8173239,0.39197744,0.9978,0.8126,0.4322
gal0_star02300,star,0.95231414,0.923794,-526.9993,64.162678,-40.611578,-0.9247035,-9.1540806,-0.55033251,1.0000,0.7473,0.2411
gal0_star02301,star,1.6224626,0.644415,122.10665,1098.3179,6.903656,-7.002029,0.93434105,-0.10422774,0.9908,0.9642,0.8435
gal0_star02302,star,0.80079922,0.418234,178.81655,-381.90014,-3.091005,9.8158708,4.2273497,-0.26589065,1.0000,0.5261,0.0988
gal0_star02303,star,1.7710429,0.474189,-290.62858,704.06051,-1.5473248,-7.6712133,-3.3254597,0.23804578,0.9894,0.5490,0.0819
gal0_star02304,star,0.52594145,0.644869,-452.67975,447.65093,10.97235,-5.9122097,-6.2352593,0.1834903,0.9658,0.8523,0.4313
gal0_star02305,star,1.466699,0.893663,-278.10668,306.3539,7.1946987,-8.3966044,-7.4359159,0.10938863,0.9924,0.9164,0.6711
gal0_star02306,star,1.8004731,0.852869,-145.33436,142.17184,-17.960119,-12.118465,-10.170854,0.54520414,0.9864,0.9086,0.6694
gal0_star02307,star,1.2709054,1.02912,653.15282,144.19647,-10.746739,-1.8275108,8.3624702,0.28775258,1.0000,0.9616,0.8145
gal0_star02308,star,1.9057043,0.797084,-642.23639,590.90366,9.1458781,-5.4333017,-5.7441413,-0.3145116,0.9804,0.9699,0.7991
gal0_star02309,star,0.76382339,0.797769,63.655933,464.55075,-11.663261,-10.218769,1.2825122,0.0746402,1.0000,0.8343,0.4271
gal0_star02310,star,1.3084538,0.550686,268.18233,-835.66458,22.496425,7.3991142,2.1166791,0.20281311,1.0000,0.3548,0.0197
gal0_star02311,star,1.4689308,0.542339,798.51481,529.08727,18.241468,-4.0751464,5.7682107,0.13186506,0.9713,0.3819,0.0225
gal0_star02312,star,1.6689292,0.515141,235.78086,-402.83184,-4.7565492,9.2184194,5.7156784,-0.36613173,0.9791,0.4022,0.0408
gal0_star02313,star,1.5939086,1.13546,196.52485,-191.51604,-10.569989,10.274671,9.5393343,-0.74545875,0.9827,0.5539,0.0998
gal0_star02314,star,0.64738648,1.0255,157.55452,-41.151333,-4.2481657,4.1272637,16.138947,-0.49667142,1.0000,0.6978,0.2415
gal0_star02315,star,1.9098772,0.664662,13.553482,-811.51272,16.182388,7.5821414,0.3599572,0.055170037,1.0000,0.7133,0.2605
gal0_star02316,star,0.84195377,0.433667,568.46285,-490.68612,7.4309577,5.6184395,6.365567,0.05432521,0.9909,0.7300,0.2763
gal0_star02317,star,1.5221307,0.647044,52.274616,-394.46688,3.3621364,11.31409,1.4147117,-0.61049594,0.9987,0.9404,0.6404
gal0_star02318,star,0.85592482,0.874774,-244.02999,695.58082,-30.665855,-7.8828857,-3.1443089,-0.16538425,1.0000,0.7074,0.2280
gal0_star02319,star,1.3438812,0.834055,-327.02096,-899.77131,3.7535091,6.770116,-2.5679188,0.4280332,1.0000,0.3478,0.0320
gal0_star02320,star,0.99696403,0.310251,323.00592,-824.65246,-9.012858,6.5807143,2.552272,-0.13244115,1.0000,0.7091,0.2190
gal0_star02321,star,0.63007217,0.734496,-315.56147,-384.34625,-8.5123338,7.7228663,-6.3537814,0.37411126,0.9740,0.8517,0.4476
gal0_star02322,star,0.90105471,0.962249,326.78337,-387.56062,-16.793252,7.7269965,6.5947935,0.4879373,1.0000,0.3889,0.0508
gal0_star02323,star,1.7569227,1,-13.855621,-147.12874,-15.004031,17.690462,-1.9575946,-0.030941285,1.0000,0.4051,0.0162
gal0_star02324,star,0.5839849,0.685943,-275.57025,508.0623,2.4291536,-7.9631256,-4.2857256,-0.26220981,1.0000,0.9680,0.8172
gal0_star02325,star,1.0827513,0.369258,-512.15709,39.925598,-20.757867,-0.42694053,-10.859069,-0.44294219,1.0000,0.5683,0.1056
gal0_star02326,star,1.9823555,1.12753,-342.51407,-308.80721,-5.4663023,6.6820315,-8.1755326,-0.17328251,1.0000,0.9163,0.6341
gal0_star02327,star,1.264735,0.707622,-146.54061,-305.24465,17.471483,11.443242,-4.9879648,-0.25049168,0.9894,0.7379,0.2811
gal0_star02328,star,0.61742758,0.412284,-690.3188,511.85465,-4.1167263,-4.2926589,-6.1693624,0.31971523,0.9842,1.0000,0.8381
gal0_star02329,star,0.87927437,0.869354,53.729192,-1041.3195,-11.030522,7.1477425,0.28417373,0.17896873,0.9870,0.3509,0.0219
gal0_star02330,star,0.64492609,0.428164,-520.68531,-394.56023,-0.096807378,4.7891372,-7.4342336,0.20977168,1.0000,0.8896,0.6530
gal0_star02331,star,1.0335052,1.02067,-150.39584,139.06862,-11.278995,-11.061263,-11.766812,-0.75391956,0.9927,0.4000,0.0402
gal0_star02332,star,1.4213928,0.66871,332.7943,-392.71391,2.7153027,8.1770357,5.8874863,0.21119362,0.9942,0.5597,0.1065
gal0_star02333,star,1.9465159,0.683451,237.85152,585.71502,3.7769377,-8.3427169,3.2904728,-0.14314453,1.0000,0.5498,0.0607
gal0_star02334,star,1.507467,0.731139,889.50592,-735.06484,-17.608726,4.0405334,5.1552818,-0.31657045,1.0000,0.9653,0.7988
gal0_star02335,star,0.71124908,0.588164,79.59693,62.947583,0.12503375,-13.5592,17.427377,-0.76133396,1.0000,0.3576,0.0202
gal0_star02336,star,1.8614284,0.771709,-152.9497,-537.35401,8.5773923,9.2261429,-2.339384,-0.2352598,1.0000,0.9953,0.8493
gal0_star02337,star,1.154453,0.529801,624.83858,-75.627122,-16.780444,1.1617674,9.3614982,-0.051364684,1.0000,0.7003,0.2320
gal0_star02338,star,0.99256474,0.683365,713.04546,-1142.0035,26.963663,5.5625495,3.2070771,0.20850055,0.9953,0.7237,0.2318
gal0_star02339,star,1.5875243,1.10343,-639.88162,-627.68552,-17.750847,5.6214472,-5.3759136,-0.13224292,1.0000,0.3668,0.0351
gal0_star02340,star,0.96173426,0.803737,65.332678,210.46907,15.479662,-14.447872,5.0335029,0.10810551,0.9869,0.9827,0.7718
gal0_star02341,star,1.3980596,0.76964,542.70834,-490.08457,14.621619,5.7501037,6.3354136,0.33416081,0.9818,0.9015,0.6607
gal0_star02342,star,1.7480331,0.694603,673.26868,197.37246,-1.8660888,-2.5853987,7.8876175,-0.2684639,1.0000,0.7278,0.2262
gal0_star02343,star,0.80945726,0.322896,1512.748,248.21612,-10.678113,-0.82421148,5.694032,-0.30388369,1.0000,0.9865,0.8371
gal0_star02344,star,0.61751895,0.785696,984.92974,-654.84259,16.906521,3.8202688,5.2986364,0.03969999,0.9956,0.9294,0.6304
gal0_star02345,star,1.3036396,0.613028,-564.42778,-45.899479,14.331696,0.54374515,-9.8093219,1.0110175,0.9923,0.4011,0.0390
gal0_star02346,star,1.5786644,0.326932,-344.36855,-232.48487,-19.606697,5.2540212,-9.3272476,-0.29911102,0.9982,0.8993,0.4388
gal0_star02347,star,0.51799173,0.374564,-1.9074066,-368.50317,0.15529516,11.354174,0.31129738,-0.48799741,0.9736,0.7278,0.2707
gal0_star02348,star,0.98281238,0.459609,5.2854781,-180.88417,-5.4099899,16.296912,0.43398912,0.24452188,0.9820,0.8604,0.4104
gal0_star02349,star,1.2254012,0.876078,67.800844,-51.948836,4.757374,15.028262,18.122701,-0.76147255,1.0000,0.3866,0.0154
gal0_star02350,star,0.98405961,0.593887,-439.46745,226.93657,-20.11593,-4.0497167,-8.7867063,0.56400092,0.9891,0.5765,0.1000
gal0_star02351,star,1.1360396,0.664068,-100.2746,-1664.8252,-4.9117652,5.648786,-0.57696095,-0.11752896,1.0000,0.5814,0.0857
gal0_star02352,star,1.0130838,0.496626,261.77219,-393.41817,-20.329468,8.9544106,6.1569234,0.27622884,0.9808,0.5619,0.0903
gal0_star02353,star,1.3166756,1.01034,68.481996,689.06478,12.19098,-8.1455717,1.1474205,0.56458193,0.9934,0.7556,0.2737
gal0_star02354,star,0.65249199,1.12258,238.02038,47.95412,-5.2568062,-3.2440707,14.748589,-0.79299394,0.9857,0.9784,0.8409
gal0_star02355,star,0.64343621,0.313333,-372.79156,-601.2022,-26.723973,7.0441437,-5.0283247,0.28480985,0.9849,0.9670,0.8356
gal0_star02356,star,1.6481047,0.780028,858.91534,98.104504,-19.373757,-0.73444406,7.7226734,-0.34495887,1.0000,0.3897,0.0387
gal0_star02357,star,1.4404131,0.868786,-178.3799,-147.87591,4.3060624,8.8637993,-11.775909,-0.037667662,0.9959,0.9295,0.6786
gal0_star02358,star,1.6918609,0.786577,306.92818,-174.55809,-17.34101,6.014457,10.352274,0.046287098,0.9846,0.3736,0.0603
gal0_star02359,star,1.4852288,0.907502,-1849.9968,-3.4528641,1.8415115,0.052563755,-5.3728441,0.020921029,0.9911,0.5683,0.1231
gal0_star02360,star,1.2578925,0.682156,-507.73948,50.386005,17.544395,-0.6943521,-9.9574406,-0.44166503,0.9988,0.7122,0.2671
gal0_star02361,star,1.7311538,0.437707,-1247.8399,-801.15645,-6.9906918,2.9888784,-5.0232115,-0.15082147,0.9784,0.5725,0.0901
gal0_star02362,star,1.1706738,0.725124,167.73143,857.22968,-12.900481,-7.2188918,1.3458174,0.042624011,1.0000,0.7016,0.2279
gal0_star02363,star,1.8604751,0.688312,-815.73611,383.80115,0.80309556,-3.3490294,-6.2645113,-0.14410583,0.9637,0.9062,0.6252
gal0_star02364,star,0.58886488,0.717045,271.67008,198.24849,15.112962,-7.0346588,9.0258456,0.50958065,0.9960,0.8732,0.4676
gal0_star02365,star,0.75814486,0.61814,-1458.3053,-997.49077,10.887747,2.9842452,-4.4685705,-0.26225447,0.9797,0.9446,0.8414
gal0_star02366,star,1.1523117,0.87449,-201.18674,124.01825,16.28863,-7.570084,-13.369364,-0.21268486,0.9996,0.9340,0.6127
gal0_star02367,star,1.3507444,0.991097,-176.31025,-175.44331,0.0060908896,9.9138832,-10.433141,-0.45183117,0.9926,0.3739,0.0000
gal0_star02368,star,1.5830863,0.992073,157.93701,622.83309,4.6340353,-8.6898781,2.2427411,0.37967244,0.9695,0.7254,0.2785
gal0_star02369,star,0.55970451,0.690167,131.95515,406.96723,3.6317952,-10.368276,2.9930536,0.081258451,0.9988,0.9787,0.8405
gal0_star02370,star,0.94349722,0.644582,-321.44781,248.81671,-14.184294,-7.1277433,-8.2745625,-0.38516982,0.9809,0.9602,0.8579
gal0_star02371,star,0.58878619,1.12225,-1225.3856,460.68653,20.573886,-1.7860883,-5.6729563,-0.0084353454,1.0000,0.9208,0.6559
gal0_star02372,star,1.4460806,0.35047,670.3428,189.55637,-7.4270805,-2.264295,8.2976851,0.18337077,0.9928,0.9106,0.6307
gal0_star02373,star,1.3309552,0.56002,-346.27734,701.29558,-11.567369,-6.9309626,-3.5953648,-0.23187556,1.0000,0.9345,0.6234
gal0_star02374,star,1.8790982,0.774204,-49.353381,500.71276,-17.61395,-10.10198,-1.1982958,-0.20043648,1.0000,0.5265,0.1354
gal0_star02375,star,1.8743171,0.406559,-393.11999,-605.07655,-12.486055,6.3384302,-4.6362612,0.055403581,1.0000,1.0000,0.8152
gal0_star02376,star,1.0705245,1.12392,486.06726,-556.36485,-12.264315,5.6650916,5.4158387,-0.1259792,1.0000,0.9450,0.8121
gal0_star02377,star,1.9011848,1.06657,-75.147022,-349.96923,-5.5039922,11.938151,-2.4611874,0.31431156,0.9564,0.3498,0.0031
gal0_star02378,star,0.79945169,1.13231,632.9173,-1192.5586,1.2544799,5.0315719,2.507008,0.13387308,0.9986,0.8977,0.6716
gal0_star02379,star,0.77516193,0.393605,-757.90676,-423.10596,-3.4777695,4.0851153,-6.6053496,0.50770481,0.9722,0.9978,0.8223
gal0_star02380,star,0.88146503,0.648579,-208.59643,-746.2124,-17.398684,8.2328538,-2.2872731,-0.011051695,0.9718,0.7366,0.2751
gal0_star02381,star,1.0852896,0.703637,-363.2601,-37.21408,7.8711645,0.88734597,-11.413961,0.30580852,0.9847,0.7176,0.2513
gal0_star02382,star,1.0010687,0.424169,33.558579,-417.07966,5.2959334,10.295602,0.88575579,0.43398581,1.0000,0.9660,0.8064
gal0_star02383,star,0.99755722,0.751138,474.55461,44.074888,-3.7587819,-0.89780329,10.412258,0.68429032,0.9836,0.9173,0.6417
gal0_star02384,star,1.3150204,0.657104,184.33274,327.27376,18.332311,-9.7420007,6.1780925,-0.10082499,0.9917,0.9022,0.6779
gal0_star02385,star,1.3405316,0.626601,60.462671,204.08277,8.0156956,-14.991822,4.5339536,-0.59248976,1.0000,0.5977,0.0998
gal0_star02386,star,1.8821252,0.340626,862.85596,328.35536,-8.1085315,-2.8688021,6.5796899,0.4106622,1.0000,0.9341,0.6552
gal0_star02387,star,1.1859973,1.04258,642.95315,27.452983,-5.1205623,-0.61374165,9.0316851,0.045511383,1.0000,0.8411,0.4667
gal0_star02388,star,1.2487697,0.350731,-118.84513,724.86802,-3.6396597,-8.2813695,-1.8005682,0.42606192,0.9995,0.9010,0.6289
gal0_star02389,star,1.9467955,1.11156,166.51852,418.50505,15.26277,-9.673522,3.6392093,0.31188247,1.0000,0.9881,0.8377
gal0_star02390,star,1.1674143,1.03517,967.87033,-268.59705,-5.3584964,1.4486196,6.6452907,-0.16091184,0.9799,0.5587,0.0831
gal0_star02391,star,1.0509264,0.674547,523.56412,-541.63828,-6.3756187,6.0911309,5.7532389,0.12202942,1.0000,0.9718,0.8169
gal0_star02392,star,0.92182662,0.508984,612.10646,-71.569869,10.625347,1.1276735,9.0325461,0.18767098,1.0000,0.8544,0.4765
gal0_star02393,star,1.5283188,0.760806,290.74403,552.24594,10.214701,-8.1366092,4.072449,0.47167705,0.9749,0.9141,0.6654
gal0_star02394,star,1.1658399,0.680356,70.645393,-51.244237,-27.226644,14.787106,20.105016,1.8385239,0.9827,0.3754,0.0000
gal0_star02395,star,1.2242348,0.651041,941.02931,-422.22001,9.8096836,3.2354485,6.3280062,0.10035943,1.0000,0.8266,0.4244
gal0_star02396,star,0.93655847,0.828884,697.39581,708.60936,24.738441,-4.7492684,4.6826642,-0.012027128,0.9680,0.8977,0.6618
gal0_star02397,star,1.4493656,0.580231,398.88326,695.24706,1.0523384,-6.5617138,3.8967407,-0.058020432,0.9798,0.9167,0.6318
gal0_star02398,star,0.71447152,0.793472,454.59874,186.03088,7.7487406,-3.2464366,8.9596278,0.29421724,0.9920,0.8448,0.4469
gal0_star02399,star,0.92748564,0.650032,-191.1664,484.82931,18.414719,-9.1025764,-3.0744405,0.14231945,0.9961,0.9757,0.8059
gal0_star02400,star,0.59528331,0.588904,391.99583,-796.12921,-26.112024,6.7785293,2.851343,-0.15744147,0.9921,0.3457,0.0256
gal0_star02401,star,0.98804287,1.00951,-348.76029,-60.791102,9.3291592,1.7442471,-12.089604,-0.60020437,1.0000,0.9497,0.7627
gal0_star02402,star,1.9500078,0.864998,537.18954,568.79613,-18.386208,-5.6161026,5.0518278,-0.12274639,0.9707,0.3754,0.0594
gal0_star02403,star,0.92613243,0.423832,-3.4802451,-158.60735,7.2110179,17.494336,-0.43480847,-0.45521309,0.9696,0.8427,0.4523
gal0_star02404,star,1.8339755,0.93,256.01639,102.25544,-12.913815,-4.8616201,11.947759,0.29006653,1.0000,0.9671,0.6646
gal0_star02405,star,1.5904151,0.456941,-526.0001,56.032204,26.23924,-0.76262076,-10.17923,0.65554981,1.0000,0.7233,0.2814
gal0_star02406,star,1.0801187,0.633162,859.43955,402.30885,-31.901915,-3.2770145,6.8382494,0.18821339,0.9852,0.8041,0.4676
gal0_star02407,star,1.7715312,0.444485,-59.575512,6.8144579,-22.711535,-3.2735672,-29.506381,-1.255916,1.0000,0.9056,0.6665
gal0_star02408,star,1.0933445,0.746865,213.90782,590.41275,-5.4184064,-8.1079789,2.8654501,-0.33121185,0.9983,0.8378,0.4599
gal0_star02409,star,1.8268801,1.14049,129.74115,-57.589756,14.098482,7.8368303,17.099372,1.4488328,1.0000,0.5486,0.1065
gal0_star02410,star,1.1729091,0.432837,206.38381,1311.8327,6.2540982,-6.2015041,1.0250818,-0.076671978,0.9866,0.8353,0.4409
gal0_star02411,star,0.83728221,1.01722,-1398.3068,48.330161,2.0133627,0.031357729,-6.4235996,-0.21991197,1.0000,0.9097,0.6464
gal0_star02412,star,0.52951052,1.03581,343.15645,-357.01922,-1.9009247,7.0875975,7.4536628,0.38055365,0.9993,0.8083,0.4494
gal0_star02413,star,0.81602935,0.602738,51.153796,-184.16399,-0.42080682,14.596095,4.4182561,-0.19102523,0.9526,0.5708,0.0849
gal0_star02414,star,1.8670304,1.12771,-657.82618,-630.22313,1.4447577,4.7805761,-5.3438763,0.13784792,0.9950,0.8573,0.4667
gal0_star02415,star,0.76825668,0.680278,-21.24301,277.69872,8.3343392,-13.234075,-0.74412669,0.25814412,0.9792,0.7521,0.2753
gal0_star02416,star,1.6478999,0.824871,153.37428,-638.54787,3.5017936,8.162895,2.544179,0.12001086,1.0000,0.3817,0.0601
gal0_star02417,star,0.60290323,0.642979,21.18799,-411.63399,-11.677042,10.82894,0.34738628,-0.51585968,0.9659,0.8938,0.6424
gal0_star02418,star,1.1491893,0.659634,-32.834903,-71.209723,27.350299,22.330351,-11.542582,1.4600822,1.0000,0.9142,0.6320
gal0_star02419,star,1.3977553,0.894171,241.87503,29.559987,10.042653,-1.4236216,14.906433,-0.079959436,0.9805,0.3841,0.0546
gal0_star02420,star,1.5832494,0.873162,-29.279157,304.10194,-4.7713949,-12.646266,-1.0378501,-0.05801557,0.9698,0.9235,0.6660
gal0_star02421,star,1.0789204,0.490703,-319.24958,25.028616,22.508095,-0.078539632,-12.093841,0.64993991,0.9944,0.7220,0.2206
gal0_star02422,star,1.8718649,0.347266,561.70567,481.37216,8.9375689,-5.2220898,6.1822103,-0.063199836,0.9806,0.9365,0.6659
gal0_star02423,star,1.0496871,1.0374,44.77917,-200.87611,3.9022748,14.865107,2.5176822,-0.26238696,0.9920,0.9961,0.8578
gal0_star02424,star,1.6869174,0.935562,49.77068,464.85496,1.7613993,-10.219101,1.0503184,0.14865663,1.0000,0.9718,0.8332
gal0_star02425,star,1.4639877,1.01224,442.90316,1224.0549,-34.498144,-6.1685856,2.1913746,0.1221383,1.0000,0.7498,0.2422
gal0_star02426,star,0.75941059,0.531357,-360.69559,-226.35749,-44.525814,5.617657,-9.5734116,0.090422331,0.9912,0.5724,0.1084
gal0_star02427,star,1.0913929,0.725314,634.67532,16.509278,-4.0116478,-0.1685792,8.7996433,0.68011505,1.0000,0.7212,0.2288
gal0_star02428,star,1.7436845,0.393631,16.161257,-164.5008,-7.158924,17.017458,0.69803696,-0.24142188,1.0000,0.3783,0.0000
gal0_star02429,star,1.8441291,0.393378,236.70968,-7.4185747,-13.452651,0.22712403,14.754164,-0.63241899,0.9601,0.7354,0.2474
gal0_star02430,star,1.2108533,0.437847,-388.85336,237.54342,-18.24081,-5.4337996,-9.303666,-0.18779231,1.0000,0.7219,0.2533
gal0_star02431,star,1.9779671,1.10716,448.10088,-523.6727,-1.9483505,6.5689891,5.406669,0.33196388,0.9956,0.8318,0.4544
gal0_star02432,star,0.81563319,0.508027,405.56495,740.55615,14.1519,-6.9829713,3.9724639,-0.034378349,0.9795,0.5613,0.1155
gal0_star02433,star,1.821175,0.415259,410.79123,358.43302,56.370034,-6.141971,7.2731997,0.064459609,0.9950,0.9601,0.7872
gal0_star02434,star,1.1191078,0.495749,-534.9001,-717.38655,8.7061097,5.6530339,-4.3082407,-0.090308541,0.9907,0.8368,0.4528
gal0_star02435,star,1.488362,0.574823,25.535546,-817.57751,-26.393101,7.2957808,0.48524465,-0.17574011,0.9983,0.7194,0.2018
gal0_star02436,star,1.4007292,0.686155,193.2171,-635.43027,11.201482,8.5161009,2.331827,0.04684477,0.9797,0.6894,0.2473
gal0_star02437,star,1.9217989,1.13198,516.38355,575.85907,-4.2517315,-6.0667814,5.3727741,-0.30008483,1.0000,0.3555,0.0626
gal0_star02438,star,1.2854653,0.809735,-34.297718,715.4056,3.4185109,-8.2838667,-0.31670813,-0.47705638,1.0000,0.8582,0.4592
gal0_star02439,star,1.1997794,0.780072,248.23996,204.26757,-9.4848679,-7.9876423,9.8612308,-0.29533631,0.9989,1.0000,0.8213
gal0_star02440,star,1.1511432,0.984875,-579.45069,-114.74538,4.1936609,1.1687011,-9.2361723,0.13416518,1.0000,0.7309,0.2438
gal0_star02441,star,1.8455854,0.912706,207.22257,1078.7465,17.379049,-6.5659479,1.1299049,0.29902488,1.0000,0.5801,0.1416
gal0_star02442,star,1.4037309,0.4064,649.97346,52.713759,-11.002093,-0.2678492,7.877304,-0.35665946,0.9902,0.6047,0.1125
gal0_star02443,star,0.51760908,0.904158,290.2304,566.72915,-5.7488915,-8.3494024,4.3546359,-0.08036948,0.9857,0.5589,0.1072
gal0_star02444,star,1.6838987,0.726159,-1832.7415,124.15116,9.1132553,-0.21136764,-5.1932105,-0.03635225,0.9704,0.9676,0.8260
gal0_star02445,star,1.7871124,0.345763,-365.03778,251.93512,17.033856,-5.9416812,-8.6662392,-0.16529278,1.0000,0.5522,0.0998
gal0_star02446,star,1.5048183,0.807975,-1368.9696,195.47908,-14.825908,-0.99870073,-5.7155371,-0.26602705,1.0000,0.8691,0.6667
gal0_star02447,star,0.9140881,1.11525,-114.47692,-298.44119,14.368044,11.478725,-4.1574487,0.47503902,1.0000,0.3953,0.0266
gal0_star02448,star,1.6334254,0.530377,413.18256,400.70688,-5.037552,-5.9014644,7.0412521,-0.031433684,1.0000,0.3968,0.0303
gal0_star02449,star,1.6189439,1.0979,97.226185,448.94771,-3.4419413,-9.9432375,2.5504866,-0.61531614,1.0000,0.3605,0.0370
gal0_star02450,star,0.52384705,0.376432,-17.595668,-816.42981,16.57069,7.7544758,-0.23398567,-0.27212438,0.9991,0.3736,0.0223
gal0_star02451,star,1.5638125,0.380503,-111.5764,122.61348,35.336799,-12.959601,-11.787375,0.44906121,1.0000,0.5207,0.0555
gal0_star02452,star,1.06566,0.763641,705.64937,169.42107,-3.4921809,-2.226963,7.726122,0.58400972,0.9932,0.9615,0.6512
gal0_star02453,star,0.58325529,0.835431,-4.5027896,-149.02461,13.486689,18.272656,-0.57453045,0.4166052,1.0000,0.7343,0.2342
gal0_star02454,star,1.8514635,0.729796,-373.32961,500.32982,-32.967241,-7.3051771,-5.8505721,0.32804982,1.0000,0.5457,0.0892
gal0_star02455,star,1.0109543,0.595272,1084.1428,156.47319,-2.4649162,-0.84789868,6.9350272,0.23828736,0.9878,0.7351,0.2568
gal0_star02456,star,1.2192586,0.802462,825.459,-127.64824,-1.2178309,1.0431221,7.4182861,0.0066655103,1.0000,0.9704,0.7945
gal0_star02457,star,0.52299071,0.382702,-98.000056,-2.0488632,0.76599857,1.0282929,-22.418931,0.24029295,1.0000,0.3895,0.0166
gal0_star02458,star,1.5111802,0.332561,441.39677,15.506187,39.169484,-0.31383566,10.68871,0.10708787,0.9926,0.9312,0.6672
gal0_star02459,star,1.4694454,0.819655,-578.56742,322.43415,8.3530502,-4.2822412,-7.7617065,0.35387253,0.9985,0.9582,0.7057
gal0_star02460,star,1.2908866,0.528178,-373.68213,221.47819,-11.972945,-5.6861409,-9.5153036,0.58286466,1.0000,0.3724,0.0285
gal0_star02461,star,0.79712643,0.445779,328.99538,-608.48488,6.0437921,7.371219,4.0840089,-0.34464966,0.9964,0.5469,0.1168
gal0_star02462,star,0.90097211,0.717781,-34.291353,-377.26308,4.2665774,11.549407,-0.51008131,-0.17993303,1.0000,0.5549,0.0969
gal0_star02463,star,0.63653711,0.668687,-704.8467,-919.56557,5.5337283,5.1247525,-3.9169918,0.005692053,0.9530,0.6895,0.2796
gal0_star02464,star,1.8419014,1.12624,836.01927,-847.59318,10.540557,4.7541563,4.2664217,0.26881304,1.0000,0.8149,0.4495
gal0_star02465,star,1.8201159,0.550112,-501.92132,-386.06963,-14.966199,5.4790926,-7.3684522,0.083589269,0.9793,0.7414,0.2753
gal0_star02466,star,1.5596804,1.12545,-49.764577,98.975285,-10.186822,-18.803368,-10.144131,-0.11480326,1.0000,0.3774,0.0323
gal0_star02467,star,0.57836126,0.398238,616.59042,-20.739012,10.907699,0.58656497,9.5556551,-0.12356859,1.0000,1.0000,0.7839
gal0_star02468,star,1.8439789,0.595651,-850.34651,311.29129,-5.7142324,-2.6450853,-6.5147099,0.29749539,1.0000,0.9425,0.6329
gal0_star02469,star,1.710981,0.935651,574.32783,1393.5912,0.48690173,-4.9108812,1.915606,-0.05816881,0.9857,0.5623,0.1153
gal0_star02470,star,1.6996301,0.730253,-1615.1719,-42.535588,-20.833753,0.01044812,-5.5752032,-0.14451885,0.9512,0.5406,0.0966
gal0_star02471,star,1.0251332,0.430024,-90.544512,128.84691,28.318922,-14.422646,-9.7289543,-0.29932013,0.9759,0.9309,0.6604
gal0_star02472,star,1.5927706,1.05064,-1003.3195,481.46025,7.4368031,-3.3279216,-5.6394082,-0.36229846,0.9856,0.5486,0.1209
gal0_star02473,star,1.3018669,0.755284,439.81536,10.486943,-0.16121608,-0.10651817,10.743168,0.20274279,0.9930,0.8447,0.4761
gal0_star02474,star,1.7778419,1.06383,229.65374,277.56092,11.896133,-9.1557379,7.3069225,0.33287589,0.9600,0.3727,0.0301
gal0_star02475,star,1.1771817,0.461556,58.825028,209.30271,11.667214,-14.894595,3.9808786,-0.50929556,0.9945,0.9831,0.8281
gal0_star02476,star,1.3967615,0.686753,1346.219,-1268.9344,17.074955,3.5018139,3.5607159,0.17443382,1.0000,0.7178,0.2441
gal0_star02477,star,0.81464845,0.46797,187.66186,-415.06031,21.409883,9.9621154,4.3766112,-0.25209985,1.0000,0.5436,0.0969
gal0_star02478,star,0.72042508,1.09251,390.88774,406.4471,16.424436,-6.433645,6.766688,-0.49139308,1.0000,0.9459,0.6124
gal0_star02479,star,0.73648959,0.36059,255.66516,215.28382,5.9035198,-7.6364857,9.8562836,-0.26487465,1.0000,0.7087,0.2359
gal0_star02480,star,1.0758526,0.841817,-503.74085,87.445413,-9.4105182,-1.4427846,-10.135999,-0.29319717,0.9991,0.5734,0.1338
gal0_star02481,star,0.53481313,0.673146,-304.52017,22.043132,2.0893908,-1.2215282,-13.083054,-0.78003044,0.9686,0.7472,0.2538
gal0_star02482,star,0.9368317,0.852819,131.57881,-423.36714,-1.9320788,10.04297,3.1226939,0.24733713,1.0000,1.0000,0.8281
gal0_star02483,star,1.3699869,0.971287,-17.977722,706.17217,10.548464,-8.4633433,-0.25247616,0.11245478,1.0000,0.3772,0.0092
gal0_star02484,star,0.9379095,0.378407,226.18291,317.55131,16.108413,-9.7015987,6.6867768,-0.23463662,0.9769,0.7259,0.2608
gal0_star02485,star,0.86312476,0.488326,-334.87051,254.43928,-8.8350488,-6.9899155,-7.6834477,-0.25534879,0.9969,0.3839,0.0219
gal0_star02486,star,1.9715838,0.869604,-265.46263,60.314039,12.324905,-2.7199356,-13.005096,0.32722102,0.9888,0.3678,0.0212
gal0_star02487,star,1.1920764,1.09181,-43.924917,-365.69695,-11.972058,11.349415,-1.1494516,-0.34626722,1.0000,0.9524,0.8493
gal0_star02488,star,1.9839351,0.939926,752.24471,-1128.397,-1.2031533,5.2128084,3.1461627,0.098094831,1.0000,0.7314,0.2443
gal0_star02489,star,1.8732466,0.497473,-758.42878,-52.434772,-16.005173,0.89831976,-8.0221825,0.33112893,0.9989,0.5629,0.0878
gal0_star02490,star,1.2427015,0.952197,93.668155,68.227086,-25.013169,-11.309381,16.203853,-0.27515909,1.0000,0.9679,0.8067
gal0_star02491,star,1.9136593,0.763593,-313.92034,-3.4187029,20.379019,-0.45784061,-13.452823,0.18566283,0.9735,0.5725,0.0813
gal0_star02492,star,1.0094073,1.04693,-929.96061,-930.7772,1.1546993,4.249758,-4.2273005,-0.036329677,1.0000,0.3704,0.0600
gal0_star02493,star,0.86723196,1.13244,-32.129435,-33.428529,27.570668,23.331375,-21.450729,-0.39853217,1.0000,0.3756,0.0320
gal0_star02494,star,1.1022461,0.997336,-330.08481,-903.78214,-16.925902,6.9772364,-2.9283873,-0.13716695,1.0000,1.0000,0.8227
gal0_star02495,star,1.0640894,0.586878,-322.56015,264.42566,-7.3660686,-6.8420397,-8.8379584,1.1018865,0.9848,0.5624,0.0684
gal0_star02496,star,1.3261877,0.53601,129.96404,-589.53046,-5.4985382,8.7202466,2.1613567,-0.18282888,1.0000,0.7224,0.2499
gal0_star02497,star,1.0999778,0.456391,410.40038,-309.99081,-18.371671,5.7322114,7.7411676,0.41849604,0.9876,0.8156,0.4320
gal0_star02498,star,1.2014137,0.884262,-556.97403,615.70269,39.743573,-5.3543275,-5.1936087,-0.33904841,0.9645,0.9138,0.6422
gal0_star02499,star,1.7629326,0.808716,-573.77233,337.57683,-13.664116,-4.1017492,-7.7009289,0.25400513,0.9954,0.4094,0.0567
gal0_star02500,star,1.5737589,0.727084,-553.37628,5.6081391,-6.8991964,-0.66238928,-9.1765275,-0.34224485,0.9942,0.6994,0.2381
gal0_star02501,star,1.7251897,0.84903,-4.5283294,76.037946,13.731154,-26.140208,-1.6244784,-0.12886584,0.9999,0.7074,0.2583
gal0_star02502,star,0.80279555,0.926745,294.1565,-387.29885,-0.083877858,8.0921073,6.4440267,0.38976961,0.9856,0.9553,0.7998
gal0_star02503,star,1.793635,0.370963,324.55857,-138.5817,14.952837,5.2850183,10.985872,-0.1823519,0.9873,0.9329,0.6622
gal0_star02504,star,0.72205223,0.905797,-436.48335,-857.9515,-4.7993436,6.2451374,-3.4996954,0.018026687,1.0000,0.8156,0.4257
gal0_star02505,star,1.019528,0.779573,-491.64813,-430.88554,9.1306298,5.9928629,-6.438119,0.29950628,0.9806,0.9077,0.6257
gal0_star02506,star,1.5394685,1.02315,-299.92209,1123.1882,-3.7052528,-6.1423501,-1.5787465,-0.50187293,0.9954,0.5883,0.0990
gal0_star02507,star,1.4473504,1.08185,169.59006,-454.03494,-28.679167,9.5266865,3.0917677,-0.18268809,0.9857,0.9171,0.6318
gal0_star02508,star,1.8820591,0.826808,928.23524,1425.1007,17.99911,-4.622425,3.105237,0.07926093,0.9843,0.4117,0.0291
gal0_star02509,star,1.2390241,0.587736,1296.7606,330.59584,6.5667104,-1.423286,5.9210954,-0.052603389,1.0000,0.9752,0.8223
gal0_star02510,star,1.0207641,0.726425,38.913034,9.2615215,13.091211,-9.6130749,34.014874,-1.982884,1.0000,0.8983,0.6572
gal0_star02511,star,1.7605889,0.339121,-347.99599,-305.18139,-4.7338415,7.1345845,-7.6095402,-0.37432164,0.9592,0.3858,0.0135
gal0_star02512,star,1.4561601,0.441731,129.99938,-443.42386,11.301691,10.045828,2.825796,0.34802369,1.0000,0.7374,0.2464
gal0_star02513,star,1.1773976,0.8341,450.39002,37.392327,17.184916,-1.2312241,10.925634,-0.039536266,1.0000,0.8348,0.4148
gal0_star02514,star,1.3215938,1.08273,219.23077,268.55544,4.997082,-8.9583317,7.9699016,-0.51040305,0.9722,0.8482,0.4495
gal0_star02515,star,1.6782664,0.574091,-15.732573,1334.778,-4.2844644,-5.9838128,-0.28853729,0.63616733,0.9706,0.3863,0.0066
gal0_star02516,star,0.80225345,0.613154,-278.50385,-375.05839,25.212642,8.3031358,-6.1200344,-0.0028895558,1.0000,0.9213,0.6722
gal0_star02517,star,1.8339614,0.615666,638.0418,19.038315,-7.4318179,-0.65393325,8.5531915,0.044739436,0.9948,0.8667,0.4420
gal0_star02518,star,1.8813552,0.60418,229.13626,589.48612,18.849581,-8.4174781,2.5537224,-0.079791545,0.9775,0.8651,0.4622
gal0_star02519,star,1.9068693,1.0938,-608.64704,287.59357,4.9323719,-3.7104701,-7.9351493,0.23149922,0.9790,0.9317,0.6354
gal0_star02520,star,0.65564567,0.734877,-519.62482,55.198604,-7.4314943,-1.3579796,-10.212303,0.20970705,0.9749,0.4090,0.0000
gal0_star02521,star,0.85713747,0.491075,108.89969,-583.60845,2.6769011,8.9782175,1.512794,0.37060724,1.0000,0.9215,0.6926
gal0_star02522,star,1.359609,0.37174,-803.80889,715.67797,-25.419047,-4.6617173,-5.434759,0.2509268,1.0000,0.7214,0.2342
gal0_star02523,star,0.85986635,0.317491,-801.91219,414.25695,-0.27533583,-3.7227184,-6.6074971,-0.044253252,1.0000,0.7134,0.2431
gal0_star02524,star,0.84389541,0.37703,-790.02541,-84.792102,9.135664,0.77643653,-7.8419671,0.38427612,0.9850,0.8496,0.4619
gal0_star02525,star,1.024011,0.781634,1023.6265,514.35747,-3.201701,-3.2673902,5.7928915,0.079218961,1.0000,0.9122,0.6643
gal0_star02526,star,1.7132293,0.632857,-191.09392,140.95585,-11.12259,-8.572279,-12.666793,0.41684692,0.9989,0.4122,0.0219
gal0_star02527,star,1.4116475,1.03488,-99.007231,-308.43226,-21.110676,12.259678,-4.4689073,0.3920302,0.9776,0.9881,0.8114
gal0_star02528,star,1.2022775,0.417212,-956.49888,102.49507,-15.832493,-0.84956445,-7.3120648,0.11965286,0.9843,0.3755,0.0473
gal0_star02529,star,0.91168681,1.0264,29.456306,473.97928,-21.312382,-10.579406,0.3847664,0.2030295,1.0000,0.5883,0.1259
gal0_star02530,star,1.667123,0.739036,338.55585,-793.08674,8.9562814,7.6102058,3.0805073,-0.064196147,0.9804,0.8718,0.4456
gal0_star02531,star,0.58473942,0.683335,879.1329,93.101464,2.7891449,-0.71340298,7.0629091,0.039859232,0.9998,0.9053,0.6519
gal0_star02532,star,1.947548,0.467207,527.93773,588.64929,-8.8637959,-5.4645797,5.4761558,0.31065222,0.9661,0.9866,0.8536
gal0_star02533,star,1.9515691,0.803002,256.02025,-182.30358,4.7462059,7.8445184,10.272679,-0.31712719,1.0000,0.5518,0.0798
gal0_star02534,star,1.9766503,0.36353,-675.57659,198.62853,-3.9625732,-2.3045588,-8.243756,-0.34218527,0.9907,0.8616,0.4464
gal0_star02535,star,1.8462124,0.816531,-221.63571,333.72373,18.166211,-9.6305245,-6.293271,-0.069005609,0.9898,0.9337,0.6487
gal0_star02536,star,0.92670317,0.521223,-111.72326,139.78338,-2.5576056,-12.415417,-9.9034977,-0.53618019,0.9829,0.9468,0.8012
gal0_star02537,star,1.5513715,0.489718,-766.85511,751.81885,11.062779,-5.0933117,-4.8113343,-0.12555165,0.9991,0.8258,0.4578
gal0_star02538,star,0.98382077,0.324882,217.92992,-1263.8717,-12.197184,6.0756532,1.1309268,-0.049277283,0.9894,0.5341,0.1522
gal0_star02539,star,1.0247008,1.03144,-306.68457,532.32127,-5.5837294,-8.4630404,-4.7068548,-0.31656109,0.9808,0.4141,0.0000
gal0_star02540,star,1.2466729,0.375633,654.77457,1071.6796,3.0536345,-4.8249605,3.0486503,0.1340424,0.9817,0.4429,0.0411
gal0_star02541,star,0.9805465,0.681975,-55.495624,-555.42323,2.9584543,9.7827602,-1.0829615,-0.14768042,0.9873,0.5807,0.1246
gal0_star02542,star,1.2453211,0.747282,-157.89265,-79.037084,9.4709896,8.0644482,-15.045394,0.075459397,0.9732,1.0000,0.8277
gal0_star02543,star,1.0741065,1.0198,253.59891,-1252.3072,8.0966309,6.7318146,1.0134978,-0.33575941,0.9785,0.8169,0.4805
gal0_star02544,star,0.98674262,0.888734,-508.56028,-761.70654,-6.2444276,5.805216,-3.6755983,-0.2328392,1.0000,0.9931,0.8269
gal0_star02545,star,1.0029,0.778777,1034.36,-194.62675,-18.492772,1.3276046,6.7109046,0.27986082,1.0000,0.9770,0.8061
gal0_star02546,star,0.96565332,0.584561,410.60191,-556.45076,-3.0321104,7.2920739,5.2693329,0.18656819,1.0000,0.4206,0.0170
gal0_star02547,star,0.6449906,0.315821,-121.33633,-273.03622,-4.9208142,10.961577,-4.9393362,0.076088752,1.0000,0.8616,0.4662
gal0_star02548,star,1.8001604,1.04255,-329.9038,673.3983,-20.077175,-7.0924094,-3.3743762,0.466526,0.9846,0.5517,0.1161
gal0_star02549,star,0.66628508,0.84016,-195.43322,515.09843,13.041312,-8.2734143,-3.7362859,0.098501192,1.0000,0.9273,0.6739
gal0_star02550,star,1.7754095,0.556234,-1437.0336,597.07054,1.7046265,-2.1123252,-5.1880346,0.30459162,0.9538,0.9554,0.8466
gal0_star02551,star,0.89420248,0.372247,-139.75159,-557.03026,1.2582817,9.442786,-2.727539,0.39889632,1.0000,0.3706,0.0446
gal0_star02552,star,0.51765025,0.979076,529.03131,614.38163,7.9899309,-6.0316943,5.2009494,0.28106704,1.0000,0.7434,0.2457
gal0_star02553,star,0.7921422,0.389877,164.47355,-204.42862,12.493298,11.406868,8.8741826,0.23389097,0.9907,0.8233,0.4364
gal0_star02554,star,1.4117539,0.761584,-1844.4208,143.56901,-5.1880271,-0.22200932,-4.9465035,-0.31674817,1.0000,0.3608,0.0119
gal0_star02555,star,0.77883707,0.435866,-168.66107,332.92947,-20.592303,-10.219542,-5.7411351,1.2322489,0.9965,0.5446,0.1199
gal0_star02556,star,1.9617724,0.428584,875.65782,34.647716,11.298272,-0.28121759,7.8894243,0.44860487,1.0000,0.8566,0.4354
gal0_star02557,star,1.1959784,0.765115,-151.01442,-210.26344,-23.522215,12.451912,-8.653834,-0.09215959,0.9948,0.8572,0.4399
gal0_star02558,star,0.70745285,0.689091,-117.34403,721.99386,8.5061524,-8.3401163,-1.4636911,0.33476396,1.0000,0.7181,0.2399
gal0_star02559,star,0.68820158,0.862352,-290.81107,507.35296,-3.9089495,-7.9197463,-4.4184319,0.056085863,1.0000,0.9630,0.8289
gal0_star02560,star,1.8582195,1.14244,951.42551,-353.94023,4.1955968,2.3917996,6.6405709,0.20976369,0.9532,0.7014,0.2829
gal0_star02561,star,0.50811722,0.533007,-307.35031,1160.0591,9.730192,-6.4445795,-1.947205,0.0066348253,1.0000,0.3724,0.0319
gal0_star02562,star,1.7225483,0.597567,600.71389,465.71881,-5.3921142,-4.8788034,6.7324914,0.29537858,1.0000,0.7123,0.2406
gal0_star02563,star,1.1848314,0.978765,106.72615,-208.62962,-7.1505855,12.84386,7.1157367,-0.30993915,0.9916,0.8872,0.6694
gal0_star02564,star,1.2246569,1.08613,-320.6755,-927.09574,-18.991461,6.9077302,-1.83543,0.090337368,0.9821,0.8495,0.4349
gal0_star02565,star,1.3151593,0.413768,89.58964,174.98689,-4.9071511,-15.422997,7.3480816,-0.51521657,0.9651,0.7233,0.2686
gal0_star02566,star,1.2700563,1.0413,310.39197,1033.0757,6.1887,-6.2901459,1.7719751,0.10800916,1.0000,0.7024,0.2466
gal0_star02567,star,1.9739976,1.14383,-136.29998,-16.199325,12.153937,4.1675203,-18.484515,-0.37840235,1.0000,0.8507,0.4721
gal0_star02568,star,1.2995263,0.635282,-445.92732,-1109.1099,3.6195989,5.6037951,-2.3472484,-0.42049034,1.0000,0.7280,0.2599
gal0_star02569,star,1.4081697,0.392647,-109.34336,-993.87479,-18.664068,7.4839857,-0.63322029,-0.028778946,1.0000,0.7285,0.2611
gal0_star02570,star,1.3487867,0.700855,731.51088,-647.27274,-17.437023,4.7209667,5.3509199,-0.18706121,1.0000,0.5672,0.1101
gal0_star02571,star,1.238782,1.12522,-186.54119,-508.28669,19.837831,8.8299366,-3.1061425,0.69085065,0.9971,0.9934,0.8185
gal0_star02572,star,1.4859949,0.664317,1719.7495,392.4074,20.111803,-1.6840891,5.3327596,-0.0037094883,0.9546,0.7240,0.2342
gal0_star02573,star,1.8973082,0.641526,-487.64316,634.65101,-18.80765,-5.8383766,-4.765163,-0.2277166,1.0000,0.8040,0.4694
gal0_star02574,star,1.2580627,0.964402,-72.280473,501.04349,-17.526088,-10.211686,-1.3299678,0.09342827,0.9645,0.8591,0.4576
gal0_star02575,star,0.75674741,0.89754,-561.92767,-37.076891,8.3347653,1.0327852,-9.3753376,0.047008097,1.0000,0.9208,0.6228
gal0_star02576,star,0.84684565,0.458249,582.60479,-458.1502,-1.2715759,4.7741002,6.1136958,-0.15205338,0.9959,0.5917,0.1275
gal0_star02577,star,1.8726595,1.14088,650.3961,16.24367,15.208632,0.14378675,8.7462611,-0.13901706,1.0000,0.9388,0.8337
gal0_star02578,star,1.6390434,0.58658,-983.82949,31.891032,-3.5165156,-0.31020082,-7.4708447,-0.016583979,1.0000,0.9772,0.8485
gal0_star02579,star,0.93980368,0.362709,194.33865,-17.367571,-1.5928688,1.9338865,15.380061,1.2039397,0.9799,0.8668,0.4459
gal0_star02580,star,0.7257682,1.02025,-441.7995,-537.0312,3.7254713,6.2544387,-5.4160022,-0.18425663,0.9953,0.9782,0.8214
gal0_star02581,star,0.70920034,0.617539,-0.28838106,-577.72658,16.38975,9.6846924,0.11903383,-0.36238389,1.0000,0.8518,0.4433
gal0_star02582,star,0.84333564,1.12358,651.34007,160.05335,-3.3313167,-2.176955,8.9927537,-0.71229136,1.0000,0.7117,0.2521
gal0_star02583,star,1.1362626,0.463483,467.71367,222.33746,4.9966095,-4.291707,9.0379374,0.25391282,0.9926,0.9915,0.8371
gal0_star02584,star,0.95774215,0.433779,-727.07896,56.53475,-5.4739463,-0.59144546,-8.1388889,-0.22793282,0.9791,0.8953,0.6202
gal0_star02585,star,1.397191,1.02952,-63.516544,304.362,-12.251257,-12.971916,-2.044987,-0.31479235,1.0000,0.8580,0.4256
gal0_star02586,star,1.16863,0.76796,-231.49653,-427.99485,11.845252,8.7158412,-5.0405431,0.11377433,1.0000,0.9595,0.8375
gal0_star02587,star,1.3266781,1.08598,416.01881,733.05804,-6.8869831,-6.9919728,3.5726497,-0.223098,1.0000,0.8507,0.4750
gal0_star02588,star,0.76288336,0.632473,-831.98288,370.94765,-10.681249,-2.831264,-6.6181831,-0.22888627,0.9950,0.9017,0.6499
gal0_star02589,star,1.5789031,0.385309,-347.00517,457.12992,-21.599952,-7.2147736,-5.2023649,-0.54644441,0.9991,0.5854,0.1020
gal0_star02590,star,1.8042354,0.461988,-480.67081,99.229679,13.581063,-2.0221472,-10.054004,0.57843408,1.0000,0.8080,0.4509
gal0_star02591,star,1.2126894,0.473189,-61.817892,-569.87889,6.2862044,9.3991143,-1.2900261,0.096902639,1.0000,0.5468,0.0838
gal0_star02592,star,1.18863,0.820218,1356.4677,1257.9727,1.0453862,-3.4930706,3.9875392,0.23259645,1.0000,0.5395,0.0811
gal0_star02593,star,1.9137178,0.512081,-359.70797,-1160.4683,3.2091957,6.3133995,-1.6388881,-0.22074748,0.9576,0.7475,0.2418
gal0_star02594,star,1.7487562,0.561119,262.97779,98.554738,-7.9725434,-4.8212714,12.497694,-0.13271739,0.9987,0.9411,0.8683
gal0_star02595,star,1.122442,0.684409,-309.01125,291.85993,-20.658057,-8.0290962,-8.1241063,0.20046588,0.9987,0.5692,0.1075
gal0_star02596,star,0.75359319,0.442691,-8.0848425,60.864373,11.315447,-29.949169,-3.880894,1.3548513,0.9950,0.8443,0.4423
gal0_star02597,star,1.0311716,1.0782,389.91926,-359.58569,-13.98918,6.4126722,7.4288276,-0.22105191,0.9909,0.8775,0.4424
gal0_star02598,star,0.63954319,0.315824,-387.89711,692.3697,-6.3502543,-6.8952411,-4.1594065,0.007378739,0.9982,0.7302,0.2622
gal0_star02599,star,0.74721602,0.437421,-210.31467,501.83096,8.6970089,-8.2849753,-4.0608249,-0.15747936,0.9935,0.9508,0.6743
gal0_star02600,star,1.9376738,1.04118,-14.714586,277.4407,11.014399,-12.976125,-0.79567444,-0.43301415,0.9975,0.9308,0.6419
gal0_star02601,star,1.0006695,1.14849,-356.50593,-281.0227,-2.7337746,5.9903863,-8.2784377,-0.13522233,1.0000,0.5894,0.0780
gal0_star02602,star,1.7772594,0.864851,-294.42065,914.95503,-1.6210447,-7.0957781,-2.2093394,-0.12375336,1.0000,0.5748,0.1116
gal0_star02603,star,0.80172243,0.687827,1022.5985,-956.04468,-0.0062541367,4.1440504,4.5317215,0.14498812,1.0000,0.7405,0.2638
gal0_star02604,star,1.4477909,0.574786,199.67003,-18.962786,19.089822,1.0096762,15.610293,-0.87380693,1.0000,0.3831,0.0530
gal0_star02605,star,1.6196446,0.541433,-565.15664,-238.22003,-1.4886704,3.3414476,-9.0343193,-0.099508717,0.9999,0.3592,0.0146
gal0_star02606,star,0.58279377,0.936153,25.892062,-623.05293,-31.834377,8.8589047,-0.054363667,0.17781789,1.0000,0.3595,0.0000
gal0_star02607,star,1.684213,0.532398,-164.9646,-34.612342,-2.2312003,2.7224882,-17.004651,-0.1902155,0.9689,0.8688,0.4392
gal0_star02608,star,1.7026609,0.353396,-6.2935325,-133.54302,29.180678,19.572236,-0.40676404,0.43479308,1.0000,0.9828,0.8174
gal0_star02609,star,0.53672418,0.653439,108.39084,-54.495097,26.304366,8.6303466,17.256313,-0.49647318,1.0000,0.7180,0.2540
gal0_star02610,star,1.3213178,0.317183,-568.75831,-96.875553,-13.620866,1.1978281,-9.5462081,0.18420723,1.0000,0.4075,0.0671
gal0_star02611,star,0.88004818,0.301819,-1420.6488,-237.75834,-10.802806,0.70353574,-6.045697,0.211778,1.0000,0.3337,0.0165
gal0_star02612,star,1.1266901,0.315999,606.97065,-132.65535,-5.3424995,1.6055186,8.926222,0.08244835,1.0000,0.5434,0.1072
gal0_star02613,star,1.4644976,0.650255,-927.67038,-491.04601,-2.3047868,3.5732994,-6.0968393,0.32636419,1.0000,0.9363,0.6767
gal0_star02614,star,1.5126329,1.05238,76.242557,-65.823602,-15.798608,14.619414,16.701665,-0.18484295,0.9867,0.9207,0.6690
gal0_star02615,star,1.8725271,1.05738,125.09448,-801.68278,-25.124633,7.8153058,0.81992129,0.076911799,1.0000,0.5298,0.0850
gal0_star02616,star,1.7334618,0.309831,362.5225,1051.7928,1.0139813,-6.2640537,2.4124039,0.25818725,0.9894,0.9330,0.6498
gal0_star02617,star,1.6348702,0.768709,-746.4021,777.36966,33.962139,-4.8979751,-4.5699775,-0.38915944,0.9911,0.3794,0.0000
gal0_star02618,star,1.1272882,0.476194,416.60922,-17.212114,-5.6043294,0.80421176,10.718333,0.060258665,1.0000,0.5281,0.1015
gal0_star02619,star,0.60061494,0.405106,-530.11535,-734.68103,-11.208185,5.8742758,-4.0724906,0.35971168,1.0000,0.9631,0.8445
gal0_star02620,star,1.9644878,1.06698,206.5896,-832.20357,14.021404,7.3469203,2.442614,0.36823702,0.9976,0.7081,0.2479
gal0_star02621,star,1.5153851,0.54461,-326.8868,-325.49345,3.5890258,6.8569572,-7.3919965,0.21467076,0.9568,0.7055,0.2672
gal0_star02622,star,1.9347283,0.761665,53.817467,-411.31457,-26.215194,10.424516,1.9742503,0.30560539,1.0000,0.5543,0.0680
gal0_star02623,star,1.4967851,0.574783,787.91262,-1112.4361,-17.92231,5.33716,3.4509379,-0.36271875,1.0000,0.8029,0.4604
gal0_star02624,star,0.9222122,1.13773,1197.3098,674.86884,-8.798109,-2.8743663,5.0572533,0.27143374,1.0000,0.5539,0.1292
gal0_star02625,star,1.936481,0.577302,-20.912524,281.98908,18.729689,-13.188759,-0.75519846,-0.6249819,0.9948,0.3744,0.0617
gal0_star02626,star,0.99178739,0.531909,681.00906,-365.24315,-11.256863,4.1011698,7.1451456,0.23910601,0.9677,0.5358,0.0713
gal0_star02627,star,1.9236871,0.376992,-1035.3156,-818.36621,7.8562201,3.764051,-4.5445232,0.41729449,1.0000,0.9244,0.6277
gal0_star02628,star,1.2477198,0.44385,-67.888212,-1248.1295,4.8884217,5.9476544,-0.50896292,0.18000262,1.0000,0.5688,0.1068
gal0_star02629,star,1.3557813,1.03451,-773.05873,-136.53707,10.082048,1.4229859,-7.5940421,0.094018712,0.9915,0.7196,0.2129
gal0_star02630,star,1.4619352,0.851252,1091.8666,53.132907,6.6995148,-0.40386782,6.8598927,0.11196101,1.0000,0.8574,0.4593
gal0_star02631,star,0.67248902,0.582511,319.55046,-594.53238,-17.399759,7.4238723,4.3026288,-0.17999197,0.9724,0.5650,0.0609
gal0_star02632,star,0.98895489,1.05108,179.33808,-431.27422,-26.159412,9.5995369,3.6965191,-0.19723224,1.0000,0.9945,0.8019
gal0_star02633,star,1.2447535,0.569577,349.09289,-127.69517,21.075067,3.7305312,10.75315,0.47399157,1.0000,0.7426,0.2464
gal0_star02634,star,1.2334062,0.582965,-726.93766,-6.3007266,6.4014613,-0.11926235,-8.2981494,-0.86329085,0.9951,0.9162,0.6320
gal0_star02635,star,1.2999302,0.544654,1083.8314,63.514028,-6.2010529,-0.50306746,6.889041,0.13479049,1.0000,0.8315,0.4363
gal0_star02636,star,1.7669521,0.39443,1410.5226,-1197.0488,-1.4350289,3.2851844,3.9189649,0.11718901,1.0000,0.3644,0.0066
gal0_star02637,star,0.69101553,0.365235,-302.13002,924.4362,1.3240117,-6.4179226,-2.5138643,0.24660048,1.0000,0.9363,0.6392
gal0_star02638,star,0.9363415,0.899487,325.09196,523.95673,8.9668628,-7.189295,4.5619548,-0.12147499,1.0000,0.8554,0.4457
gal0_star02639,star,1.601734,0.819897,-652.48699,240.2231,20.860761,-3.0453095,-7.8355558,-0.16490528,0.9857,0.9141,0.6607
gal0_star02640,star,1.265563,0.570898,80.422511,213.08518,-5.591602,-13.226751,5.7151608,-0.031101564,0.9879,0.8305,0.4029
gal0_star02641,star,1.4172383,0.807751,-350.67909,-36.125738,-1.6618333,1.5092655,-11.716778,0.10818447,0.9872,0.5436,0.0929
gal0_star02642,star,1.1864844,1.04311,627.88486,-52.203509,7.1983616,0.91912421,8.760623,0.43788696,0.9967,0.9170,0.6245
gal0_star02643,star,1.6707802,0.340438,-202.0948,-1187.8248,-4.4697944,6.2741593,-1.2389918,0.18342183,1.0000,0.5380,0.0957
gal0_star02644,star,0.60612133,1.08358,283.01798,102.81588,0.22732871,-4.7674795,12.419477,0.08910563,0.9729,0.9252,0.6337
gal0_star02645,star,0.87911095,0.629578,-583.05581,-204.5505,20.753599,3.1188304,-8.5165064,-0.13187963,1.0000,0.8448,0.4417
gal0_star02646,star,1.5086401,1.09664,-280.91331,-402.60895,-6.361363,8.27252,-5.401227,-0.47814564,0.9955,0.9644,0.8007
gal0_star02647,star,1.9079598,0.937885,-79.086078,-339.43667,-15.630641,11.753656,-2.9893286,0.0062179485,1.0000,0.4114,0.0570
gal0_star02648,star,1.8466649,0.827851,45.353844,-206.99275,33.763783,14.881429,3.0257761,0.74519343,1.0000,0.7361,0.2060
gal0_star02649,star,1.8718033,1.0513,215.12572,-5.5867066,1.0212037,0.56978177,15.362737,0.31729953,1.0000,0.8352,0.4486
gal0_star02650,star,1.9501877,0.334749,-205.65269,-725.1967,22.970903,7.8341157,-2.4201856,0.14569879,1.0000,0.6901,0.2503
gal0_star02651,star,1.0889358,0.686433,-348.84297,-68.77119,-7.5561331,2.1031456,-12.007547,-0.31048045,0.9644,0.8964,0.6534
gal0_star02652,star,1.2943298,0.457038,189.65014,-402.80884,-18.488994,8.414524,4.561914,-0.04685834,1.0000,0.8511,0.4546
gal0_star02653,star,1.8956324,0.683747,304.4691,-184.72695,-18.226585,6.6180322,10.25421,0.012370998,0.9907,0.3877,0.0050
gal0_star02654,star,1.9870066,0.973295,-742.86259,84.602754,1.2456963,-0.87403671,-7.7418229,0.15439801,0.9934,0.5185,0.1261
gal0_star02655,star,1.7404183,1.01027,-534.02837,-50.921112,26.035721,1.0701845,-9.3566418,-0.88140582,0.9764,0.5514,0.1182
gal0_star02656,star,0.5432894,0.724996,1195.0643,-1335.8909,1.7458743,4.1132859,3.3865839,0.13853869,1.0000,0.4061,0.0388
gal0_star02657,star,0.77316586,0.743068,348.99122,760.81986,7.8906714,-6.9828777,3.2578377,0.49766041,1.0000,0.9220,0.6782
gal0_star02658,star,1.4639056,0.957693,422.63616,349.57995,-22.349188,-6.6659748,7.6137667,-0.27149676,1.0000,0.8943,0.6248
gal0_star02659,star,0.85815813,0.528839,81.930045,436.59263,-2.6358598,-10.187844,1.8068018,0.47596995,0.9778,0.3892,0.0411
gal0_star02660,star,1.3149643,0.758578,91.081463,98.606273,48.092732,-14.123948,13.642475,-1.0087561,1.0000,0.7264,0.2357
gal0_star02661,star,1.9070509,0.702424,-284.69091,28.506197,25.662865,-1.5846935,-13.124353,0.48142937,0.9843,0.7022,0.2533
gal0_star02662,star,0.81494113,1.01209,245.90225,-403.15433,9.8511294,8.8492704,5.060107,-0.83660736,0.9948,0.5876,0.1021
gal0_star02663,star,0.72731543,0.596355,-606.37086,589.25162,9.9968914,-5.4078406,-5.4668428,0.33026449,0.9790,0.8861,0.6830
gal0_star02664,star,0.60469859,0.696782,-659.78411,223.10495,6.7577014,-2.8822349,-8.3109264,-0.31708108,1.0000,0.3659,0.0253
gal0_star02665,star,1.3055225,0.675415,-161.44575,-759.14133,-17.087344,7.8530595,-1.6104458,-0.42275845,0.9817,0.8190,0.4871
gal0_star02666,star,0.59564973,1.09678,377.18474,991.87585,-1.388958,-6.1353325,2.4027024,-0.056093704,1.0000,0.7425,0.2432
gal0_star02667,star,1.7235311,0.366798,-134.21769,-263.64763,-2.0229525,11.953231,-5.7537603,0.14072528,1.0000,0.7231,0.2485
gal0_star02668,star,1.7654297,0.477647,-54.800974,708.92209,-11.167767,-8.5333464,-0.48656984,0.42304023,1.0000,0.3858,0.0475
gal0_star02669,star,0.6491363,0.33363,-177.06539,508.90567,2.8252807,-9.3618977,-3.3733695,0.40968367,1.0000,0.3984,0.0205
gal0_star02670,star,1.1660593,1.06142,-199.74805,297.22312,21.20402,-9.5387495,-6.1722075,-0.033859183,1.0000,0.9310,0.6087
gal0_star02671,star,1.7029926,0.661154,-298.63377,57.430132,10.162086,-1.7776327,-12.135707,-0.70406218,1.0000,0.9038,0.6442
gal0_star02672,star,1.7813258,0.53802,391.4898,-368.00153,17.48404,6.9531277,7.1442177,-0.40734832,0.9665,0.9538,0.7787
gal0_star02673,star,1.4345509,0.489818,102.06003,-189.83702,-20.556013,14.112994,7.4327962,-0.40179125,0.9865,0.9655,0.6315
gal0_star02674,star,1.8343391,0.858754,-551.39721,358.59978,10.844769,-5.0940691,-7.1701663,-0.13245238,1.0000,0.5872,0.0783
gal0_star02675,star,1.4045421,0.97283,-434.0341,182.20285,-5.4331398,-4.0374498,-9.5398683,-0.12476925,0.9760,0.7516,0.2607
gal0_star02676,star,1.8779474,0.994532,598.57425,-436.14678,-9.0413635,5.2391734,6.7116128,0.0026952544,0.9772,0.9474,0.6174
gal0_star02677,star,0.53637384,0.382893,-180.42925,-181.09524,-4.6062689,9.8584453,-10.174238,0.001205179,0.9877,0.9618,0.7848
gal0_star02678,star,0.89576642,0.516249,74.679653,-199.69833,-23.902839,13.622837,4.6396521,-0.038063294,0.9696,0.7299,0.2713
gal0_star02679,star,1.8124834,0.720182,210.83932,-10.318025,-16.760148,0.46073711,15.277236,0.83488811,1.0000,0.3596,0.0000
gal0_star02680,star,1.277774,0.7798,-364.06682,267.53858,22.428422,-5.8653806,-8.4276924,-0.49489084,1.0000,0.6867,0.2653
gal0_star02681,star,1.4631425,0.631354,-324.54477,-292.5213,11.28472,6.6542769,-7.7587229,-0.49944561,1.0000,0.5609,0.0683
gal0_star02682,star,1.8336656,0.59389,-34.245028,20.670705,21.21221,-15.674906,-31.619356,-2.6384419,1.0000,0.9175,0.6392
gal0_star02683,star,1.4482827,0.890702,336.81585,492.71277,-21.308634,-7.6820255,5.229889,-0.2709951,0.9882,0.7514,0.2603
gal0_star02684,star,1.8431742,0.778434,255.15849,52.138369,2.1989404,-1.9874948,12.554046,-1.2868006,1.0000,0.9589,0.8215
gal0_star02685,star,0.62701722,0.948611,-542.98638,-295.68561,0.61608535,4.8836605,-7.6809428,-0.37477491,0.9906,0.5738,0.1155
gal0_star02686,star,1.112645,0.599056,-94.604845,1127.8488,-25.735786,-6.9808146,-0.61516743,0.38631122,1.0000,0.9105,0.6616
gal0_star02687,star,1.2925222,0.899957,164.47352,874.76553,14.508931,-7.2333089,1.4667734,-0.10963739,0.9930,0.8443,0.4394
gal0_star02688,star,1.7627962,0.854123,-206.49669,726.43213,1.299124,-7.5305488,-2.5101321,-0.061458276,1.0000,0.6822,0.2442
gal0_star02689,star,0.70109057,0.389092,216.09343,-3.7186082,2.3313395,0.15595443,15.08614,0.12804094,1.0000,0.9911,0.8013
gal0_star02690,star,1.7489479,0.316988,-538.47471,-336.29025,16.788689,4.8753512,-7.3692122,0.1191424,1.0000,0.8591,0.4469
gal0_star02691,star,1.1006855,0.905087,-17.298257,91.535488,-5.8186251,-23.768566,-3.9171362,-1.0119535,1.0000,0.8944,0.6388
gal0_star02692,star,0.90875104,0.670617,-66.574333,5.9020501,8.5085952,-2.1778296,-25.722393,-0.095307875,0.9994,0.7105,0.2365
gal0_star02693,star,0.88603955,0.573917,-206.73893,727.98831,-7.3968502,-7.7835865,-2.1002062,-0.0056618751,0.9740,0.3902,0.0416
gal0_star02694,star,1.3885021,0.328492,229.58344,334.89559,20.009718,-8.8735139,6.5477552,0.42207154,0.9949,0.9619,0.8196
gal0_star02695,star,1.4179398,0.905572,-47.282305,308.60087,-16.284145,-12.957472,-1.6376937,-0.1521507,0.9884,0.9116,0.6629
gal0_star02696,star,1.1499839,0.407786,1155.2369,-1392.951,-19.234248,3.7966412,3.1065006,-0.08976675,1.0000,0.7601,0.2457
gal0_star02697,star,0.74346798,1.03445,644.80012,-53.94096,-1.4710447,0.46286127,9.1413636,-0.074923188,1.0000,0.9372,0.6754
gal0_star02698,star,1.8992445,0.541721,389.2681,-60.415552,11.209029,1.5522379,11.025776,-0.32828368,1.0000,0.5242,0.1086
gal0_star02699,star,0.71246441,0.983809,-679.06216,217.8698,-29.852962,-2.070687,-8.1281093,-0.9429062,1.0000,0.3818,0.0275
gal0_star02700,star,1.0181292,1.1126,-75.132271,306.87025,13.993986,-12.506888,-2.562975,0.069061354,1.0000,0.9095,0.6212
gal0_star02701,star,1.6857125,0.370993,-263.30938,50.611665,-5.655711,-2.7947544,-12.975308,0.96855572,1.0000,0.6709,0.2814
gal0_star02702,star,1.9902341,0.64286,645.29052,129.45772,-11.665034,-1.7291821,8.3553699,0.26714227,0.9999,0.9277,0.6341
gal0_star02703,star,0.56393166,0.911504,-549.17287,630.01349,-19.840167,-5.4161667,-4.6840131,0.084054937,0.9858,0.5399,0.1117
gal0_star02704,star,1.1638118,0.3281,557.94802,1418.3724,-4.4201805,-5.2063299,2.495852,-0.4761217,0.9823,0.3829,0.0089
gal0_star02705,star,0.61426523,0.799252,-541.32234,-21.099466,5.2179316,0.75982006,-9.537008,-0.22505075,0.9864,0.5101,0.1083
gal0_star02706,star,0.85981548,0.511571,-252.65919,66.935755,-0.89829308,-3.2655123,-12.330398,0.26882483,1.0000,0.9447,0.6378
gal0_star02707,star,1.2774616,0.917609,-184.10934,-185.82329,12.783145,10.22489,-10.69398,-0.44123344,0.9594,0.8523,0.4721
gal0_star02708,star,0.64751423,0.948437,218.22821,-215.51251,-23.511797,9.167619,8.9358573,0.15627933,1.0000,0.5620,0.0810
gal0_star02709,star,0.85284602,1.08122,-2.0452833,471.20067,1.3632311,-10.268149,0.20243046,-0.75199766,1.0000,0.5475,0.0864
gal0_star02710,star,1.5026629,0.750502,-494.23669,112.90478,22.37607,-2.833426,-10.057113,-0.48841593,0.9822,0.3687,0.0103
gal0_star02711,star,0.54144443,0.441903,-285.08077,-382.14901,-3.3465591,8.1243946,-6.4964619,-0.4311975,0.9825,0.9133,0.6599
gal0_star02712,star,0.84041013,0.369322,142.27401,868.39017,14.600885,-7.3744956,0.87771427,0.10930929,1.0000,0.8498,0.4623
gal0_star02713,star,1.5172829,0.847918,-596.33353,-993.59799,19.839082,5.5251146,-3.15798,0.22154678,1.0000,0.9502,0.8352
gal0_star02714,star,1.9206944,0.852492,-677.79412,214.19798,-0.17600688,-2.6591453,-8.1495484,-0.18852724,0.9913,0.9581,0.8556
gal0_star02715,star,1.9374357,0.829296,-102.07716,-792.62073,-9.3458767,7.3810663,-0.93881093,-0.12733604,1.0000,0.3767,0.0183
gal0_star02716,star,0.70294396,0.364022,528.74051,892.58603,9.0226662,-5.5758468,3.2041384,-0.28508266,1.0000,0.6821,0.2529
gal0_star02717,star,1.1332595,0.610568,-817.0383,-1060.0646,-10.122152,4.8997975,-3.5024073,-0.11844299,1.0000,0.3382,0.0078
gal0_star02718,star,1.3302881,0.426295,286.86112,-170.15899,20.526116,6.6885828,10.478383,0.51499801,0.9779,0.3793,0.0215
gal0_star02719,star,0.77083956,0.472133,1284.7172,463.5882,-1.9481489,-2.0392024,5.6328923,-0.0027866858,1.0000,0.7585,0.2589
gal0_star02720,star,1.2913586,1.12201,-460.25827,-533.56611,0.63006526,6.0541196,-5.4856181,-0.40350066,1.0000,0.9855,0.8282
gal0_star02721,star,1.2261204,0.71231,-817.3248,962.50331,11.554621,-4.6761584,-4.6742043,-0.23589933,0.9959,0.6025,0.1012
gal0_star02722,star,1.9149201,0.997922,349.15038,779.80719,23.595342,-6.6695113,3.0799424,0.17091939,1.0000,0.8279,0.4816
gal0_star02723,star,1.1300968,0.321975,467.18749,66.680914,-1.6926187,-1.3231503,10.289544,-0.47306596,0.9977,0.7170,0.2736
gal0_star02724,star,1.0162798,0.309118,1323.2606,128.74173,-9.7091982,-0.58922864,5.9930231,0.18511629,1.0000,0.9943,0.7982
gal0_star02725,star,1.5804579,0.805722,-366.11144,243.10506,1.9517728,-6.2073867,-8.8574906,0.17229615,0.9918,0.7453,0.2440
gal0_star02726,star,0.84689174,1.13139,851.52766,461.12872,23.229364,-2.8424116,6.234641,0.11975479,1.0000,0.8531,0.4570
gal0_star02727,star,1.8995044,0.567386,-923.2964,-976.05717,-21.736415,4.2507826,-4.488185,0.065678215,1.0000,0.5474,0.0932
gal0_star02728,star,1.065114,0.611244,71.938734,678.28399,10.862966,-8.4993251,1.4564914,-0.51243247,0.9953,0.7107,0.2456
gal0_star02729,star,1.9540241,0.841553,799.23037,-832.07424,-7.3311087,4.4775686,4.4320537,-0.15676168,0.9655,0.9294,0.6498
gal0_star02730,star,0.79260365,0.846721,1051.435,-121.38968,15.314258,0.8813368,6.8044447,0.11038311,1.0000,0.8961,0.6283
gal0_star02731,star,0.82239431,0.74325,621.61627,-436.11885,0.11186992,4.820514,6.987401,-0.018982822,0.9993,0.9662,0.8418
gal0_star02732,star,1.1339544,0.320248,-1054.7815,-749.55187,-15.262464,3.4052236,-5.2387123,-0.15442236,0.9934,0.3328,0.0555
gal0_star02733,star,1.9401992,0.703065,-600.51586,1749.823,-7.2225078,-5.1464713,-1.4594462,0.31774716,0.9932,0.9470,0.6787
gal0_star02734,star,1.4281072,0.53145,159.11186,-29.643088,-11.302026,3.7813408,17.612808,0.71685092,1.0000,1.0000,0.8097
gal0_star02735,star,1.6208155,0.927261,935.31482,760.75913,0.58599196,-4.2049941,5.2926482,-0.33959553,0.9708,0.5940,0.0724
gal0_star02736,star,1.0916715,0.399698,-1357.0053,232.37545,-10.571257,-1.0350651,-6.1203089,0.013261024,0.9969,0.5503,0.1216
gal0_star02737,star,0.7196897,0.84247,-477.6818,901.42629,19.126024,-6.0963495,-3.4334553,0.16408345,0.9823,0.8796,0.6435
gal0_star02738,star,1.631122,0.861892,-25.27024,-100.08155,-32.776705,22.022093,-4.5217533,-0.11761139,0.9928,0.9654,0.8424
gal0_star02739,star,1.4509482,0.771104,222.89837,-4.9437646,5.8644731,-0.38857399,15.362342,-0.49159283,0.9800,0.9570,0.8256
gal0_star02740,star,1.263979,0.992262,839.44925,883.88326,-6.1302615,-4.5376084,4.5463174,-0.24234774,0.9959,0.3985,0.0441
gal0_star02741,star,0.55714814,1.12374,-308.72179,-356.5569,-16.328606,7.8644253,-6.9114893,0.22398496,1.0000,0.9282,0.6611
gal0_star02742,star,1.575607,0.430852,155.60294,-420.80616,28.449147,9.596533,3.5441568,0.32794415,0.9524,0.3572,0.0274
gal0_star02743,star,1.1616538,0.991369,-969.54629,-406.43548,-22.245226,2.5201115,-6.361028,-0.27921169,0.9978,0.9406,0.6590
gal0_star02744,star,0.95435627,0.547644,243.81696,241.99415,10.111012,-8.1868393,8.4657274,-0.66939234,1.0000,0.7183,0.2578
gal0_star02745,star,1.4321051,0.670602,-30.6266,293.26924,-37.937926,-13.254944,-1.4396955,-0.12096537,0.9920,0.8093,0.4563
gal0_star02746,star,0.94737719,0.982189,-6.8072378,88.585416,-39.434071,-24.093054,-1.6309717,-0.96367228,0.9669,0.9636,0.8251
gal0_star02747,star,0.68976618,0.484336,583.48287,-150.2472,10.293287,1.9144202,9.0926933,0.32639057,0.9839,0.8639,0.4787
gal0_star02748,star,1.3926754,0.380256,69.869989,-216.38938,18.802857,13.953782,4.0015838,-0.041908664,1.0000,0.3637,0.0096
gal0_star02749,star,1.582279,1.02827,-356.2413,491.26147,7.6472208,-7.5467497,-5.4675375,-0.096942665,1.0000,0.5628,0.1036
gal0_star02750,star,1.0696045,0.361411,86.322885,50.847721,3.060144,-10.613655,19.007616,-0.21587559,1.0000,0.5841,0.1084
gal0_star02751,star,0.56812797,0.742208,-1436.0086,-118.83362,-8.3649265,0.60019003,-5.4788228,0.22388798,1.0000,0.4052,0.0462
gal0_star02752,star,0.880053,0.346745,540.96862,-204.00889,4.6188058,2.8316372,9.0266516,0.25884409,1.0000,0.9229,0.6902
gal0_star02753,star,1.6143186,0.855931,365.25646,463.69053,-21.371789,-7.1887482,5.592362,-0.31514054,0.9831,0.5825,0.1023
gal0_star02754,star,1.6144692,0.411589,-757.69069,-134.06136,9.4103675,1.9170111,-7.4533264,0.017954282,1.0000,0.7500,0.2654
gal0_star02755,star,1.7957786,0.305511,-484.67258,100.80521,-5.1325683,-1.3328769,-9.4553534,-0.63924892,0.9678,0.9605,0.6457
gal0_star02756,star,1.0963635,0.974328,73.959125,-591.56083,-10.080057,9.3267453,0.6482495,-0.31812119,0.9980,0.8676,0.4365
gal0_star02757,star,1.0312639,0.874127,-17.679,-389.0516,-7.6743549,11.195388,-0.5746042,0.036461902,1.0000,0.9918,0.8632
gal0_star02758,star,1.0987277,0.791507,464.67008,243.00954,12.526293,-4.406909,8.8767274,-0.27573733,0.9739,0.5626,0.1168
gal0_star02759,star,1.6888135,0.44742,-26.646151,485.22599,-23.054526,-9.9484999,-0.50077883,-0.22251376,1.0000,0.9269,0.6453
gal0_star02760,star,1.5042613,0.86292,-474.99007,148.91808,-5.172803,-3.8314192,-9.3264307,0.61420907,1.0000,0.4063,0.0000
gal0_star02761,star,1.5004934,0.825222,-233.05637,-475.60359,-20.925873,8.4558787,-4.3491915,0.16910193,1.0000,0.8500,0.4476
gal0_star02762,star,0.57919703,0.681388,568.94849,513.32948,2.5105921,-5.3340516,6.1021463,0.41895015,1.0000,0.8514,0.4328
gal0_star02763,star,1.1100655,0.890393,474.24311,240.05311,-44.036553,-3.7610497,9.3822743,0.4216046,0.9891,0.9175,0.6305
gal0_star02764,star,0.54924865,0.869875,-594.3449,350.13561,22.639112,-4.7419698,-7.8460905,-0.10750712,1.0000,0.8170,0.4613
gal0_star02765,star,1.1770925,0.691109,43.054281,252.96513,7.546783,-14.047949,2.8717564,-0.3995986,0.9934,0.9777,0.8195
gal0_star02766,star,1.6928192,0.453782,525.02364,-511.47533,-7.3037052,5.8924767,6.0049986,0.2585099,0.9990,0.3518,0.0102
gal0_star02767,star,1.8182038,0.351001,511.21813,613.14894,-0.73690217,-6.1198889,4.7002559,-0.28382495,0.9909,0.8353,0.4504
gal0_star02768,star,1.3235533,0.933269,305.41954,-195.22496,-5.5468767,6.1594391,9.4849681,0.28322249,0.9788,0.9497,0.6408
gal0_star02769,star,1.6430247,1.12203,132.7455,415.06465,7.0454945,-10.076078,3.5884357,0.24522155,0.9998,0.5711,0.1340
gal0_star02770,star,0.54543822,1.06176,424.90094,-818.47728,-4.2414522,6.1459069,3.2845257,0.25043686,1.0000,0.3952,0.0370
gal0_star02771,star,1.6089475,0.837607,-150.00099,-492.83026,-26.35528,9.6262308,-2.378203,0.073924156,0.9473,0.9212,0.6677
gal0_star02772,star,1.8232201,1.13194,1519.5439,1055.2186,-9.0450453,-3.0205228,4.3963096,0.27189295,1.0000,0.9724,0.8365
gal0_star02773,star,1.7457062,0.919346,197.68132,-211.60039,5.6997406,9.8859774,9.5411521,0.37178102,0.9812,0.5368,0.0849
gal0_star02774,star,1.4635097,0.397765,1211.3496,689.39697,4.4862984,-2.4302422,5.0574396,0.12014274,0.9603,0.8060,0.4507
gal0_star02775,star,1.222485,0.708888,-24.210719,-783.29644,6.485946,7.4847053,-0.37579489,-0.3135289,0.9911,0.5605,0.1286
gal0_star02776,star,0.56769013,0.604488,677.15845,761.14662,-3.4436867,-5.268056,4.6028484,0.36758429,0.9945,0.5404,0.0999
gal0_star02777,star,1.9687567,1.02376,333.47954,-371.67533,-5.0759585,6.9758199,6.2580274,-0.28025392,1.0000,0.7355,0.2138
gal0_star02778,star,0.54149409,1.1334,426.3824,30.004441,36.988445,-0.69481266,11.334561,0.56856881,1.0000,0.8877,0.6486
gal0_star02779,star,0.89486829,0.348653,-620.36821,299.00172,1.8379234,-3.3827297,-7.8862464,0.33323292,1.0000,0.3967,0.0349
gal0_star02780,star,0.96681284,0.32499,-534.85417,67.441734,14.210275,-1.7112093,-9.1649192,-0.11612602,1.0000,0.9955,0.7933
gal0_star02781,star,0.60932607,0.689454,441.47627,-1662.5288,-5.0864976,5.1067095,1.4681041,-0.30460997,0.9960,0.3249,0.0153
gal0_star02782,star,0.89194987,0.654522,-1209.8597,-136.66525,3.2285016,0.51052746,-6.590212,-0.085867201,1.0000,0.8603,0.4888
gal0_star02783,star,1.0673461,0.35357,273.1554,-187.99224,16.33394,6.6936728,11.040256,-0.24297393,0.9856,0.6940,0.2591
gal0_star02784,star,1.9193417,0.572116,-252.46852,490.00758,-5.1705725,-8.1375746,-4.0496598,0.079735137,0.9801,0.8531,0.4492
gal0_star02785,star,0.79959211,0.758364,-442.57844,-521.80081,12.058697,7.1969711,-5.1839926,-0.075205859,1.0000,0.9731,0.8199
gal0_star02786,star,1.9210867,0.419995,846.532,514.43133,-10.91525,-3.7027696,5.9472747,0.22952747,1.0000,0.9613,0.8505
gal0_star02787,star,1.7065233,0.59246,1222.1472,-1078.6673,-6.4664969,3.9266689,3.8161417,0.098954601,1.0000,0.4060,0.0605
gal0_star02788,star,1.9060076,0.70051,273.24474,-180.40348,-10.282464,7.222696,10.438697,-0.11945629,0.9910,0.9964,0.8228
gal0_star02789,star,1.9382606,0.927379,82.014012,-66.068866,8.6014687,13.837358,16.703332,0.024830097,0.9959,0.7396,0.2462
gal0_star02790,star,1.9364058,0.722345,105.08334,95.321132,-7.5459283,-13.381656,13.725064,0.10257937,0.9755,0.5855,0.1083
gal0_star02791,star,1.1269564,0.922556,-2.9597642,64.833207,20.824063,-28.834194,-1.5380463,-1.6669196,1.0000,0.9162,0.6493
gal0_star02792,star,0.6527761,0.747907,551.2313,561.4419,-14.717491,-5.6203913,5.2868291,-0.35998604,1.0000,0.3809,0.0552
gal0_star02793,star,1.5771009,1.10428,-378.22927,684.5287,0.27597844,-6.7571842,-3.7868934,-0.34191822,0.9908,0.9873,0.8131
gal0_star02794,star,1.9777832,1.03891,550.73744,-944.57918,0.15697652,6.1363772,3.5076888,0.13739007,0.9847,0.3621,0.0538
gal0_star02795,star,1.1611869,0.408814,-168.63728,-755.21874,-22.464866,8.0233573,-1.1584972,-0.63257892,0.9941,0.4026,0.0011
gal0_star02796,star,1.5349869,0.424294,-340.89928,-103.55702,-21.257452,3.9537736,-10.304959,0.039103401,0.9864,0.5363,0.0732
gal0_star02797,star,1.5155899,0.340394,-172.9669,-121.32031,-0.63454797,9.6616393,-12.602541,-0.21465944,0.9928,1.0000,0.7964
gal0_star02798,star,1.9190923,0.962171,198.0465,-209.286,-23.961746,9.0861881,9.1847802,-0.12847065,0.9963,0.5044,0.0793
gal0_star02799,star,1.0673215,0.97338,168.38085,364.0853,18.811164,-10.589048,3.9382779,0.023662099,0.9632,0.8437,0.4326
gal0_star02800,star,1.0890614,0.374815,-68.898806,297.13061,6.8213885,-13.353428,-3.5903563,-0.028473174,0.9889,0.9248,0.6571
gal0_star02801,star,0.91887808,0.788305,-243.24165,104.09585,12.991298,-5.0278445,-12.359434,0.48774098,1.0000,0.5571,0.0967
gal0_star02802,star,0.56801385,0.96742,-170.38058,-79.823125,13.748008,6.8357602,-16.15927,0.072864337,0.9982,0.7079,0.2291
gal0_star02803,star,1.0568547,0.327218,-164.03001,743.23936,3.7144233,-7.7984264,-1.6521634,0.23018598,0.9944,0.5755,0.1143
gal0_star02804,star,0.6556971,1.11226,-759.93306,-238.276,7.394592,2.6898726,-7.3005087,-0.38823184,0.9913,0.3749,0.0723
gal0_star02805,star,1.3374211,0.997621,93.39171,128.22092,3.901445,-14.530088,10.818728,1.5742036,0.9744,0.5766,0.1173
gal0_star02806,star,0.5390588,0.418703,827.99737,-194.03065,9.2073807,1.4725974,7.5190702,-0.13999237,1.0000,0.9470,0.8327
gal0_star02807,star,0.656942,0.683947,-168.4149,-74.770734,8.4200073,5.930242,-14.461499,-0.37550786,1.0000,0.8496,0.4375
gal0_star02808,star,1.3582292,0.689471,-638.14291,549.52114,-21.981016,-4.8025758,-6.0830879,-0.12402973,1.0000,0.7443,0.2496
gal0_star02809,star,1.247746,0.681987,264.73149,130.33058,-22.238705,-6.0135188,11.108385,-0.67820191,1.0000,0.9898,0.8401
gal0_star02810,star,0.82123776,1.00128,-442.65274,169.39066,-15.66928,-3.930209,-9.6191411,0.36598612,1.0000,0.7173,0.2382
gal0_star02811,star,1.9791349,0.928074,-343.34199,4.3644421,-14.820269,0.049395304,-11.604566,-0.38178516,1.0000,0.5956,0.0957
gal0_star02812,star,0.99730195,0.361583,-92.168761,3.1804091,3.69909,-0.83417169,-22.021207,0.46021297,1.0000,0.5758,0.0722
gal0_star02813,star,1.6255074,0.712411,-51.404574,-99.947504,-20.06216,20.136983,-9.2724323,0.49319398,0.9637,0.8573,0.4446
gal0_star02814,star,1.5720138,1.01001,242.34376,205.57454,-23.962214,-7.9986657,9.3135139,0.22806122,1.0000,0.5450,0.1151
gal0_star02815,star,1.5449355,0.968767,-264.65271,-712.78913,-0.85528394,7.1383786,-2.9959381,-0.2089468,0.9977,0.8493,0.4610
gal0_star02816,star,0.83870113,0.876191,20.947084,-599.91403,-26.583727,9.1039881,0.3568822,-0.018396401,1.0000,0.3979,0.0209
gal0_star02817,star,0.60069988,0.497691,-1196.7549,-118.60161,-6.2717614,0.6099895,-6.5272532,0.068542867,1.0000,0.5730,0.0855
gal0_star02818,star,1.2099215,0.440639,14.112005,-164.42064,18.964171,17.770244,1.7749399,0.31178223,1.0000,0.3982,0.0713
gal0_star02819,star,0.69737244,0.977783,-400.40904,438.67881,0.92346275,-6.657597,-6.1431113,-0.34903212,1.0000,0.8691,0.4240
gal0_star02820,star,1.6237187,0.806851,-96.228269,-791.04911,-18.016645,8.1798528,-0.12462498,0.36144289,1.0000,0.7274,0.2413
gal0_star02821,star,1.2982763,0.501953,-135.04226,-1673.5608,2.7210312,5.289158,-0.15292174,-0.41161436,1.0000,0.8501,0.4725
gal0_star02822,star,0.87922529,0.414505,-168.3406,-83.375761,-3.6650531,6.7447444,-14.278985,-0.80105184,0.9923,0.6919,0.2563
gal0_star02823,star,1.9539046,0.50295,-111.64444,720.84283,-12.495157,-7.7502709,-0.61526782,0.10750767,1.0000,0.9452,0.7673
gal0_star02824,star,1.5878215,0.743325,-740.97437,-427.73969,-11.765013,3.8630493,-6.737666,0.39724148,0.9975,0.9530,0.8298
gal0_star02825,star,1.4703073,0.366755,-490.44651,53.881677,-46.308302,-0.8708962,-10.305651,0.62855022,0.9774,0.8480,0.4174
gal0_star02826,star,0.55509113,0.63245,-347.22824,-210.07735,-4.1469057,5.9032912,-9.5263117,-0.6650252,0.9848,0.8919,0.6946
gal0_star02827,star,1.7181087,0.547235,-170.22002,-94.963606,-5.2095503,8.0487926,-14.406623,-0.1587144,1.0000,0.3744,0.0530
gal0_star02828,star,1.0771744,0.522022,251.93753,-198.63912,10.899269,8.1462831,9.7534427,-0.084009063,1.0000,0.5759,0.0670
gal0_star02829,star,0.57691974,0.494545,276.10493,206.89382,-21.51503,-7.0227844,8.9832309,0.28268535,1.0000,0.8674,0.6396
gal0_star02830,star,0.65163796,0.764968,936.26821,770.44365,6.2063046,-3.9075898,5.0919702,0.16470831,1.0000,0.9659,0.8085
gal0_star02831,star,0.62506862,0.980029,-1362.4328,-543.49798,-3.9302713,1.8655915,-5.2067499,0.17662661,1.0000,0.3828,0.0507
gal0_star02832,star,0.79550661,0.47197,-171.37749,-120.80573,-18.694937,7.541898,-12.884048,-0.43430115,0.9859,0.4296,0.0368
gal0_star02833,star,0.88536902,1.14097,224.56599,-200.65823,8.838056,9.3298959,9.1315592,0.31172941,1.0000,0.9871,0.8526
gal0_star02834,star,1.3894632,0.41074,-518.56843,392.5953,-3.1925036,-5.3196447,-7.3148389,0.43885129,0.9839,0.5742,0.0732
gal0_star02835,star,1.748687,0.797131,89.892616,136.94729,30.493954,-14.459978,9.7613169,-0.59207305,1.0000,0.5499,0.1010
gal0_star02836,star,0.85539718,1.04047,185.64163,-622.86718,12.46058,8.7556527,2.2289212,0.074128366,0.9951,0.9549,0.8190
gal0_star02837,star,0.86879564,0.977841,658.41417,173.55068,2.197514,-2.0512458,8.1620896,-0.3298453,1.0000,0.8547,0.4439
gal0_star02838,star,1.8867422,0.952171,411.3952,369.65252,-23.61675,-6.3519228,6.5085332,0.10763332,1.0000,0.8034,0.4431
gal0_star02839,star,1.4338719,1.05352,271.91054,201.41147,-9.1621489,-7.7842,9.7355019,0.11444719,0.9960,0.8641,0.4570
gal0_star02840,star,1.0546819,0.629137,-258.84771,306.75045,7.1030013,-8.8447217,-6.7871847,0.66389964,1.0000,0.3629,0.0235
gal0_star02841,star,1.7356331,1.05432,41.583232,-583.06728,19.748914,8.7415052,0.55908826,0.56504864,1.0000,0.5687,0.0849
gal0_star02842,star,0.64437949,1.08369,79.667693,885.09612,15.420161,-7.2824302,0.72580399,-0.21005348,0.9575,0.3613,0.0371
gal0_star02843,star,1.4096426,1.05106,277.97872,-196.46035,-12.968781,6.7398684,9.4088596,0.48333922,1.0000,0.3836,0.0161
gal0_star02844,star,0.70054434,0.460731,88.62737,413.62743,-5.5646138,-11.354092,2.7320161,0.034833128,0.9823,0.3459,0.0378
gal0_star02845,star,1.9075785,0.307442,482.22954,-779.77666,30.584095,6.665308,4.0851737,-0.066773534,1.0000,0.8260,0.4745
gal0_star02846,star,0.9355452,0.869426,-864.27884,919.94067,12.589897,-4.9431819,-4.1743874,0.036993256,1.0000,0.9473,0.8289
gal0_star02847,star,1.771743,0.501755,77.310608,-411.21236,11.781705,10.713926,2.3133926,-0.16351255,0.9676,0.3880,0.0253
gal0_star02848,star,1.4294383,1.09373,-21.58126,-123.46359,-2.7667572,18.11117,-3.0724803,0.11141034,1.0000,0.5271,0.0829
gal0_star02849,star,0.92994437,0.817329,-628.82076,274.72744,6.3149345,-4.0248858,-7.6697361,-0.10235772,1.0000,0.3756,0.0136
gal0_star02850,star,0.57395921,0.343915,-1.4587474,247.53759,-14.4645,-14.64549,-0.30290269,-0.13328924,1.0000,0.3735,0.0298
gal0_star02851,star,0.73938691,0.4048,-372.45426,-152.36837,-15.115362,5.0392754,-10.839776,0.17852106,1.0000,0.3876,0.0516
gal0_star02852,star,1.3499876,0.531848,152.72125,-406.18501,17.563377,10.47919,3.8081431,-0.1099787,0.9857,0.5647,0.1215
gal0_star02853,star,0.76246089,0.779143,382.38296,-94.565481,-3.7334982,2.8323468,10.98175,0.025304188,0.9868,0.3712,0.0173
gal0_star02854,star,1.1389069,0.529521,-774.67175,-74.355096,31.662599,0.91927199,-7.8598654,-0.1994636,1.0000,0.8337,0.4196
gal0_star02855,star,1.8842087,1.0344,-232.50224,310.50667,10.617372,-8.4351836,-7.5937308,-0.32212519,0.9806,0.5664,0.0772
gal0_star02856,star,1.5922426,0.430637,125.92791,-624.80708,-3.0267809,8.9545688,2.0329377,0.0020580489,1.0000,0.9896,0.8256
gal0_star02857,star,1.2349926,0.963701,263.68158,825.54432,14.425189,-7.1869841,2.2339201,0.05641617,0.9709,0.8369,0.4681
gal0_star02858,star,1.2685021,1.01357,404.15652,-46.107126,2.0745797,1.3774483,10.902842,-0.27170215,0.9879,0.9180,0.6434
gal0_star02859,star,0.57982632,1.10441,-1484.61,931.71898,-24.380677,-2.7391965,-4.6324734,-0.41122351,0.9878,0.3821,0.0328
gal0_star02860,star,1.3500504,0.396254,583.85582,-716.28805,-10.303958,5.8294488,3.9919194,0.3003054,0.9995,0.5212,0.0693
gal0_star02861,star,1.1721378,0.361706,819.99664,-196.49332,5.1568495,1.9083985,7.3655262,0.25559343,1.0000,0.8158,0.4636
gal0_star02862,star,0.9637618,0.471711,-472.18287,895.78573,23.571879,-6.2663349,-3.1551897,0.14244086,0.9803,0.8872,0.6669
gal0_star02863,star,0.97886251,0.475209,-28.255745,-87.58666,-47.178682,21.014595,-8.0206828,0.59124249,0.9984,0.9228,0.6486
gal0_star02864,star,1.6176198,0.43582,-458.95288,-820.00674,-24.025281,6.5547016,-3.354537,0.012500895,1.0000,0.3962,0.0125
gal0_star02865,star,0.84697125,1.04093,-491.72034,-414.63256,-9.6565587,5.3818178,-6.5034248,-0.10987933,1.0000,0.8887,0.4609
gal0_star02866,star,0.75396737,1.03649,-145.691,143.75673,-18.719401,-10.974107,-11.467349,0.89499488,1.0000,0.5809,0.0895
gal0_star02867,star,1.0259908,0.577367,-165.15516,-102.47923,-3.4899989,8.1243397,-13.060103,0.26052165,1.0000,0.9750,0.7881
gal0_star02868,star,0.77479164,0.601498,-712.17154,501.45305,-8.5943539,-4.2289932,-6.4357635,0.084896412,0.9814,0.9892,0.8328
gal0_star02869,star,0.7735839,0.673103,-286.12841,-930.88276,23.935619,6.7799794,-1.6553268,0.37349428,1.0000,0.8330,0.4428
gal0_star02870,star,1.5749318,0.6085,-21.19728,266.64345,13.673929,-14.115627,-0.54566038,-0.15306038,0.9885,0.3825,0.0080
gal0_star02871,star,0.95935742,0.51092,147.93942,-599.2437,-9.8471647,8.8536636,1.8949394,-0.045378972,0.9703,0.9749,0.8175
gal0_star02872,star,1.8754504,0.585784,77.241339,-388.23663,-14.848804,10.810585,3.0787519,0.35701292,1.0000,0.7235,0.2322
gal0_star02873,star,0.73747989,0.992476,-847.49768,288.99917,-8.766076,-2.3497654,-7.3730547,-0.22162973,1.0000,0.9502,0.6535
gal0_star02874,star,1.1348893,0.639182,108.62613,-57.058377,-2.3664122,10.41705,17.542043,-1.1283509,0.9783,0.8341,0.4581
gal0_star02875,star,1.7736763,0.874494,85.94092,60.308497,24.017714,-10.911488,17.807011,-1.105502,1.0000,0.7361,0.2642
gal0_star02876,star,1.0173428,0.461392,-277.47208,-411.62097,31.429279,8.5887745,-5.582038,-0.21612862,0.9794,0.7263,0.2182
gal0_star02877,star,1.4142584,0.576176,467.34414,629.01093,-0.66916419,-6.223977,5.1404907,-0.019993813,1.0000,0.9962,0.8183
gal0_star02878,star,0.99707099,0.826521,480.59233,92.231051,-8.8168255,-2.5241849,10.267243,-0.29777682,0.9995,0.3876,0.0363
gal0_star02879,star,1.1193189,0.502002,276.86299,107.07608,-37.839116,-5.1340216,12.850321,-0.16200659,0.9963,0.8324,0.4855
gal0_star02880,star,1.4497533,0.91748,-246.59964,-699.58281,-0.67492895,7.660929,-2.6137317,-0.050146832,1.0000,0.7325,0.2676
gal0_star02881,star,1.7079232,0.745711,-51.670554,125.75981,-32.03524,-18.395655,-6.08703,0.3264212,1.0000,0.9280,0.6666
gal0_star02882,star,1.0720295,0.824003,-155.52126,-86.696876,-21.560009,8.0142762,-14.667706,-0.063712113,1.0000,0.7156,0.2096
gal0_star02883,star,0.72147079,1.08093,52.905102,-213.71761,-21.502042,14.626937,3.558917,-0.76904095,0.9812,0.9285,0.6281
gal0_star02884,star,1.1504091,0.54661,-349.83973,-905.93884,0.23392054,6.9883443,-2.7575683,0.0018135103,0.9986,0.8224,0.4471
gal0_star02885,star,0.9260041,0.415307,-441.14685,-505.79923,23.695824,6.5178979,-5.6210383,-0.13834263,1.0000,0.9087,0.6647
gal0_star02886,star,0.84879204,0.671029,-356.6773,-96.328891,-32.802094,3.3235703,-11.291159,0.17543686,1.0000,0.7184,0.2784
gal0_star02887,star,0.7845185,0.860286,-142.73171,-200.27286,4.3698781,11.9519,-8.0944144,-0.086261381,0.9975,0.5800,0.1049
gal0_star02888,star,1.4012223,0.835921,51.805322,-204.20602,-10.912383,14.489778,3.3062308,0.22658861,0.9804,0.3761,0.0024
gal0_star02889,star,0.82576509,1.13253,256.66058,81.502285,20.349853,-3.9298476,12.509865,-0.59459231,0.9838,0.9316,0.6541
gal0_star02890,star,1.3900524,1.07836,-486.77713,140.23231,-2.475657,-2.7110282,-9.3985481,0.29241858,0.9934,0.7120,0.2290
gal0_star02891,star,0.9135665,0.55462,-125.61508,140.11806,-5.0962709,-12.420115,-11.372847,-1.0854066,0.9813,0.5799,0.1533
gal0_star02892,star,1.5345147,0.930272,669.68531,287.79754,-26.944717,-3.8297696,7.7671862,0.016216835,0.9848,0.5707,0.0881
gal0_star02893,star,1.9107589,0.924887,470.06308,208.78968,2.0299735,-3.3484752,9.0576114,-0.020724594,1.0000,0.5618,0.0902
gal0_star02894,star,0.50050488,0.831895,-672.63205,218.57575,-3.7928176,-2.2088617,-8.1624924,0.34296587,1.0000,0.5491,0.1123
gal0_star02895,star,1.486966,0.505089,-44.382028,299.20633,21.011142,-13.014761,-1.5061977,0.68724729,0.9723,0.3847,0.0585
gal0_star02896,star,1.5600847,0.347277,-342.93056,-60.153423,-13.278294,2.220813,-11.587244,-0.1731272,0.9981,0.8351,0.4593
gal0_star02897,star,0.99517877,0.94845,637.1288,-44.776877,-5.4175242,1.1263368,8.7719756,0.39430956,1.0000,0.5236,0.1034
gal0_star02898,star,1.0055416,0.636375,-543.42651,600.13238,27.907259,-5.6009154,-5.8532801,0.011322777,1.0000,0.7285,0.2119
gal0_star02899,star,1.7112064,0.310057,265.77588,122.43295,5.1165542,-5.514805,11.491761,-0.46639425,0.9984,0.9432,0.8725
gal0_star02900,star,1.0001122,0.624674,-571.81521,-169.91054,1.5759943,2.4177227,-8.332162,-0.071585481,1.0000,0.6960,0.2569
gal0_star02901,star,1.7976501,0.359831,-357.77784,-169.48338,6.8050397,4.1721696,-10.215674,1.1949603,1.0000,0.7249,0.2076
gal0_star02902,star,1.9326469,0.985862,-959.85731,-900.53181,-11.060853,4.3729862,-4.6024743,-0.1685143,1.0000,0.9350,0.6918
gal0_star02903,star,1.4107897,0.434395,132.18364,646.16769,2.7133939,-8.386018,1.6162299,0.43047543,1.0000,0.7236,0.2275
gal0_star02904,star,0.89021563,0.52328,25.454094,467.4365,-18.404614,-9.9137893,1.0420613,-0.24815215,0.9904,0.7472,0.2465
gal0_star02905,star,1.4395593,0.554492,-390.78104,250.33248,8.6299011,-4.8860387,-8.6172578,-0.27024782,0.9970,0.9275,0.6179
gal0_star02906,star,1.2689038,0.466896,-298.3027,51.961616,-19.047909,-2.2233129,-12.760367,0.22353513,0.9710,0.4001,0.0351
gal0_star02907,star,0.92969161,0.560775,-1122.0659,243.71529,7.6737299,-1.1779103,-6.6547751,0.047225681,0.9805,0.9862,0.8170
gal0_star02908,star,1.8672966,1.00891,-518.37764,642.69823,22.212035,-6.0609698,-4.6930836,-0.2059384,0.9533,0.9386,0.8158
gal0_star02909,star,1.7331393,1.02179,-573.8111,345.3696,5.7695334,-4.9274524,-7.4855344,0.10201617,0.9895,0.3761,0.0000
gal0_star02910,star,1.2501739,0.805003,-152.89902,298.24201,24.843883,-10.662606,-5.7412799,-0.57334631,1.0000,0.9176,0.6790
gal0_star02911,star,1.1660275,0.954853,-216.58364,121.55023,6.0172035,-6.2354968,-11.599637,0.51538576,0.9821,0.3775,0.0506
gal0_star02912,star,1.5788405,0.719172,1714.7098,312.98908,-22.973783,-0.77894688,5.4719411,-0.05400307,1.0000,0.5456,0.1244
gal0_star02913,star,0.53931475,0.315292,-489.99034,-1099.1628,-5.1445681,6.1574688,-2.7797069,-0.24986162,0.9828,0.9241,0.6630
gal0_star02914,star,1.0255163,0.970155,203.51539,-24.179568,21.127274,2.3400902,15.663467,0.077162057,1.0000,0.9665,0.6581
gal0_star02915,star,0.86794716,0.92007,-414.23841,-605.21435,-0.029245891,6.6572927,-4.6775853,0.39171392,0.9809,0.6927,0.2479
gal0_star02916,star,1.1283219,0.36872,-20.287065,102.2307,-10.989016,-20.167681,-3.8275343,1.2074045,0.9816,0.8324,0.4602
gal0_star02917,star,1.6525538,0.406025,27.680006,-373.42371,4.4750446,11.743191,0.17437701,-0.44291376,0.9901,0.3658,0.0122
gal0_star02918,star,1.4847507,1.062,479.11826,257.65152,-4.2081105,-4.2231817,8.5241495,0.35927039,0.9698,0.5572,0.0899
gal0_star02919,star,1.1264298,0.924752,184.43859,351.94073,-0.72398061,-9.6061774,4.6318125,0.23945672,1.0000,0.7441,0.2572
gal0_star02920,star,1.1920027,0.32274,-287.79156,298.82047,19.867384,-8.2601446,-7.40094,-0.22594962,1.0000,0.3645,0.0412
gal0_star02921,star,1.908234,0.979474,-241.61534,1132.9766,-4.4470349,-6.3610457,-1.349631,0.26876685,0.9868,0.8733,0.4918
gal0_star02922,star,1.6210055,1.12661,189.68686,-390.07807,-13.597533,9.6894897,4.9337542,0.59961384,0.9952,0.9599,0.8504
gal0_star02923,star,1.1087564,0.92825,313.361,-181.00767,-23.552851,5.8305571,10.338467,-0.79347471,0.9850,0.9671,0.7913
gal0_star02924,star,0.53441124,0.354569,-624.61892,257.6078,4.2781891,-3.5185186,-7.8511414,0.31634997,1.0000,0.8466,0.4538
gal0_star02925,star,1.1528453,0.442383,112.87475,118.8659,-20.666829,-12.56958,12.307267,-0.60049236,0.9703,1.0000,0.8247
gal0_star02926,star,1.0299841,0.656325,300.53598,-585.37526,6.7546849,8.2369779,3.7148968,-0.06985201,1.0000,0.8687,0.4361
gal0_star02927,star,1.1398619,0.637925,660.30601,273.26721,-4.9463065,-3.7332241,7.7630005,0.014181677,0.9849,0.9006,0.6555
gal0_star02928,star,1.1130279,1.09181,231.62505,-220.17778,23.073336,7.8950194,9.3903421,0.51469301,1.0000,0.3842,0.0343
gal0_star02929,star,0.84856364,0.50747,265.49766,168.78832,-33.081033,-6.7414011,11.086868,0.42954347,0.9745,0.5805,0.0803
gal0_star02930,star,1.6574149,0.532905,-534.9162,-64.339768,-25.994909,0.98564647,-9.5949966,-0.46185386,0.9884,0.9375,0.6316
gal0_star02931,star,0.88596814,0.540045,-360.70639,-81.825197,14.10807,2.4650937,-11.680392,-0.39701715,1.0000,0.4030,0.0499
gal0_star02932,star,1.8805048,0.51703,228.95229,-398.52209,6.5499417,9.3357559,4.2809309,0.088456197,1.0000,0.6865,0.2721
gal0_star02933,star,0.78591615,1.1401,380.17819,-133.33188,28.716286,3.352985,10.497701,0.096767061,1.0000,0.3717,0.0476
gal0_star02934,star,1.3236294,1.12918,1270.5325,401.94815,19.202562,-1.7617316,5.9482989,0.45634773,1.0000,0.9508,0.8075
gal0_star02935,star,0.53007477,1.05993,414.54954,-775.04536,9.9252493,6.7749738,3.0974412,0.10171421,0.9745,0.3773,0.0182
gal0_star02936,star,1.9416514,0.665593,-343.23028,-15.874958,2.873501,0.6181768,-12.46672,-0.60614289,0.9935,0.5749,0.0783
gal0_star02937,star,1.0478997,1.07969,628.90434,-85.956076,-2.4336597,1.5996692,8.249446,0.24462274,1.0000,0.9660,0.7544
gal0_star02938,star,1.07617,0.528841,203.78586,620.31703,-5.5042598,-7.9563783,2.7888221,0.016910419,1.0000,0.8338,0.4324
gal0_star02939,star,1.84312,0.77804,207.13148,354.95821,27.089854,-9.711264,5.4535511,-0.32568774,0.9959,0.5503,0.1102
gal0_star02940,star,1.7606196,0.454386,4.7088684,269.90675,3.6779969,-12.839612,-0.23195551,-0.23711583,0.9996,0.9734,0.8215
gal0_star02941,star,0.8653558,0.651319,335.16706,-588.37819,20.849592,7.9850441,3.8941543,0.52213935,1.0000,0.7050,0.2432
gal0_star02942,star,1.2831348,0.854171,300.48302,802.34125,0.70199904,-7.1891882,2.9510849,0.00056235556,0.9941,0.5842,0.1232
gal0_star02943,star,0.9520832,0.506294,1095.0027,1238.6862,4.1374565,-3.9854159,3.5605056,-0.011174558,1.0000,0.9916,0.8507
gal0_star02944,star,0.50177871,0.585594,-221.016,-958.06151,-1.1861253,6.4714749,-1.6292078,0.01489039,0.9957,0.9784,0.8326
gal0_star02945,star,1.7662115,0.90219,-360.73771,274.11101,-6.3436757,-6.3743534,-8.6579527,-0.47418751,1.0000,0.9722,0.7914
gal0_star02946,star,1.0758723,0.942152,-202.74637,-458.84951,-12.725433,8.8462847,-4.0060423,-0.018842079,1.0000,0.5626,0.1247
gal0_star02947,star,1.1367158,1.00495,659.37168,88.567571,-11.990546,-1.2626054,8.9941036,0.091193825,0.9581,0.8827,0.6688
gal0_star02948,star,0.72268387,0.540317,328.74594,-132.75509,-38.641665,4.5859942,10.700486,0.42455156,1.0000,0.3807,0.0244
gal0_star02949,star,1.4275437,0.464628,-190.28597,502.91087,1.9464588,-9.0670076,-3.3500132,-0.37219053,1.0000,0.8395,0.4691
gal0_star02950,star,1.9557348,0.848244,60.20056,193.51762,13.431964,-15.108295,4.2267767,1.2201676,1.0000,0.7226,0.2516
gal0_star02951,star,1.3275114,1.14548,-419.19997,1151.9867,17.141437,-6.0603317,-2.0582839,-0.021493938,1.0000,0.9543,0.8255
gal0_star02952,star,0.92142472,0.691614,-120.98208,-292.71564,13.85976,12.004163,-4.8296822,0.47995439,0.9904,0.8138,0.4548
gal0_star02953,star,0.79370782,1.13033,77.222528,669.53431,8.034305,-8.3805888,1.5791798,-0.063852845,0.9860,0.5363,0.0820
gal0_star02954,star,1.7711899,0.569505,-173.01782,520.03194,21.082244,-8.8541988,-2.2823897,0.52816928,0.9883,0.8432,0.4593
gal0_star02955,star,1.4750253,0.385579,-202.8913,298.77675,-7.8184862,-10.242488,-6.714763,-0.10575206,0.9739,0.9110,0.6418
gal0_star02956,star,0.70935204,0.682567,606.10526,-444.23095,-2.4411311,5.0336987,7.3142473,0.064101366,1.0000,0.7635,0.2408
gal0_star02957,star,1.2131022,0.968799,-141.10907,-276.93154,-29.095013,10.77193,-6.40736,-0.35054905,0.9789,0.9682,0.8110
gal0_star02958,star,0.64045957,0.595417,316.7904,531.20813,-25.869132,-7.9431215,4.8627901,-0.87648106,0.9921,0.5673,0.1073
gal0_star02959,star,1.2166774,0.689464,-668.12538,198.77739,-14.165184,-2.1666595,-7.7851177,-0.61077836,1.0000,0.8525,0.4526
gal0_star02960,star,1.0121916,0.733698,-280.27614,269.80816,-1.0405319,-8.0311718,-8.065213,0.075031359,1.0000,0.9055,0.6642
gal0_star02961,star,1.7619522,0.857921,-141.9572,164.74954,28.400555,-11.041033,-10.618598,-0.55259595,0.9914,0.7148,0.2125
gal0_star02962,star,1.504362,1.13966,16.27678,-400.68691,0.73985717,11.518071,0.60881806,0.37295922,1.0000,0.5028,0.0774
gal0_star02963,star,1.2109687,0.872039,228.18232,573.87255,-3.3343944,-8.0870702,3.2342104,0.30281934,1.0000,0.3760,0.0225
gal0_star02964,star,1.3478885,0.647704,-601.38216,286.79181,14.011909,-3.726,-7.9795845,-0.028060685,1.0000,0.5563,0.0918
gal0_star02965,star,1.4381336,0.392544,-415.23812,193.23699,-0.76634663,-4.5895045,-8.4259381,0.02399091,0.9875,0.8986,0.6683
gal0_star02966,star,1.5514934,0.933093,1506.4428,-1073.839,-2.3066967,3.2236937,4.1092584,-0.18289525,0.9618,0.7090,0.2371
gal0_star02967,star,0.72326324,0.829706,562.29574,-198.48379,-3.3536395,2.3887767,9.2084033,0.54560166,0.9992,0.5764,0.1161
gal0_star02968,star,0.87283999,0.734882,98.818852,-193.35257,-7.2949333,14.184698,6.1411483,0.56361144,0.9652,0.9513,0.6429
gal0_star02969,star,1.9473312,0.831295,-396.4099,479.09533,18.891855,-6.4268873,-5.9543841,0.10788097,1.0000,0.8309,0.4617
gal0_star02970,star,0.53349772,0.730316,-209.31473,303.2315,-18.050861,-9.3801832,-6.4673035,-0.024659629,0.9629,0.9902,0.7806
gal0_star02971,star,0.72950922,0.67417,-252.41888,88.797428,9.3298389,-4.7261875,-12.60434,0.60682893,1.0000,0.9513,0.8124
gal0_star02972,star,1.9604245,0.680215,-117.32401,0.84105823,17.814886,0.10310596,-19.828358,0.059254207,1.0000,0.5688,0.1150
gal0_star02973,star,0.95511207,0.865827,206.72024,615.14911,-8.082391,-8.6013714,2.6860013,-0.015392317,0.9773,0.5748,0.0628
gal0_star02974,star,1.6173465,1.08915,-373.56332,481.57822,-10.805061,-6.3071261,-5.3328601,-0.4747519,0.9985,0.7323,0.2568
gal0_star02975,star,1.5896276,0.85524,-214.37219,-742.82573,-7.9267984,7.7776006,-2.4925924,0.15948449,1.0000,0.8840,0.4584
gal0_star02976,star,1.3230383,0.935375,-109.11828,125.74263,-4.1371852,-12.086408,-11.382131,0.44845571,0.9773,0.5716,0.1036
gal0_star02977,star,1.7076391,0.788509,-748.55439,-1101.6457,-2.0892658,5.0239121,-3.8021306,-0.21890231,1.0000,0.5641,0.0639
gal0_star02978,star,1.8201908,0.908727,-351.9364,709.05799,6.0832632,-6.8615306,-3.1754343,0.33266828,0.9628,0.9709,0.8488
gal0_star02979,star,1.0599743,0.970521,-393.82938,435.83551,-2.4669729,-7.4216846,-5.9039875,-0.51996448,0.9539,0.8985,0.6524
gal0_star02980,star,0.70437188,0.660414,-534.84179,-248.11253,5.8335799,3.8046841,-8.3180381,0.3654244,1.0000,0.9751,0.8325
gal0_star02981,star,0.60445425,0.961217,420.10668,977.58074,-7.5920841,-6.0577814,2.4918459,0.46856,1.0000,0.7230,0.2302
gal0_star02982,star,1.3706739,0.888561,-124.41527,-5.8620204,5.2365032,0.79847117,-19.264658,1.4145338,1.0000,0.7357,0.2805
gal0_star02983,star,1.5278448,0.603376,103.28994,-197.52485,-36.936943,13.339173,6.6739941,-0.59527749,1.0000,0.5729,0.1268
gal0_star02984,star,1.5779459,0.337222,-743.05289,-324.96876,0.24905197,2.9789338,-6.9330427,0.43384287,1.0000,0.5763,0.1127
gal0_star02985,star,1.966065,0.594997,850.78255,872.2146,27.56463,-4.0154999,4.423465,0.13720624,0.9824,0.7234,0.2617
gal0_star02986,star,0.83503848,0.681103,-327.23996,-42.81975,-6.0775031,1.7118455,-12.272147,0.58847354,1.0000,0.7156,0.2484
gal0_star02987,star,0.84975466,0.529932,205.82073,-418.1886,8.4364851,9.4245988,4.5878244,-0.40836484,0.9927,0.9365,0.6580
gal0_star02988,star,1.770777,1.14076,-36.43111,-50.486633,-1.9813564,22.480753,-15.301713,1.1975555,1.0000,0.9716,0.8353
gal0_star02989,star,1.1922508,0.773589,9.1767866,478.44462,-0.15471175,-10.316038,-0.14480196,-0.044107495,1.0000,0.8137,0.4305
gal0_star02990,star,0.75018226,0.835979,84.407881,190.12384,-36.327434,-13.749649,6.4626151,1.2475945,1.0000,0.9609,0.8381
gal0_star02991,star,0.77842378,0.390055,664.24534,-417.68802,-6.8094778,4.1036874,6.6604874,-0.45326715,0.9666,0.9425,0.6441
gal0_star02992,star,0.74288283,0.665721,425.83138,-298.31782,19.996373,5.706129,8.0490271,-0.15713024,1.0000,0.3535,0.0072
gal0_star02993,star,0.62323711,0.34961,173.38657,-243.31319,-11.661542,10.274089,7.5679184,-0.46474818,0.9865,0.4177,0.0089
gal0_star02994,star,0.5644113,1.00249,-194.94605,506.7228,5.7186632,-9.1394699,-3.3745998,0.087241038,1.0000,0.9404,0.8086
gal0_star02995,star,1.8816027,0.392776,87.531265,-837.80016,-2.1631092,7.2410785,1.0216206,0.30947885,0.9830,0.8252,0.4813
gal0_star02996,star,0.91636791,0.686486,-261.4091,-461.98221,17.413596,7.9437455,-5.1748804,-0.60675199,0.9924,0.8323,0.4460
gal0_star02997,star,1.1670284,0.459783,521.99888,-266.33623,41.76809,4.4922629,8.4157695,0.13900354,1.0000,0.9932,0.8325
gal0_star02998,star,1.2237762,1.14547,-755.6288,471.51249,-5.263458,-3.6676977,-6.3031305,0.08754103,1.0000,0.4076,0.0509
gal0_star02999,star,0.50537361,0.589213,-458.38225,417.01021,12.596293,-5.7398639,-6.6684039,-0.12277558,1.0000,0.3725,0.0215
gal0_star03000,star,0.59181404,0.377938,-1300.0413,821.81835,-9.6522342,-3.0841953,-5.002972,0.071780333,0.9873,0.9750,0.8443
gal0_star03001,star,0.90616644,1.1443,136.09973,-650.08688,17.242592,8.2067144,1.6099454,-0.63500853,0.9840,0.8369,0.4739
gal0_star03002,star,1.6724419,0.646762,-215.58056,919.99745,19.998391,-6.8081437,-1.8485294,0.1807766,0.9856,0.3507,0.0193
gal0_star03003,star,0.54353394,0.46598,466.9468,52.975484,-21.895768,-1.0901602,10.476036,-0.054239778,1.0000,0.8946,0.6462
gal0_star03004,star,1.300896,0.920706,272.64144,168.59056,23.309887,-6.4784054,11.612419,-0.067931974,0.9853,0.3614,0.0152
gal0_star03005,star,0.9855278,0.455435,494.86507,-789.21582,-16.755785,6.2235751,3.8663404,0.27783091,0.9817,0.7120,0.2694
gal0_star03006,star,1.3064728,0.447088,878.01608,82.545437,-21.783812,-1.1710674,7.4430656,0.30264724,0.9720,0.7154,0.2215
gal0_star03007,star,1.6709373,0.507675,-1056.9378,410.17872,-0.86867287,-2.4748935,-6.2603248,0.010766605,0.9632,0.3722,0.0418
gal0_star03008,star,1.9466746,0.559905,290.67772,-184.10804,-30.614004,6.1021282,10.066796,-0.13913716,0.9864,0.3599,0.0648
gal0_star03009,star,1.5583712,0.532328,-252.75336,494.12592,11.863314,-8.7566051,-4.1994884,0.63598551,0.9685,0.3629,0.0605
gal0_star03010,star,0.9423172,0.644872,797.73303,983.76249,-21.867665,-4.7723511,3.8636384,-0.22822022,0.9703,0.5620,0.1104
gal0_star03011,star,1.0518611,0.638184,-64.215244,132.85818,5.9802106,-15.984997,-8.7028249,-0.43367881,1.0000,0.3745,0.0315
gal0_star03012,star,1.0729463,0.918252,-74.410092,12.896076,-35.101763,-3.3614407,-24.516166,0.89044086,1.0000,0.8142,0.4724
gal0_star03013,star,1.3218156,0.370167,358.47605,466.82943,10.279663,-7.0306453,5.7979369,0.28238563,1.0000,0.3760,0.0244
gal0_star03014,star,1.2247749,0.956403,124.07803,-53.0816,5.0662133,7.7570357,17.560661,0.66274444,1.0000,0.5423,0.0893
gal0_star03015,star,1.287046,1.04258,90.776144,161.71699,-24.283628,-13.678014,7.2599865,0.38855034,0.9909,0.9370,0.8329
gal0_star03016,star,1.1148419,1.03514,-292.09166,-404.16628,9.0797272,7.8576501,-5.4111007,0.1401715,1.0000,0.7337,0.2248
gal0_star03017,star,1.8860391,1.14845,-69.497623,20.106486,10.832091,-6.5837426,-26.189842,1.4705062,1.0000,0.3958,0.0248
gal0_star03018,star,1.5449461,0.719976,3.5815429,-167.67475,13.040482,15.957678,0.34688622,-0.16636367,1.0000,0.9026,0.6536
gal0_star03019,star,1.6042595,0.515414,-1846.4124,-115.15807,-15.868428,0.19310545,-4.980423,-0.08042,1.0000,0.6990,0.2320
gal0_star03020,star,1.7816932,0.342156,-296.46501,-678.03713,1.9562758,8.1612609,-3.544642,-0.1089661,1.0000,0.9766,0.7858
gal0_star03021,star,1.0378192,0.770836,-290.29409,84.124966,0.55168239,-3.9975342,-12.809983,2.2478341,0.9709,0.8522,0.3981
gal0_star03022,star,1.9471222,0.345115,-180.32902,-160.91291,18.101092,10.313,-10.433623,-0.66413244,1.0000,0.4016,0.0072
gal0_star03023,star,0.70043554,0.4706,355.45638,-106.3221,13.57326,3.5167221,10.797846,0.23726284,1.0000,0.9178,0.6414
gal0_star03024,star,0.64269565,0.504457,-97.410318,505.67788,4.6602089,-9.5480126,-2.5078835,-0.35119359,1.0000,0.7232,0.2349
gal0_star03025,star,1.3876504,1.11988,-20.335804,309.65492,6.1191334,-11.587389,-0.49890494,-0.0036820874,0.9957,0.9625,0.7885
gal0_star03026,star,1.4755392,0.602806,-18.011878,104.9087,33.891978,-22.6081,-3.0907079,-1.4803069,0.9924,0.7242,0.2309
gal0_star03027,star,0.50883326,0.657578,255.98646,847.68296,-19.000548,-7.2393787,2.2552538,-0.23974439,0.9886,0.8647,0.4344
gal0_star03028,star,0.80597271,0.98881,-35.595448,-47.874165,-10.784497,22.761442,-17.971308,-0.6069703,0.9936,0.7375,0.2530
gal0_star03029,star,0.82263248,0.342725,263.09545,178.6783,-20.770924,-6.9851269,10.574244,-1.1212978,0.9931,0.3792,0.0266
gal0_star03030,star,1.2832268,0.961923,1064.5646,372.85913,2.9932476,-1.9204416,6.4173405,0.082017273,1.0000,0.8092,0.4318
gal0_star03031,star,1.704405,0.353723,811.33226,442.86017,-8.9846535,-3.5220104,6.7606553,0.10128585,0.9679,0.9465,0.6545
gal0_star03032,star,0.61743532,0.442391,594.57608,476.64788,17.722399,-5.3800697,6.7741709,0.10627805,1.0000,0.9582,0.8374
gal0_star03033,star,1.1914057,0.418618,270.43259,557.30899,14.979286,-8.0467208,3.4752534,-0.042606101,0.9852,0.3624,0.0543
gal0_star03034,star,1.0894374,0.98914,95.698936,-58.844653,-29.665968,9.1026385,17.137895,-0.57494564,1.0000,0.7016,0.2478
gal0_star03035,star,1.4853514,1.01187,-290.31246,279.74026,0.63909655,-7.4495249,-7.7704076,-0.57131251,1.0000,0.9535,0.8225
gal0_star03036,star,1.6472886,0.470545,-227.64864,-456.01084,10.402236,8.9851749,-5.0790731,0.2447091,1.0000,0.9883,0.8383
gal0_star03037,star,0.72523816,0.70884,566.46432,-178.46694,6.4461242,2.6343373,8.0377643,-0.29845339,1.0000,0.7210,0.2447
gal0_star03038,star,0.79296213,0.818405,411.62106,-63.347711,-0.92434157,1.2334572,10.339904,0.25344042,1.0000,0.3691,0.0203
gal0_star03039,star,0.6061554,0.507825,1062.3459,-554.77521,-10.533072,3.1467392,5.7144197,-0.39881679,1.0000,0.9776,0.7942
gal0_star03040,star,0.83436974,1.0852,-883.28906,1174.3074,15.041286,-4.9716619,-3.5839798,0.19830717,1.0000,0.8417,0.4304
gal0_star03041,star,1.7905545,0.486676,-289.84416,69.250348,-26.186761,-2.4811675,-11.072673,-0.15641977,0.9986,0.6759,0.2167
gal0_star03042,star,1.2672075,0.978435,629.75748,-101.4982,6.5262803,1.3222599,8.6720095,0.28854933,1.0000,0.9713,0.8072
gal0_star03043,star,0.63756048,0.9442,-744.87949,472.833,-4.6820017,-3.5756775,-5.9755447,-0.09743133,0.9894,0.9474,0.6844
gal0_star03044,star,1.2037432,0.643346,41.514731,439.13911,22.596391,-10.646743,0.57798991,0.53875986,0.9995,0.5424,0.1379
gal0_star03045,star,1.808593,1.12921,-486.83104,79.771995,-2.3961004,-1.8767264,-10.104916,0.074332457,1.0000,0.4045,0.0500
gal0_star03046,star,1.4563814,0.557562,-48.525958,-583.90574,3.6996745,9.3420297,-0.59414617,-0.79221803,1.0000,0.8130,0.4604
gal0_star03047,star,0.79089309,0.553506,658.8338,291.96907,11.682474,-3.8707467,7.7580368,0.014751777,0.9957,0.3604,0.0220
gal0_star03048,star,1.5835604,0.814825,455.17519,337.26251,-22.708021,-5.4571496,7.3958271,0.18572436,1.0000,0.7453,0.2464
gal0_star03049,star,0.85587086,0.671435,79.82787,458.12206,15.793258,-10.554083,1.8875452,0.24665449,1.0000,0.6969,0.2417
gal0_star03050,star,1.9275737,0.336774,-482.30623,-442.80486,14.260093,6.1562481,-6.5651002,-0.38479323,0.9674,0.7570,0.2135
gal0_star03051,star,1.3510599,0.423596,-171.17591,134.33172,-11.851536,-9.7319867,-11.771233,0.63824552,0.9656,0.5337,0.0811
gal0_star03052,star,0.70340423,0.732059,562.57432,514.44191,12.156,-5.6466891,6.2860114,-0.28182788,1.0000,0.9258,0.6465
gal0_star03053,star,0.79687953,0.929032,275.56297,540.79082,-12.490134,-7.5660969,3.6285237,0.35786181,0.9964,0.5550,0.1042
gal0_star03054,star,1.5231707,0.448882,-9.5662492,484.43717,0.29381035,-9.8547995,-0.038282394,0.023106905,1.0000,0.3559,0.0276
gal0_star03055,star,1.7194916,0.545644,364.23365,-827.02935,-16.613515,6.5799364,2.6223226,-0.15877482,0.9824,0.9432,0.8133
gal0_star03056,star,0.64009858,0.975409,-167.08504,115.75995,-1.2150481,-9.4638717,-13.201582,-0.42056349,1.0000,0.9412,0.8714
gal0_star03057,star,1.3294781,0.631313,-916.61612,594.49162,12.722548,-4.0034651,-5.5936095,0.032967446,0.9657,0.5329,0.0623
gal0_star03058,star,1.9431264,0.47553,-84.44417,698.1211,-8.2413508,-8.4860555,-1.3358727,0.0075097597,0.9958,0.9904,0.8017
gal0_star03059,star,1.2295967,1.07326,273.41908,136.26272,-40.165633,-5.2257593,11.478823,0.4023892,1.0000,0.8217,0.4225
gal0_star03060,star,0.84232656,0.589306,-535.85435,-85.01084,-20.908331,1.5475372,-9.2138834,0.2623055,1.0000,0.5454,0.1212
gal0_star03061,star,1.3625851,0.907129,-582.84332,-1521.0894,12.07662,5.3720811,-2.0958333,-0.17187387,1.0000,0.8394,0.4582
gal0_star03062,star,0.61706917,0.557538,-148.08533,-264.3875,-10.466449,11.067148,-6.4533839,0.13998562,0.9651,0.5592,0.1021
gal0_star03063,star,1.2111876,0.908156,406.70778,-1257.0836,-8.0843447,5.9727278,1.6212994,0.27361729,0.9972,0.8523,0.4463
gal0_star03064,star,1.8380983,0.570036,247.13721,259.69435,1.1553158,-8.9509837,7.1452036,-0.16112866,1.0000,0.5605,0.0995
gal0_star03065,star,1.2012591,0.3653,-356.80467,-616.47934,2.6982492,7.4194037,-3.6293317,0.2758754,1.0000,0.4010,0.0232
gal0_star03066,star,1.6454709,0.889538,199.32456,-610.21127,-3.6789257,8.7372729,2.6201862,-0.18612425,1.0000,0.9234,0.6544
gal0_star03067,star,0.73174253,0.606085,38.284442,-391.45351,2.9743636,11.090109,1.2984978,0.070043769,1.0000,0.8402,0.4583
gal0_star03068,star,1.855504,1.1365,-956.9866,-357.24346,-13.581847,3.0723737,-6.7853313,-0.012729421,1.0000,0.9100,0.6111
gal0_star03069,star,1.613833,0.780575,6.1890072,480.20801,-14.150142,-9.7454228,0.58307949,0.054590555,1.0000,0.3802,0.0359
gal0_star03070,star,0.86177093,0.966463,657.81528,-681.79463,-21.438872,5.00423,4.5116899,0.38663167,1.0000,0.9162,0.6584
gal0_star03071,star,1.2852015,1.07913,-164.00433,130.3611,-25.645472,-9.0103254,-12.715305,0.16938329,1.0000,0.7276,0.2321
gal0_star03072,star,1.6342353,0.830009,612.45325,459.74161,4.3140737,-5.0428478,6.6605495,0.00089500389,1.0000,0.9330,0.6783
gal0_star03073,star,0.587253,0.676134,-29.986518,-139.38651,13.451167,19.257621,-3.6528931,-0.77827187,0.9967,0.9993,0.7854
gal0_star03074,star,0.93448676,0.63196,-217.85765,-948.4487,7.2858856,6.9212736,-1.3056937,0.25508817,0.9850,0.9485,0.8092
gal0_star03075,star,0.96464635,1.10871,70.273532,179.04345,-16.531293,-14.902366,5.6651077,-0.083209739,1.0000,0.8190,0.4383
gal0_star03076,star,1.864159,0.911534,-103.96638,115.58979,-16.74677,-14.244298,-11.642248,0.29777394,1.0000,0.9299,0.6311
gal0_star03077,star,1.3290449,1.04071,-166.35631,-38.357231,-12.655,3.384823,-15.456366,0.61343315,0.9820,1.0000,0.8572
gal0_star03078,star,1.5555007,0.367039,-933.66873,-463.31553,1.2843102,3.4176724,-5.6945664,0.33057911,1.0000,0.8259,0.4207
gal0_star03079,star,1.5822993,1.14693,118.763,411.94944,26.251846,-10.613764,3.0639506,-0.60212599,1.0000,0.9535,0.8060
gal0_star03080,star,0.66594696,1.03623,-544.52476,-307.69083,6.3835561,4.2660636,-7.2847983,0.13469224,1.0000,0.4184,0.0174
gal0_star03081,star,1.4248149,0.330478,-46.562597,105.43586,-3.2096188,-18.723986,-9.588481,0.46151151,1.0000,0.9771,0.8055
gal0_star03082,star,0.91275645,0.619207,411.06625,-324.76815,19.103702,6.1967962,8.052073,-1.1101205,1.0000,0.9890,0.8110
gal0_star03083,star,0.80765273,0.559946,-895.03454,219.91752,5.9889653,-1.5252639,-7.1771977,-0.31581257,0.9939,0.5515,0.1490
gal0_star03084,star,1.9575503,0.483828,-669.90477,-523.89387,-13.124783,4.9260469,-5.9409899,0.26097217,0.9831,0.3891,0.0000
gal0_star03085,star,0.91668283,1.04826,-477.55503,-503.87894,13.061759,6.2155274,-5.8413807,0.30841635,0.9941,0.7183,0.2347
gal0_star03086,star,1.3675304,1.06443,-195.66726,118.69819,-10.253349,-7.190753,-12.950173,-0.23228618,1.0000,0.9967,0.8345
gal0_star03087,star,1.4490748,0.524239,686.17723,-1368.4585,12.598712,5.3357223,2.99469,-0.032849552,0.9770,0.5602,0.1160
gal0_star03088,star,1.9974646,0.644778,-18.897986,-179.47485,-8.2878635,16.298044,-1.5291599,0.50965434,0.9875,0.7905,0.4044
gal0_star03089,star,1.5523325,0.896286,218.27509,22.316574,-2.2770831,-1.5219126,14.612117,0.15258027,1.0000,0.8877,0.4261
gal0_star03090,star,1.5472117,0.782625,206.79316,-821.34345,8.7991828,7.335403,2.0343583,0.10671306,1.0000,0.5541,0.0888
gal0_star03091,star,1.8899386,0.782758,-112.32983,148.49811,-8.3197928,-14.344525,-10.300947,1.2197381,1.0000,0.9195,0.6243
gal0_star03092,star,1.8132188,1.02794,-28.745172,-380.22739,16.982574,10.889707,-0.51680318,-0.61694665,0.9488,0.8363,0.4780
gal0_star03093,star,1.223451,1.13748,-937.58354,175.68897,1.6083373,-1.315093,-6.8565588,-0.16513815,0.9593,0.5724,0.1122
gal0_star03094,star,1.6405104,0.617932,-477.30572,414.88403,3.7195102,-6.1335705,-6.3032542,0.4420727,1.0000,0.9266,0.6674
gal0_star03095,star,1.7904807,1.13074,1066.9201,-105.35315,-18.641132,0.40159333,7.146032,0.832931,0.9767,0.7945,0.4816
gal0_star03096,star,0.62686191,0.897666,758.40161,-315.04392,-2.8768865,2.9725209,6.941452,0.21802511,1.0000,0.9850,0.7822
gal0_star03097,star,0.61969736,0.906995,-134.39988,-17.129623,18.566982,3.2550128,-18.750467,-0.37130861,0.9891,0.9394,0.8360
gal0_star03098,star,0.71407003,0.766748,-934.45139,109.66789,-6.460929,-1.0209345,-7.1666621,-0.28329126,1.0000,0.7075,0.2343
gal0_star03099,star,1.081674,0.885271,242.93532,15.969727,12.055234,-0.92937624,14.334369,-0.38857742,1.0000,0.5592,0.1072
gal0_star03100,star,1.7388395,0.96591,882.90801,-460.25042,1.5882424,3.4250603,5.9326322,-0.050634594,0.9991,0.3747,0.0264
gal0_star03101,star,1.9101328,0.539234,-1350.1223,311.92607,-15.095801,-1.1204525,-6.0313195,-0.053244918,0.9967,0.9619,0.8413
gal0_star03102,star,1.8515954,0.922024,22.215116,-412.25362,-8.7875094,11.034161,0.19516876,-0.82945961,1.0000,0.9575,0.7925
gal0_star03103,star,1.7231072,0.948733,248.32195,-187.28065,-0.56058976,7.2083324,9.877361,-0.17090234,1.0000,0.7234,0.2376
gal0_star03104,star,1.7671174,1.04595,-775.80057,-374.76978,7.4497856,3.3187391,-6.9201519,-0.085903309,1.0000,0.9309,0.6656
gal0_star03105,star,1.9796063,0.748544,-31.574265,-806.73004,4.9924751,7.3718613,-0.025159657,0.11485655,0.9912,0.3805,0.0278
gal0_star03106,star,0.84051647,1.0505,-264.30544,-444.73144,1.8448805,8.4905211,-4.8291939,0.24199279,0.9938,0.5918,0.0857
gal0_star03107,star,1.3982949,0.864839,1024.5212,-1190.3982,13.130324,4.3992849,3.7601338,0.067908192,0.9829,0.5626,0.0792
gal0_star03108,star,1.836849,1.12399,159.95927,-201.18168,-3.9225645,10.868936,9.0467125,1.38701,0.9864,0.5728,0.1054
gal0_star03109,star,0.58593883,0.483676,-529.6153,-729.32067,-0.87273946,6.0769375,-4.4988355,-0.1225829,0.9735,0.7082,0.2105
gal0_star03110,star,0.72562426,0.987763,88.794548,76.043274,42.325242,-14.078217,16.560944,0.26418459,0.9976,0.9787,0.8085
gal0_star03111,star,0.7565711,0.3431,-1381.0244,134.24538,0.47247119,-0.42419695,-5.8646288,-0.060809942,0.9817,0.3746,0.0290
gal0_star03112,star,1.2908018,0.798551,333.97347,790.27039,18.638573,-6.7370014,2.6762026,-0.33459525,0.9919,0.9156,0.6567
gal0_star03113,star,1.4591957,0.333055,321.75179,-147.75931,7.9946928,4.7418476,10.798913,-0.26321708,0.9850,0.9628,0.7986
gal0_star03114,star,1.8574429,0.405236,181.02682,-27.510449,-1.0436818,1.587051,16.07501,0.80429873,1.0000,0.9295,0.6518
gal0_star03115,star,1.7390258,0.34197,-539.24862,-317.53045,-11.905185,3.7196786,-7.5050959,-0.34794937,1.0000,0.9302,0.6292
gal0_star03116,star,1.8620279,0.378411,-251.26703,76.854254,0.28124327,-4.4845608,-13.750885,0.83432512,1.0000,0.9233,0.6383
gal0_star03117,star,1.9926165,1.03192,-155.87307,-46.839602,-25.85835,6.1810102,-16.733121,-0.40254658,0.9785,0.7273,0.2377
gal0_star03118,star,0.61982673,0.539488,-723.75363,500.96901,12.736914,-4.7177069,-6.314448,0.23139315,1.0000,1.0000,0.7857
gal0_star03119,star,1.4061467,0.791645,172.2961,-40.048843,4.7963614,3.3107252,17.081687,0.27428358,0.9791,0.9470,0.8129
gal0_star03120,star,1.0787718,0.345201,69.350568,211.42486,42.387266,-13.733551,3.974418,0.091348043,1.0000,0.3587,0.0078
gal0_star03121,star,1.6630028,0.445712,-287.37327,57.236144,-1.9821608,-3.0989607,-12.522673,-0.44716136,0.9872,0.7317,0.2607
gal0_star03122,star,1.1662864,0.75882,587.1669,-120.48436,7.4368062,1.7784826,8.989787,0.11407278,1.0000,0.5735,0.1364
gal0_star03123,star,1.4261117,0.614781,460.93702,227.41542,35.665617,-3.7601892,8.3679466,0.3136633,0.9918,0.7759,0.4435
gal0_star03124,star,0.98681949,0.924797,250.67396,75.405144,11.069951,-4.1765464,13.224268,0.15537974,1.0000,0.8146,0.4596
gal0_star03125,star,1.7987138,0.662985,857.12654,-509.8366,-3.3420476,3.7529487,6.1264769,0.10834434,1.0000,0.9173,0.6538
gal0_star03126,star,1.0929289,0.738485,-330.48122,40.141483,-1.2270785,-2.1904282,-12.953617,0.078599964,1.0000,0.9581,0.8249
gal0_star03127,star,1.359929,0.752481,301.57983,812.74409,-4.1463427,-7.1579738,2.4068819,0.7134935,1.0000,0.8591,0.4713
gal0_star03128,star,1.9273047,0.957116,449.42459,178.21137,-25.226984,-3.7025049,9.4982127,0.23615456,0.9767,0.7899,0.4547
gal0_star03129,star,0.55026399,0.557172,-190.64084,521.98343,29.141161,-9.3001931,-3.9071905,0.07767577,0.9546,0.9150,0.6393
gal0_star03130,star,1.9485303,0.568268,609.87041,-702.45899,28.725346,5.8692435,4.5622207,-0.24475586,0.9715,0.9165,0.6339
gal0_star03131,star,1.4919872,0.58255,-219.34908,-469.8953,-19.117492,8.8091441,-4.1160906,-0.14264211,1.0000,0.7080,0.2713
gal0_star03132,star,1.1673108,0.915741,-63.258671,4.4949801,13.844795,-2.384681,-27.835333,-0.80055578,0.9820,0.9208,0.6518
gal0_star03133,star,0.78965475,0.780706,65.241662,687.50774,-12.934515,-8.1060013,1.0281473,-0.41983824,1.0000,0.9339,0.6746
gal0_star03134,star,1.238741,0.733157,-656.51994,-571.40856,-27.291798,4.7767194,-6.2994527,-0.24349765,0.9706,0.5611,0.0988
gal0_star03135,star,1.6926469,0.848913,-452.09249,-521.29626,-22.07013,7.4232771,-5.6770719,0.34233782,0.9981,0.8464,0.4142
gal0_star03136,star,0.5899314,0.833857,733.32193,-275.86954,18.188232,2.6539669,7.1019579,-0.45055474,1.0000,0.7030,0.2310
gal0_star03137,star,1.9562459,0.848741,-187.50297,-142.78714,7.3786,8.7042986,-12.155196,0.46720464,1.0000,0.5847,0.0934
gal0_star03138,star,0.69957058,0.697882,-568.49766,-1020.7822,10.779177,5.5976715,-3.1273565,0.16008015,1.0000,0.3560,0.0055
gal0_star03139,star,1.0394182,0.379608,-163.42642,-959.92959,-2.8202303,7.2063312,-1.5880221,-0.45233758,0.9921,0.7270,0.2526
gal0_star03140,star,1.8764275,1.08869,-549.42032,-204.33933,4.7330898,2.9187879,-8.2296093,-0.45132847,0.9805,0.9347,0.6405
gal0_star03141,star,1.2721057,1.06917,-360.34344,-173.67906,3.5727713,4.7514605,-10.072538,0.16234074,0.9861,0.5604,0.0810
gal0_star03142,star,0.50278087,1.12594,-69.834108,-305.26314,2.388091,12.139888,-2.3017477,0.48752796,0.9900,0.8587,0.4459
gal0_star03143,star,1.4717959,0.377554,269.82335,-205.53997,4.1850661,7.2073578,9.6339298,-0.010164175,1.0000,0.9787,0.8274
gal0_star03144,star,1.5187373,1.03231,-700.19747,196.35534,18.445971,-2.284067,-7.7533397,-0.057374108,0.9615,1.0000,0.8512
gal0_star03145,star,1.3591167,0.703539,967.92629,-339.85847,-12.313645,2.410071,6.5974416,-0.17715851,1.0000,0.8282,0.4615
gal0_star03146,star,1.6647395,0.494577,-342.88077,-100.52915,-5.2809958,3.3120124,-11.455413,0.69583955,1.0000,0.9635,0.8409
gal0_star03147,star,1.9338538,0.462646,-165.84179,-173.59415,-8.5044301,10.585615,-10.518051,0.49123917,0.9785,0.8626,0.4408
gal0_star03148,star,1.1318051,0.835836,323.97294,551.03313,-30.007128,-7.9373495,4.9561927,-0.1647483,0.9925,0.4056,0.0277
gal0_star03149,star,1.3546584,0.957669,-346.73592,470.85019,-8.4375568,-7.472141,-5.2634075,-0.15183112,1.0000,0.9028,0.6798
gal0_star03150,star,1.5845946,0.744986,755.73512,-622.04745,-4.8211938,4.6652808,6.0130718,0.15099771,0.9847,0.7126,0.2419
gal0_star03151,star,0.69586616,0.376155,-288.07427,94.985898,10.2476,-3.574661,-12.702387,0.095110687,1.0000,0.8555,0.4274
gal0_star03152,star,1.9278629,0.378415,-201.67747,946.17337,17.46452,-7.0891264,-1.7076192,0.0091304922,1.0000,0.5741,0.0893
gal0_star03153,star,1.3149022,0.596056,33.82889,713.36605,12.320632,-8.6017989,0.62636031,-0.010720806,1.0000,0.8460,0.5028
gal0_star03154,star,0.61525411,0.782235,190.70364,327.17005,25.184263,-10.063261,6.0124082,0.10811895,0.9878,0.5530,0.1309
gal0_star03155,star,1.8881988,0.904458,89.863771,172.35082,16.604793,-14.414881,7.3641808,-0.029213864,0.9876,0.7252,0.2563
gal0_star03156,star,0.8614757,0.462909,-1329.103,323.23213,5.6135478,-1.6526356,-5.8701852,-0.18367944,1.0000,0.9135,0.6520
gal0_star03157,star,1.353238,0.381434,-1143.2401,-531.15375,-1.3878684,2.6934936,-5.7319189,0.065475132,0.9955,0.7404,0.2499
gal0_star03158,star,1.2120364,1.0242,182.00874,-236.87547,-12.94223,11.195837,7.2013056,-0.29862206,0.9643,0.9172,0.6407
gal0_star03159,star,1.2786638,0.621814,-767.12667,45.787449,-0.4625042,-0.54660161,-8.0613441,0.44134721,1.0000,0.4097,0.0239
gal0_star03160,star,1.7018526,0.927657,-503.67427,82.83223,-9.1395838,-2.3200774,-10.304094,-0.10084924,0.9644,0.6010,0.1196
gal0_star03161,star,1.9663616,1.01029,-389.65536,-131.87026,5.4931652,3.383456,-10.719009,-0.15566565,0.9906,0.3669,0.0251
gal0_star03162,star,1.1662708,0.765544,633.21478,441.76007,-14.674194,-4.8040655,6.041139,-0.049669732,0.9983,0.7285,0.2229
gal0_star03163,star,0.52145806,0.657396,23.932782,685.21456,-10.751553,-8.7179061,-0.026442835,0.30893402,0.9667,0.6673,0.2826
gal0_star03164,star,1.078278,0.750073,139.74818,424.67396,24.171514,-9.0197126,3.6051723,0.047508688,1.0000,0.9698,0.8227
gal0_star03165,star,1.4188042,0.959455,-501.35763,106.35582,14.991649,-2.255381,-10.385583,-0.42008269,0.9915,0.8497,0.4361
gal0_star03166,star,0.87483059,0.759669,-97.212995,-556.74703,-0.43419344,9.6236342,-2.1205552,-0.021551194,0.9964,0.4116,0.0144
gal0_star03167,star,1.6231365,0.580507,155.5117,-1473.3504,13.008484,5.8019495,0.57220562,-0.25650988,0.9719,0.4044,0.0499
gal0_star03168,star,1.150267,0.736892,247.87933,609.96121,12.155461,-8.0952574,3.1452925,-0.58177664,1.0000,0.9901,0.8240
gal0_star03169,star,1.8842331,1.12358,183.16105,388.50982,-11.595637,-10.096398,4.6613131,0.470916,0.9807,0.8396,0.4784
gal0_star03170,star,0.81261537,0.563569,1067.0177,85.086673,-3.3916891,-1.0715236,6.6869647,0.055656018,0.9664,0.8128,0.4464
gal0_star03171,star,0.66856206,0.621602,-336.88043,-250.17206,-23.671875,6.3252939,-9.1691544,0.52023111,1.0000,0.8862,0.4525
gal0_star03172,star,0.98884202,0.429075,24.69825,892.89822,-10.18648,-7.1959026,0.28530645,-0.20898434,1.0000,0.5514,0.1115
gal0_star03173,star,1.1172372,0.345216,-30.116091,-128.4759,-0.26356471,19.631867,-4.629057,-1.1963504,1.0000,0.9263,0.6361
gal0_star03174,star,0.81612669,1.11109,117.67158,432.65225,38.338107,-9.7883601,2.5794506,0.19613879,0.9821,0.8181,0.4480
gal0_star03175,star,1.9444959,0.457871,-571.19306,-235.78779,-20.523559,3.4606633,-8.7617226,-0.40298689,1.0000,0.5517,0.1122
gal0_star03176,star,0.74219446,0.677976,-169.36858,-490.76614,-18.176566,9.1708914,-3.5848331,0.098333092,0.9775,0.9699,0.8071
gal0_star03177,star,1.4882758,0.476194,652.24411,53.171646,7.9213083,-1.1168217,8.0142746,-0.27060878,1.0000,0.3863,0.0112
gal0_star03178,star,1.2972081,0.998119,413.56336,323.87045,-20.470481,-5.5260095,7.910669,-0.32709414,0.9831,0.9508,0.8334
gal0_star03179,star,1.7350293,1.02932,130.50461,-55.995235,-18.38137,8.1868898,17.54161,1.2689553,1.0000,0.5761,0.1221
gal0_star03180,star,1.8102013,1.03716,1106.4855,177.96465,35.584672,-0.99543803,6.5492764,0.34846265,0.9895,0.8549,0.4554
gal0_star03181,star,0.80287268,0.493357,373.57485,1005.7141,-2.6830053,-6.4028415,2.7088606,0.16756304,0.9847,1.0000,0.8061
gal0_star03182,star,1.6550676,0.67054,-172.22561,-95.137658,17.982727,7.9433193,-13.299697,0.28862825,0.9822,0.9489,0.8085
gal0_star03183,star,0.56574566,0.327573,40.49405,698.14491,19.163514,-8.5296654,1.4363876,-0.018262262,0.9705,0.8602,0.4553
gal0_star03184,star,0.90941452,0.981216,-694.07158,225.13106,0.7811677,-1.9256259,-8.0659349,0.13376807,1.0000,0.5412,0.0917
gal0_star03185,star,0.99756589,0.949327,3.4266685,-814.09136,23.9168,8.3408902,-0.17880032,-0.10727826,1.0000,0.3938,0.0163
gal0_star03186,star,0.77385876,0.64714,258.231,-620.9909,28.3538,7.5109024,3.2600203,0.45289888,0.9809,0.8196,0.4430
gal0_star03187,star,1.3563297,0.749187,-887.71185,658.48248,-8.4967489,-4.1492051,-5.4765157,-0.44724868,0.9757,0.5758,0.1055
gal0_star03188,star,0.94907249,0.928444,-980.65911,-304.37485,-15.19822,1.7215703,-6.7455156,0.27531651,0.9821,0.9027,0.6575
gal0_star03189,star,1.3399644,0.687997,40.702825,479.92099,-7.4523504,-10.285368,1.4118541,0.50146078,1.0000,0.9443,0.6252
gal0_star03190,star,1.1983573,0.301746,-772.65287,1215.5308,-18.603093,-4.9371032,-3.1052004,0.012058179,0.9855,0.9773,0.8160
gal0_star03191,star,1.38091,0.829288,-105.80639,-568.59585,-21.993619,8.7710899,-1.227781,0.10909012,0.9879,0.7097,0.2388
gal0_star03192,star,1.8977022,0.575699,537.83985,-208.48028,-0.8399978,3.5113137,8.859496,0.06444435,1.0000,0.8595,0.4344
gal0_star03193,star,1.7599435,0.631908,10.48225,-148.38235,-0.41248786,18.555682,2.3264963,-0.10198444,1.0000,0.9507,0.8209
gal0_star03194,star,1.6474219,1.09971,263.21951,116.44046,-15.00632,-4.9981461,11.967398,-0.34514391,1.0000,0.5377,0.1186
gal0_star03195,star,0.66651207,0.304867,-10.290092,290.7986,1.4645868,-13.767631,-0.50962442,-0.054584976,1.0000,0.9039,0.6889
gal0_star03196,star,1.4296458,0.886556,-286.61383,-370.00133,7.0864061,7.8749088,-6.5054901,-0.059850675,1.0000,0.7383,0.2172
gal0_star03197,star,0.59724625,0.37152,278.12445,-406.62548,13.176108,8.5252504,5.697114,-0.017341366,1.0000,0.3840,0.0412
gal0_star03198,star,1.5776016,0.304979,444.84692,32.080971,1.8973669,-0.011474719,9.8493265,0.15963609,1.0000,0.6950,0.2346
gal0_star03199,star,0.55785273,0.470274,-598.09424,328.48673,2.0728511,-4.0531751,-7.2639271,0.045250771,1.0000,0.7153,0.2160
gal0_star03200,star,1.0498141,0.315565,59.554499,211.0956,1.4276332,-14.711986,4.205643,0.47883705,1.0000,0.4052,0.0000
gal0_star03201,star,1.1457352,0.918475,-194.4346,-464.21293,-7.9665731,8.5593945,-3.9110006,-0.26166298,0.9853,0.5707,0.0637
gal0_star03202,star,1.8738035,0.646387,-159.70151,-230.28408,9.2575576,10.443883,-7.711425,-0.35964923,0.9816,0.9172,0.6574
gal0_star03203,star,0.87925473,0.840172,-963.38442,-260.8389,-24.481742,2.1119522,-6.8039837,0.061775711,1.0000,1.0000,0.8346
gal0_star03204,star,1.7212604,0.523193,268.24395,136.26034,9.452896,-5.3992489,11.510159,-0.46626335,0.9748,0.4219,0.0397
gal0_star03205,star,1.0561296,0.685305,-560.50955,-246.49511,7.4011028,3.7527618,-7.9931544,0.041153256,0.9938,0.9634,0.7940
gal0_star03206,star,1.3563676,0.460714,-299.5867,58.33003,2.6058363,-2.8316957,-11.957653,-0.023317479,0.9929,0.9325,0.6482
gal0_star03207,star,1.0353687,0.688174,513.86942,592.93231,-3.2804546,-5.7681323,5.3547048,-0.13235,1.0000,0.9453,0.6390
gal0_star03208,star,0.6228368,0.425188,-223.8541,-1181.2751,-11.873669,6.7375076,-1.2552351,0.19044998,1.0000,0.9677,0.8269
gal0_star03209,star,0.58547148,0.706141,-456.758,-815.61714,-11.83165,6.3028366,-4.2058279,-0.51834848,1.0000,0.3526,0.0371
gal0_star03210,star,1.2545823,0.37211,-467.59695,-453.28082,17.297032,6.2901516,-6.2263693,0.099598964,0.9754,0.6060,0.0820
gal0_star03211,star,1.4391055,0.619389,349.09194,-570.07202,-15.913484,7.381378,4.8214373,0.23054227,1.0000,0.9770,0.8004
gal0_star03212,star,0.60833578,0.99025,-155.31228,-69.813382,-16.743268,6.5940871,-16.095638,-0.33045356,0.9925,0.8390,0.4303
gal0_star03213,star,0.67943259,0.830816,127.49143,670.70145,21.623454,-8.0951742,1.414366,0.15307163,1.0000,0.9277,0.6560
gal0_star03214,star,1.0020278,0.406307,-766.93657,-391.01914,21.981966,3.2637495,-7.0783737,0.14167278,0.9900,0.9966,0.7987
gal0_star03215,star,0.94847015,0.466695,-434.3382,-559.68207,29.804981,6.4455635,-5.6241129,0.062656912,1.0000,0.3580,0.0164
gal0_star03216,star,0.72962991,0.869495,-262.13601,-431.39197,-29.778347,8.5468698,-5.1625165,0.0070070205,0.9964,0.9439,0.6407
gal0_star03217,star,1.1118802,0.449769,-148.60548,-218.43917,20.733299,11.088074,-7.7470426,0.27193571,0.9838,0.9531,0.8154
gal0_star03218,star,1.9124782,0.921414,-52.598553,726.33132,-13.92731,-8.4631306,-1.2262144,0.2586148,1.0000,0.7434,0.2804
gal0_star03219,star,1.0244593,0.812941,188.60944,-24.614004,-6.31673,1.9371038,16.123651,-0.60475169,1.0000,0.5395,0.1010
gal0_star03220,star,1.8233489,0.996097,-527.05601,30.086812,-10.954728,-0.20384743,-9.7606956,0.59587987,0.9975,0.8303,0.4301
gal0_star03221,star,1.1133297,0.364012,-16.478435,78.097786,27.530037,-23.829758,-5.2162867,-0.93843754,0.9866,0.5934,0.0697
gal0_star03222,star,1.8398814,0.53424,452.06819,-327.0178,-6.1805109,5.5131254,7.8004484,0.064687755,1.0000,0.4162,0.0461
gal0_star03223,star,1.2581374,0.689187,73.812187,-188.43631,-14.011583,14.613706,4.3241126,0.010366263,0.9966,0.9808,0.7974
gal0_star03224,star,1.1316716,0.976364,-215.57777,525.19776,7.377019,-8.724953,-3.3888887,-0.41704451,0.9651,0.9652,0.8576
gal0_star03225,star,1.5719652,0.84482,80.488659,47.092902,-9.7713568,-9.4870317,20.944594,-1.1498157,1.0000,0.9435,0.8347
gal0_star03226,star,0.53566204,0.892657,303.91771,-623.83651,2.0460806,7.3176683,4.5787627,-0.026483861,0.9929,0.9674,0.8269
gal0_star03227,star,1.9117926,0.533825,30.793139,915.1039,-5.6141048,-7.3554449,0.3957099,-0.15383188,0.9983,0.3778,0.0164
gal0_star03228,star,0.76612464,0.663059,36.302919,710.53999,-3.7529783,-8.420994,0.37216593,0.34560197,0.9899,1.0000,0.8290
gal0_star03229,star,1.3879867,0.94811,264.27982,140.75668,14.059237,-5.5396522,11.076265,-0.88565469,1.0000,0.5775,0.1414
gal0_star03230,star,0.99405935,0.466476,-125.28632,-762.3992,1.3062547,8.2236122,-0.92565914,-0.16183698,1.0000,0.7071,0.2441
gal0_star03231,star,1.2525834,1.04054,-265.39127,81.199569,24.893276,-3.444851,-12.549166,-1.158511,1.0000,0.8877,0.6576
gal0_star03232,star,0.97880342,0.981426,411.92322,-316.4208,-10.893181,6.1582908,7.758804,-0.13390555,1.0000,0.5728,0.0891
gal0_star03233,star,1.8556294,1.06329,-469.02027,1789.5586,2.4975366,-5.327222,-1.2377762,0.19704673,0.9951,0.8213,0.4475
gal0_star03234,star,1.9143602,0.360823,439.28912,-1000.6152,-7.0210879,6.4752571,2.8361214,-0.0059533237,1.0000,0.7125,0.2329
gal0_star03235,star,1.646295,0.527706,-539.30029,-392.55466,3.4837959,5.3369574,-7.3270772,-0.093053269,1.0000,0.7249,0.2701
gal0_star03236,star,1.5309036,0.650642,-64.445456,119.68754,12.864117,-18.033947,-9.1360847,-1.2173547,1.0000,1.0000,0.8317
gal0_star03237,star,1.3908559,0.792352,-159.77491,-67.476343,-9.7397928,7.0327217,-15.67529,1.1266398,0.9878,0.9137,0.6117
gal0_star03238,star,0.71096116,0.381907,-685.45068,531.93117,19.375161,-5.0367728,-6.0717117,0.34256546,1.0000,0.5500,0.1457
gal0_star03239,star,1.8415819,1.04329,87.163794,438.46862,11.319961,-10.476934,2.3211368,-0.1205957,0.9923,0.5506,0.1372
gal0_star03240,star,1.7513271,0.425943,1049.119,423.82164,4.1787158,-2.51158,6.1304418,-0.024407445,0.9745,0.3532,0.0037
gal0_star03241,star,1.1978201,0.575271,849.08169,-40.244569,-12.472577,0.1606518,7.743093,0.56695167,0.9677,0.5756,0.1146
gal0_star03242,star,1.807944,0.384846,344.08,-357.64491,-2.8806394,7.2566768,7.4038251,-0.78110147,0.9919,0.8633,0.4215
gal0_star03243,star,1.6921467,0.57894,137.33705,-232.24415,16.538754,10.868484,6.2554711,-0.2349738,1.0000,0.3885,0.0148
gal0_star03244,star,1.922197,0.525452,-749.94091,-255.47972,9.9248773,2.748435,-7.3002376,-0.1789963,1.0000,0.9490,0.8390
gal0_star03245,star,1.4793348,0.85526,-225.36723,305.99211,-24.387258,-9.6679348,-6.4978757,0.17306715,1.0000,0.7388,0.2493
gal0_star03246,star,0.91037164,0.481153,-763.16342,996.754,-13.266556,-5.5061888,-3.8181447,-0.22408308,0.9846,0.9421,0.6629
gal0_star03247,star,1.9428646,1.08111,1447.7706,1151.7205,4.1153529,-3.040986,4.0390911,-0.022299939,1.0000,0.8243,0.4640
gal0_star03248,star,1.7597388,0.624024,5.3703209,-172.93528,15.10002,17.231614,1.4042826,0.92070239,0.9978,0.8955,0.6377
gal0_star03249,star,1.3730443,0.885301,252.44336,74.208871,33.531284,-3.3214676,13.721957,-0.63399552,0.9727,0.7499,0.2688
gal0_star03250,star,0.74653429,0.843968,-93.216082,312.60361,-10.494427,-11.622408,-4.4880058,0.16717371,1.0000,0.7245,0.2380
gal0_star03251,star,1.4696351,0.881819,-289.59401,-403.94549,-24.212589,8.2660836,-5.3555204,0.53784803,0.9747,0.5074,0.1273
gal0_star03252,star,1.3234108,1.02554,60.899488,916.07703,-25.287863,-7.2321423,0.59667144,0.19329989,0.9887,0.9331,0.6421
gal0_star03253,star,1.8483663,0.374492,373.86738,-91.904742,-7.1252789,3.0989361,11.259481,0.10284991,0.9832,0.7208,0.2214
gal0_star03254,star,1.9514163,1.14695,-532.0302,372.59085,-12.527232,-4.8540001,-7.2648172,0.088361609,0.9803,0.7186,0.2528
gal0_star03255,star,1.6976274,1.05136,-521.38388,-378.70435,-5.7762795,5.3141374,-7.4898749,0.46480832,1.0000,0.9157,0.6415
gal0_star03256,star,1.0829977,1.02929,-313.35633,-304.35834,-15.267876,6.8084914,-7.210712,-0.10918229,1.0000,0.3426,0.0610
gal0_star03257,star,0.84982959,0.900631,-146.33338,-244.45643,16.286298,11.093855,-7.2362776,0.9491431,0.9712,0.5592,0.1101
gal0_star03258,star,1.4103721,0.953985,48.191416,-206.77327,1.199097,15.884145,3.4413043,0.76156399,0.9986,0.5880,0.1194
gal0_star03259,star,0.76486306,0.865679,92.116276,433.99173,-10.288698,-10.601932,2.0151322,0.40106644,0.9940,0.8148,0.4766
gal0_star03260,star,1.1860391,1.09157,308.83237,-807.76635,-20.799385,6.7784439,2.8857907,0.43367975,1.0000,0.9827,0.8191
gal0_star03261,star,1.7197172,1.05983,-211.99643,120.49533,4.663513,-7.319709,-11.450773,0.23408943,1.0000,0.8364,0.4178
gal0_star03262,star,0.59531425,0.890564,621.1112,520.05382,16.021906,-5.3530303,6.0116333,0.49061471,0.9970,0.9450,0.6334
gal0_star03263,star,1.3825431,0.499393,348.88889,-147.90875,24.954144,4.6476711,10.825583,0.50494889,0.9900,0.3955,0.0166
gal0_star03264,star,0.8990102,0.594545,-1847.375,-98.517048,-3.3679773,0.30340884,-5.1337193,-0.023921514,0.9890,0.7369,0.2540
gal0_star03265,star,1.4645392,0.326038,104.97015,123.9054,7.160178,-13.07581,11.661719,0.11544756,1.0000,0.9839,0.8254
gal0_star03266,star,1.9005675,0.462099,869.18137,252.12025,-3.8437201,-2.2200939,6.7788593,0.29582471,1.0000,0.3937,0.0269
gal0_star03267,star,0.67146906,0.46137,170.03303,-418.60823,-10.737631,10.206536,3.8134104,-0.33136437,0.9902,0.5618,0.1232
gal0_star03268,star,1.9225455,0.848918,350.02735,-107.78793,-8.0506455,3.1479216,10.615612,-0.35475113,0.9999,0.4037,0.0237
gal0_star03269,star,1.197796,0.757026,236.9701,10.29207,21.257941,-0.98735215,14.460429,0.076370347,0.9833,0.8421,0.4467
gal0_star03270,star,1.6898743,0.57388,-93.591624,293.94559,-5.9753961,-12.450923,-3.4561947,0.27635179,0.9929,0.9095,0.6334
gal0_star03271,star,0.71743755,1.1322,-198.00923,103.18456,22.241447,-6.5862139,-13.690762,-1.4167131,1.0000,0.8038,0.4392
gal0_star03272,star,0.8605399,0.439002,-164.78454,-142.66391,-7.0708456,9.4948317,-11.763917,-0.091120526,1.0000,0.9938,0.8188
gal0_star03273,star,1.181845,0.415991,224.74488,-221.03354,21.52863,8.7843351,8.7367099,-0.51138643,0.9807,0.7450,0.2588
gal0_star03274,star,0.5145343,0.649822,-458.86857,434.27598,0.73845785,-5.8751026,-6.1340226,-0.073380493,1.0000,0.8310,0.4438
gal0_star03275,star,1.0145219,1.06395,-305.536,-653.37836,-0.99064743,7.5169808,-3.497118,0.29094895,0.9888,0.9724,0.8160
gal0_star03276,star,1.7992013,0.617105,-977.20482,848.91697,19.672296,-4.3310611,-4.8444366,-0.10610836,0.9990,0.9311,0.6509
gal0_star03277,star,1.2138426,0.916644,76.158561,908.01806,1.365065,-7.2150728,0.6594499,0.077533261,0.9575,0.3577,0.0212
gal0_star03278,star,1.2638523,0.722434,-43.126582,738.70812,3.0322787,-8.1384605,-0.61867033,0.55155718,1.0000,0.9782,0.8235
gal0_star03279,star,1.5524421,0.900836,-524.38677,-758.59634,3.7634889,6.1659742,-3.7805299,0.38048022,0.9949,0.3704,0.0546
gal0_star03280,star,0.88755233,0.812514,1004.1283,-295.69598,-0.12059714,1.6895856,6.6738401,-0.23611145,1.0000,0.3738,0.0185
gal0_star03281,star,1.7220081,0.667791,-2.9764262,-616.71823,-0.42577108,9.1312719,-0.24420319,0.082714018,1.0000,0.9870,0.7906
gal0_star03282,star,0.73794333,0.386731,312.86209,-371.87358,-21.288918,7.6603571,6.3864136,0.20503969,1.0000,0.3875,0.0250
gal0_star03283,star,0.6699411,0.516609,347.0997,486.66991,11.355572,-7.7978372,5.1764248,-0.33233723,1.0000,0.7028,0.2428
gal0_star03284,star,1.8695124,0.583501,-170.82932,513.21387,8.7419424,-8.562589,-2.9841527,0.18472494,1.0000,0.8475,0.4438
gal0_star03285,star,0.73792604,0.542287,82.085726,165.31224,-1.9168218,-13.96385,6.6956327,-0.7412515,0.9836,0.7186,0.2845
gal0_star03286,star,1.6357389,0.965428,-321.96121,-318.26471,-13.089851,7.1033032,-7.2463397,0.1720141,0.9885,0.9489,0.8099
gal0_star03287,star,1.1394497,0.691636,-54.754822,-379.5216,-19.7098,11.683881,-1.3750331,-0.54526881,0.9725,0.9222,0.6612
gal0_star03288,star,1.1180157,0.887258,445.31202,83.637692,-17.24691,-2.4927497,10.367671,0.4769901,0.9917,0.5842,0.0546
gal0_star03289,star,1.1940055,0.796872,247.49975,61.482591,9.572005,-3.4520237,13.453517,-0.42757918,1.0000,0.7106,0.2381
gal0_star03290,star,1.6059791,0.917887,-1.5569094,263.40578,-30.622037,-13.273545,-0.72445537,0.29513693,1.0000,0.9725,0.6644
gal0_star03291,star,0.80502126,1.04511,-233.83624,-446.20616,-0.34755342,8.9882703,-4.7964447,-0.077720596,1.0000,0.9538,0.6563
gal0_star03292,star,1.63414,0.432993,-58.121764,-340.39273,3.5235912,11.292153,-1.7459305,0.64317505,1.0000,0.3627,0.0362
gal0_star03293,star,1.3928374,0.410798,-974.75767,-7.4454166,-10.883369,-0.21005941,-7.0822771,-0.071872484,0.9800,0.7033,0.2581
gal0_star03294,star,0.55926182,0.884218,193.79806,-29.607082,18.642209,2.7476693,15.46591,0.17545537,1.0000,0.9734,0.8658
gal0_star03295,star,1.1381622,0.776154,-83.400326,-748.87209,23.314027,7.8874413,-0.83498464,-0.18604912,0.9800,0.7152,0.2582
gal0_star03296,star,0.92127634,0.719362,-88.880598,131.58224,16.202968,-14.329628,-10.378149,0.62136721,0.9804,0.8798,0.4563
gal0_star03297,star,1.4976497,0.937661,529.90509,595.62635,-1.2639493,-5.6873977,5.0529914,-0.32163073,1.0000,0.9286,0.6679
gal0_star03298,star,1.0936648,0.892963,-683.27019,543.01275,-3.5718898,-4.4889219,-5.7424523,-0.2844764,1.0000,0.7495,0.2663
gal0_star03299,star,1.0744121,0.451756,291.98589,-1019.0802,23.771256,6.578783,1.7991029,-0.07717327,0.9716,0.8646,0.4617
gal0_star03300,star,0.60049663,0.648409,62.702374,208.96945,11.849903,-13.84071,3.9740924,0.35429574,0.9761,0.5694,0.0903
gal0_star03301,star,0.95764994,0.677223,-308.72194,8.5985567,-17.674387,-0.9789995,-13.000798,-0.37786292,1.0000,0.9844,0.7965
gal0_star03302,star,1.6197726,0.595772,1633.0443,-409.02675,5.440841,1.0222133,5.3171493,0.011541909,0.9764,0.5654,0.0896
gal0_star03303,star,1.7481976,0.501913,-876.82017,1629.0139,-19.597147,-4.4534048,-2.2331116,-0.287496,0.9930,0.7206,0.2790
gal0_star03304,star,1.2108744,0.995713,-112.56026,523.97854,17.485854,-9.3464929,-2.1853693,0.25133994,1.0000,0.6951,0.2245
gal0_star03305,star,0.60976004,1.13649,-449.35198,177.21695,-3.6397499,-3.5324499,-9.7611109,-0.80777954,0.9667,0.5650,0.1112
gal0_star03306,star,1.1901085,0.434235,-1146.052,623.48961,0.9059401,-2.8923349,-5.3946646,-0.068342018,0.9913,0.5756,0.1016
gal0_star03307,star,1.2279997,0.45445,703.48024,45.323161,2.628266,-0.97768959,8.7383846,-0.12065524,1.0000,0.7448,0.2508
gal0_star03308,star,0.93904849,0.480553,269.4071,-194.60493,19.864465,6.7765786,10.786465,0.14217593,1.0000,0.9338,0.6583
gal0_star03309,star,1.9099994,1.00109,-564.02961,359.70167,15.728797,-4.7790263,-7.0899675,0.46305406,0.9670,0.7376,0.2295
gal0_star03310,star,0.55013909,0.809995,-528.64258,-338.54524,-11.293416,4.4434806,-8.172043,0.077211721,0.9976,0.9762,0.8304
gal0_star03311,star,0.85862516,0.541572,-112.67597,125.50934,-45.449204,-12.491885,-11.06728,-0.314694,1.0000,0.9707,0.8510
gal0_star03312,star,1.4162906,0.434004,-72.290212,-332.27325,-11.585071,11.486823,-2.282337,0.37901659,0.9898,0.8956,0.4601
gal0_star03313,star,1.1686586,0.385426,-532.36403,615.72599,2.1898653,-6.0240112,-5.5124068,-0.54899299,1.0000,0.9571,0.8307
gal0_star03314,star,1.3735542,0.342032,271.78642,144.26239,-50.830389,-5.1572415,11.093092,-0.28308982,1.0000,0.8280,0.4413
gal0_star03315,star,1.2483557,0.425387,305.43957,-798.20944,11.091955,7.2078397,2.4421024,0.14516172,1.0000,0.9986,0.8053
gal0_star03316,star,1.3391074,0.512588,365.00335,1018.6606,5.1299702,-6.3614993,2.2427035,0.13776734,0.9949,0.8199,0.4448
gal0_star03317,star,1.3521088,0.855995,-39.349903,-357.73938,18.473429,10.995874,-0.71302163,-0.23476665,0.9980,0.9779,0.8218
gal0_star03318,star,1.9823551,0.402782,1142.4724,-806.32029,3.4452383,3.1791112,5.0210688,0.098880952,1.0000,0.8421,0.4412
gal0_star03319,star,0.6788296,0.672749,41.277354,483.82076,-8.0423866,-10.03785,1.0452134,0.13458937,0.9464,1.0000,0.8441
gal0_star03320,star,0.68451446,0.32633,94.04464,78.965361,5.1066413,-12.436515,15.851922,-0.85824028,1.0000,0.8355,0.4458
gal0_star03321,star,1.5000356,1.07323,765.26226,638.81663,9.5309713,-4.6229714,5.6594957,-0.26143572,0.9866,0.9784,0.8197
gal0_star03322,star,1.2196744,0.432402,100.3223,-398.94972,11.195628,10.647907,2.6536808,0.40791066,0.9918,0.9440,0.7994
gal0_star03323,star,1.6006061,0.744973,-489.94222,641.93288,-4.094515,-6.5047805,-4.8080157,-0.24279081,0.9937,0.6920,0.2721
gal0_star03324,star,0.57976924,1.07005,229.16815,62.131995,-34.627351,-4.8092333,14.487149,0.81870912,1.0000,0.7330,0.2356
gal0_star03325,star,0.82597955,0.312084,-996.80295,-1489.3906,-14.558095,4.6151562,-3.0829725,-0.1758679,0.9832,0.9013,0.6429
gal0_star03326,star,0.93522991,1.04161,-109.07293,141.89253,-15.683425,-14.167082,-9.1276958,-0.13396991,1.0000,0.8465,0.4671
gal0_star03327,star,0.87642468,0.736034,594.96495,497.98431,9.3698084,-4.8873837,6.3754675,0.20667515,1.0000,0.9221,0.6687
gal0_star03328,star,1.1206957,0.36239,274.79195,580.76219,7.1812927,-8.1422714,4.3036946,0.049606263,1.0000,0.8082,0.4515
gal0_star03329,star,0.62166468,1.06643,-744.05459,104.37304,-12.098078,-0.53467801,-8.0882102,0.10146489,0.9503,0.8995,0.6629
gal0_star03330,star,0.78083597,0.419503,-304.35565,1367.8393,-10.162829,-5.4289813,-0.73281741,0.019254465,0.9946,0.9701,0.7909
gal0_star03331,star,1.5212153,0.756205,-278.20352,39.874134,0.78228153,-0.60859477,-13.60671,0.11894171,1.0000,0.5358,0.0938
gal0_star03332,star,1.0797452,0.772525,-149.83262,-70.818086,13.724309,6.9431417,-15.2234,-1.0074966,1.0000,0.7120,0.2379
gal0_star03333,star,0.5666424,0.55564,-982.3458,-121.74492,-10.390446,0.42486412,-7.1392964,-0.3306673,1.0000,0.7244,0.2954
gal0_star03334,star,1.5792485,1.14507,-139.80197,544.50343,-10.723752,-9.2886327,-1.7866262,-0.25796741,0.9793,0.9324,0.6507
gal0_star03335,star,1.4786249,0.815659,-70.300413,-799.56003,-16.2568,8.1306131,-1.0549032,0.25745612,1.0000,0.3817,0.0421
gal0_star03336,star,0.87388004,0.507767,-28.524399,-570.50915,1.2479383,9.4154728,0.068232987,0.53799521,1.0000,0.9453,0.6398
gal0_star03337,star,1.705278,0.772438,-1186.7394,-409.53809,18.019937,1.8758346,-6.0145431,-0.0046596507,0.9919,0.8326,0.4570
gal0_star03338,star,1.9549242,1.04361,122.75404,-224.42066,-1.1999176,12.705342,7.3684779,0.062988349,0.9686,0.9410,0.8280
gal0_star03339,star,1.0939004,0.584904,1247.938,516.81852,-0.82789988,-2.2521748,5.5877462,-0.31417868,0.9962,0.3713,0.0443
gal0_star03340,star,0.92975517,1.11975,473.16504,-785.17363,14.869568,6.2965319,4.1639433,-0.24025254,0.9859,0.5778,0.0753
gal0_star03341,star,1.8343959,0.626487,489.48631,-531.51748,-0.99804629,6.3375637,5.0755672,0.42883879,1.0000,0.5939,0.1192
gal0_star03342,star,1.8409242,0.347147,-171.90501,-111.84969,-17.67054,7.9868952,-12.981485,0.072903291,0.9857,0.5459,0.0875
gal0_star03343,star,1.489675,0.750892,1525.5207,370.08933,-26.948957,-1.3350809,5.361004,0.18149808,0.9786,0.7005,0.2637
gal0_star03344,star,1.4745432,1.01311,258.24488,171.90984,21.984344,-7.1044851,10.972706,-0.70073952,1.0000,0.7254,0.2221
gal0_star03345,star,1.6850255,1.13235,36.027015,266.15783,2.0389656,-13.169169,1.2940052,-0.20957071,0.9949,0.7762,0.2180
gal0_star03346,star,0.92302454,0.70451,-233.53974,101.29618,-1.8997158,-5.4522081,-13.008118,0.63479531,1.0000,0.9085,0.6209
gal0_star03347,star,0.52152277,0.859163,313.23021,789.59854,-3.2560067,-6.9584611,2.4372205,0.27244016,0.9755,0.9214,0.8066
gal0_star03348,star,0.75150895,0.78409,296.01885,518.65663,19.737535,-7.8307845,4.7387754,-0.4079494,1.0000,0.9369,0.8175
gal0_star03349,star,0.84525532,0.423203,-735.67043,-431.58093,-8.0063461,3.9573485,-6.6186329,-0.16023095,0.9961,0.3658,0.0306
gal0_star03350,star,1.897494,1.10648,81.921881,184.28554,17.304922,-14.05856,7.4345037,0.040164103,1.0000,0.8715,0.4506
gal0_star03351,star,1.6147798,1.08523,885.5536,293.45092,-0.32616003,-2.081943,7.0527647,0.044815071,1.0000,0.9824,0.8356
gal0_star03352,star,0.75793816,0.833381,-45.448221,-355.06799,34.062038,11.824923,-1.6873022,0.38102542,0.9857,0.9458,0.8353
gal0_star03353,star,1.8535311,0.785612,334.83307,-123.01095,-10.084492,4.1237804,10.916413,0.70855133,1.0000,0.5442,0.0624
gal0_star03354,star,1.6368308,1.09996,-441.86291,451.30227,17.473315,-6.4834224,-5.9331468,0.3718378,1.0000,0.5470,0.0630
gal0_star03355,star,1.8168497,0.786856,80.445574,102.82743,4.286603,-15.296194,12.025489,-0.66341053,0.9696,0.9643,0.8353
gal0_star03356,star,0.90455948,0.95218,753.69794,-281.7287,19.293458,2.7993174,7.1887911,0.10967543,1.0000,0.5415,0.0753
gal0_star03357,star,0.54222615,0.689811,-48.501806,-327.38018,29.198304,12.228132,-2.2083889,0.31418377,0.9764,0.3531,0.0233
gal0_star03358,star,1.3592222,1.04754,108.96614,-192.05256,23.580425,12.289504,7.6620184,0.13395565,0.9921,0.3730,0.0000
gal0_star03359,star,1.9392849,0.476859,146.34885,386.75513,4.0128258,-10.467146,4.2935338,0.077410273,1.0000,0.5409,0.1180
gal0_star03360,star,1.2319717,0.5509,-497.41163,-446.86126,-6.9293648,5.8247202,-6.5039558,0.34695829,1.0000,0.7986,0.4671
gal0_star03361,star,1.4725721,0.533934,197.55573,-655.94304,15.149452,8.6460683,2.6487238,0.34560305,1.0000,0.5601,0.0923
gal0_star03362,star,1.3278736,1.14338,-31.311774,-369.28347,12.084699,11.392313,-0.43722907,0.33728758,0.9748,0.6011,0.1306
gal0_star03363,star,0.62245817,0.727397,-781.10801,-761.26929,4.7235672,4.8528416,-4.2279351,-0.12126549,0.9853,0.3830,0.0362
gal0_star03364,star,1.1783997,0.678801,193.49763,1530.263,-16.808656,-5.4890782,0.8100074,-0.19175074,0.9407,0.3446,0.0000
gal0_star03365,star,1.2391867,0.618743,-452.77246,-515.6928,3.687021,6.3828623,-5.6885986,0.28006411,1.0000,0.5700,0.1099
gal0_star03366,star,1.6871164,0.932391,-170.71676,145.18988,-17.839504,-9.4447388,-11.105804,-0.20080154,1.0000,0.6589,0.2752
gal0_star03367,star,1.964245,1.07398,-1183.3336,-349.77244,9.4845625,1.792493,-6.1411485,0.15384677,1.0000,0.9194,0.6632
gal0_star03368,star,1.063655,0.677449,308.35373,-137.68114,40.774213,4.8502873,11.588157,-0.35003626,0.9885,0.4008,0.0281
gal0_star03369,star,1.0819794,0.515342,-750.47829,58.372747,11.240401,-0.79394235,-8.1568052,0.36461147,0.9860,0.9055,0.6735
gal0_star03370,star,1.3247884,0.477197,1100.7983,69.622116,6.3909616,-0.014749285,6.9885656,-0.18491478,1.0000,0.9404,0.6600
gal0_star03371,star,1.6781504,0.806365,-344.54075,-192.93667,-10.791452,5.7882074,-9.0495614,0.20620547,1.0000,0.9026,0.6461
gal0_star03372,star,1.2515929,0.42277,-160.85403,-75.518331,12.841124,6.521909,-15.276076,-0.010910326,1.0000,0.7078,0.2343
gal0_star03373,star,1.7835855,0.869367,-227.39081,-1164.5804,-1.007753,6.3523841,-1.4010837,-0.1261357,0.9824,0.9407,0.8519
gal0_star03374,star,1.455749,0.595219,-31.210326,528.76837,-18.367083,-9.506452,-1.079132,-0.26600953,1.0000,0.9687,0.8108
gal0_star03375,star,1.1809134,1.01199,-536.69486,-55.007789,13.27093,1.846915,-9.5784947,0.74759282,1.0000,0.7231,0.2661
gal0_star03376,star,1.7010871,0.890898,-81.984807,-568.66362,-1.0532134,9.2837162,-1.0319773,-0.035365254,1.0000,0.9712,0.8159
gal0_star03377,star,0.58564234,0.566925,44.313833,-411.77965,10.580082,11.149541,0.98485639,-0.37321433,0.9751,0.9338,0.6796
gal0_star03378,star,1.7880665,0.767605,-550.66245,639.01366,-2.5870223,-5.4442571,-4.8239586,-0.058819284,0.9912,0.3753,0.0065
gal0_star03379,star,1.8723976,1.14303,276.53272,134.67269,52.273484,-5.2202841,11.319578,-0.1309245,1.0000,0.5554,0.1031
gal0_star03380,star,1.9924124,1.11014,104.10678,152.53017,0.38483781,-12.802655,9.6561749,0.086566976,1.0000,0.9641,0.8326
gal0_star03381,star,1.8300635,0.498433,-1130.097,660.9676,3.1384734,-3.1697333,-5.4815739,0.030848296,1.0000,0.8992,0.6884
gal0_star03382,star,0.94375654,0.511708,-527.08337,876.85513,-8.3443656,-6.2328137,-3.3951428,0.046740957,0.9910,0.9020,0.6464
gal0_star03383,star,1.034314,1.14755,435.66871,237.36388,14.11965,-4.4376086,9.0119088,-0.28679226,0.9650,0.8756,0.4449
gal0_star03384,star,0.77426609,1.00719,262.53192,46.780945,2.0600342,-2.2230942,13.436915,0.25062749,1.0000,0.8205,0.4450
gal0_star03385,star,1.8892266,0.331314,67.253604,-861.62197,3.6683045,7.9105635,0.70817598,-0.038231947,1.0000,0.5743,0.0911
gal0_star03386,star,1.3162613,0.8268,601.25229,-459.52279,-8.1269102,4.660874,6.3421859,-0.37906933,0.9926,0.9907,0.8389
gal0_star03387,star,1.5448104,1.09681,-1182.783,-377.67583,-22.966563,2.0518718,-6.2733337,-0.23793959,1.0000,0.5734,0.0633
gal0_star03388,star,1.5703096,1.02146,-19.775771,-143.27799,9.1223443,18.522274,-3.0876118,-0.82883472,0.9771,0.8773,0.6634
gal0_star03389,star,0.52685493,0.569028,-797.53816,-190.05004,27.536813,1.630303,-7.5543704,-0.082378557,0.9682,0.7228,0.2267
gal0_star03390,star,1.9526125,0.785953,63.578339,29.636431,-0.50207897,-10.70707,24.604084,0.3019894,0.9764,0.9597,0.8196
gal0_star03391,star,0.90011177,0.629668,59.276849,1119.6207,22.580286,-6.188904,0.41301121,0.24528252,0.9879,0.7389,0.2735
gal0_star03392,star,1.8231053,0.717123,493.79026,-278.41836,-1.5993377,4.4269567,8.2884652,-0.29500135,1.0000,0.6896,0.2518
gal0_star03393,star,1.5217773,0.444471,-28.379281,-94.178585,2.8898466,20.943375,-6.4302774,-0.087889527,1.0000,0.5378,0.0895
gal0_star03394,star,1.4614787,0.781472,49.830104,-61.384544,-5.8679336,17.8692,16.51952,-0.76793456,1.0000,0.7082,0.2891
gal0_star03395,star,1.0458868,0.486081,-429.26883,199.54414,-5.5873341,-4.4919671,-8.9382765,-0.18672165,0.9866,0.5214,0.1157
gal0_star03396,star,1.4697428,0.924449,574.04061,870.58157,4.4037225,-5.7787082,3.7929961,-0.054521763,0.9925,0.8965,0.6472
gal0_star03397,star,1.5940746,1.10697,197.06818,-399.63096,-21.933806,8.9635718,4.415522,0.23730154,0.9708,0.8288,0.4704
gal0_star03398,star,1.3754607,0.760727,69.253875,-215.25403,-3.2662504,13.509962,4.6213982,0.069291346,0.9709,0.3471,0.0513
gal0_star03399,star,0.9250491,1.01206,247.25248,51.052833,8.9436856,-2.0849126,13.099183,-0.013848266,0.9796,0.9021,0.6439
gal0_star03400,star,1.7930624,0.541221,52.743822,210.06055,-13.826387,-14.629808,3.7300303,-0.22268324,0.9850,0.5652,0.1072
gal0_star03401,star,1.0578134,0.324064,159.91577,-614.87476,-13.62313,8.7873501,2.759245,0.42045418,0.9804,0.9172,0.6839
gal0_star03402,star,1.1055643,0.633946,-942.23111,-969.70517,-8.1009439,4.4568646,-3.9310713,0.30573389,0.9974,0.7695,0.2173
gal0_star03403,star,1.1184758,0.858497,-594.6234,609.19974,10.618047,-5.2442884,-5.2423465,-0.02956633,0.9802,0.9109,0.6391
gal0_star03404,star,1.8241432,0.765689,243.72783,253.62288,-10.078651,-9.2221981,7.9993179,-0.0060086679,1.0000,0.9946,0.8463
gal0_star03405,star,0.99428814,0.681311,87.107482,161.78101,-23.780675,-13.541024,7.9527095,-0.24455088,0.9884,0.3994,0.0118
gal0_star03406,star,1.3000488,0.994165,345.50571,-580.45079,-4.6242933,6.9053918,4.2591563,0.4257307,0.9909,0.8500,0.4563
gal0_star03407,star,1.9797462,0.385459,649.78727,-60.847195,-12.680688,0.7484667,8.6566287,-0.43835812,1.0000,0.9606,0.8008
gal0_star03408,star,1.3506271,0.552674,266.63593,-189.53712,-5.3042348,7.0427642,9.4318522,0.5643001,0.9951,0.5448,0.0791
gal0_star03409,star,1.1673057,0.780542,86.544494,-66.585314,-16.717407,13.799873,17.726388,-1.9058694,0.9945,0.5861,0.0661
gal0_star03410,star,0.61062021,1.08805,-170.16228,321.19094,-18.699743,-10.119148,-5.3446051,-0.22790458,1.0000,0.7120,0.2894
gal0_star03411,star,1.2671523,0.590156,-1441.6695,-328.45175,-4.689467,0.96054732,-5.3822424,0.28298637,1.0000,0.3927,0.0761
gal0_star03412,star,1.3891043,0.608684,304.4963,-391.02639,-4.1696783,8.1308901,6.8934834,0.087464574,1.0000,0.8340,0.4579
gal0_star03413,star,1.5483997,0.397717,-517.28515,-1054.113,12.947193,5.9202217,-2.9230756,0.11676103,0.9880,0.4148,0.0258
gal0_star03414,star,1.3813088,0.91054,97.759764,-56.551601,-13.804681,10.937835,17.726238,0.56597814,0.9981,0.5461,0.1153
gal0_star03415,star,1.4649662,0.617101,-538.01747,26.258038,-9.5931758,-0.25677728,-9.3224692,0.10946863,1.0000,0.9453,0.8087
gal0_star03416,star,0.76891768,1.13604,-0.16754372,81.901561,-31.270252,-24.444624,1.2235974,0.98337001,1.0000,0.9605,0.7763
gal0_star03417,star,1.4357888,0.845401,182.79757,-422.65886,15.746207,9.6964961,3.8126721,-0.15476379,0.9871,0.8559,0.4597
gal0_star03418,star,0.83273684,0.888502,435.88965,-75.554837,4.1788402,2.1624792,10.598215,-0.43725453,0.9987,0.9427,0.6322
gal0_star03419,star,1.7981454,0.659928,56.46139,-52.264558,-1.7532057,16.927583,17.139602,-0.27241463,1.0000,0.3431,0.0425
gal0_star03420,star,0.60656811,0.664236,-565.15589,-264.15471,16.022687,3.3872539,-8.2836865,0.33676896,1.0000,0.8511,0.4772
gal0_star03421,star,1.3261876,0.74713,673.99805,-411.54295,-16.777037,4.0903276,6.5811726,-0.11635295,1.0000,0.8910,0.6698
gal0_star03422,star,1.58761,0.458194,101.56723,-390.14018,1.9265081,10.942764,3.126215,0.37403563,1.0000,0.7425,0.2420
gal0_star03423,star,0.78058626,0.643677,465.30985,150.75214,-15.913472,-3.0187987,10.569709,0.17845772,0.9983,0.6973,0.2715
gal0_star03424,star,1.1791527,0.938146,1306.5938,385.68273,-5.5802115,-1.9867027,5.8597273,0.23975215,0.9632,0.6909,0.2329
gal0_star03425,star,1.7973639,0.782605,-525.521,-21.956625,-22.338777,0.41727615,-9.9788341,-0.22261139,1.0000,0.7139,0.2456
gal0_star03426,star,0.68786885,1.12045,1474.438,-1117.3775,9.3461269,3.1321002,4.5078074,-0.071162777,0.9914,0.5263,0.1540
gal0_star03427,star,0.8143733,0.977459,1386.1618,1225.1757,15.84454,-3.3522036,3.6372822,-0.19946005,0.9997,0.9729,0.8621
gal0_star03428,star,0.75372156,0.666853,-62.042404,714.96039,-0.88706836,-8.0811486,-1.3491367,0.11718634,1.0000,0.7101,0.2430
gal0_star03429,star,1.0188268,0.372253,-365.64104,468.98909,4.2778933,-7.0577333,-5.9796196,0.26374514,1.0000,0.8361,0.4607
gal0_star03430,star,1.475607,0.563242,214.05183,-791.72217,-8.3129322,7.4589139,2.2485278,-0.22094759,1.0000,0.5451,0.1044
gal0_star03431,star,1.997342,0.881691,239.43059,1098.0994,-0.47986609,-6.4181037,1.4767651,-0.21135408,0.9980,0.3747,0.0322
gal0_star03432,star,1.5567385,0.78559,-125.45325,-61.119333,-0.47167123,7.7043624,-16.62148,0.9285148,0.9881,0.5737,0.1017
gal0_star03433,star,1.2331599,0.397055,144.01892,-212.67614,14.696111,11.294865,7.4541002,0.37276498,0.9862,0.7202,0.2210
gal0_star03434,star,1.4554113,0.741537,-321.46127,463.70592,-12.12521,-7.9617354,-5.1310717,0.064018245,0.9531,0.5208,0.1164
gal0_star03435,star,1.6885913,1.11645,-200.5602,333.45018,-13.594912,-9.5428376,-5.5827163,-0.76728216,0.9930,0.8193,0.4505
gal0_star03436,star,1.3617084,0.711215,-171.39482,114.60933,16.931064,-9.2845201,-13.109303,0.8201375,1.0000,0.3718,0.0149
gal0_star03437,star,0.94462497,0.536925,-1114.7006,-687.73495,10.413219,3.7345624,-5.073609,-0.37484087,0.9991,0.5390,0.1052
gal0_star03438,star,0.5592729,0.571259,-105.33255,714.66764,-10.00069,-8.3590193,-0.83627494,-0.60476669,0.9837,0.9788,0.8243
gal0_star03439,star,1.1511824,0.303869,247.60879,48.166314,24.834483,-3.0890786,14.141635,-0.1418864,1.0000,0.3500,0.0065
gal0_star03440,star,0.95982945,0.43711,-495.39685,-468.12508,5.1059995,6.1628513,-6.7426459,0.068280239,1.0000,0.9653,0.8374
gal0_star03441,star,1.3330468,0.706854,-263.27748,-447.25225,5.6347736,8.3744395,-4.4071649,-0.066413095,1.0000,0.7249,0.2121
gal0_star03442,star,0.81099477,0.346649,362.73482,-1460.694,8.0371024,5.4596944,1.5421372,0.0042279105,0.9909,0.5389,0.1306
gal0_star03443,star,0.6367284,1.05091,-696.24939,-912.24028,-7.2404393,5.1646367,-4.5237414,-0.06676311,0.9684,0.8751,0.4664
gal0_star03444,star,0.69002317,0.966746,-614.49648,292.37349,19.905946,-3.2163282,-7.6261354,0.20850936,0.9902,0.7154,0.2441
gal0_star03445,star,1.777809,0.425651,-430.0954,192.27945,18.685178,-4.8755598,-9.6089272,0.30335526,0.9574,0.3424,0.0293
gal0_star03446,star,0.63477898,0.500091,-161.27394,1147.2725,1.1520272,-6.4814783,-0.71928315,0.099907656,0.9989,0.9043,0.6640
gal0_star03447,star,0.75717559,0.609491,225.53956,-401.82174,9.6367543,9.1758055,5.2195527,-0.46734846,0.9824,0.8903,0.6439
gal0_star03448,star,1.2538386,1.13552,85.979929,-205.70659,7.9031238,14.147961,6.1507358,-0.028612437,1.0000,0.3755,0.0551
gal0_star03449,star,1.9809812,0.913726,-710.08836,185.86559,-9.7819129,-2.2042643,-7.9080783,0.49296154,0.9599,0.9414,0.6547
gal0_star03450,star,0.58833537,0.781803,-69.244306,304.98139,12.409912,-12.403298,-2.9869247,-0.48592782,1.0000,0.8370,0.4402
gal0_star03451,star,1.8866283,0.573376,-191.13775,-506.67502,5.2124616,9.1726427,-3.4910558,-0.037330147,1.0000,0.5358,0.1295
gal0_star03452,star,1.3598403,0.715803,647.15867,347.56271,21.384718,-3.5682128,6.9828474,-0.24625755,1.0000,0.5470,0.1214
gal0_star03453,star,1.2514786,0.361317,-204.87427,703.16324,2.5219537,-8.3769495,-2.3783502,0.19686789,0.9719,0.8467,0.4570
gal0_star03454,star,1.1847204,1.01012,-319.94239,509.77003,18.784792,-7.4101962,-4.8954903,-0.43535126,0.9735,0.7383,0.2418
gal0_star03455,star,0.85825532,0.939629,-14.216381,1370.7453,-5.959453,-6.0770102,0.26743991,-0.082889988,0.9373,0.9173,0.6333
gal0_star03456,star,0.79183761,0.95747,-250.57725,1130.6844,11.222975,-6.3138248,-1.4312824,0.143987,0.9923,0.9489,0.8331
gal0_star03457,star,1.5602457,0.563282,470.40907,675.55286,9.0163662,-6.5139553,4.3192671,0.13043857,1.0000,0.5515,0.0945
gal0_star03458,star,1.8670466,1.08408,390.2351,-1247.3845,-9.7594531,5.920355,1.9107639,-0.15556793,0.9825,0.9481,0.8344
gal0_star03459,star,0.80656838,0.698581,240.74806,55.947368,27.617549,-4.5338369,14.370425,0.14067732,0.9972,0.7383,0.2297
gal0_star03460,star,1.0666303,0.35081,-360.66195,234.31174,-29.965051,-5.8503157,-8.9817627,0.54410666,0.9831,0.8964,0.6230
gal0_star03461,star,0.7471712,1.07769,-204.15496,111.07247,-13.993949,-6.6857492,-13.213427,0.32469782,1.0000,0.8903,0.6397
gal0_star03462,star,0.95877789,1.04177,-21.395596,-384.55641,-10.316499,11.544839,-0.2546773,-0.12551859,0.9800,0.8465,0.4756
gal0_star03463,star,0.83468459,0.704452,-89.128848,716.9502,1.933404,-8.0037745,-0.95326886,0.25175554,0.9983,0.7274,0.2782
gal0_star03464,star,0.85595604,1.00125,1268.5765,-171.70969,12.645876,0.40106747,6.0886669,-0.09791434,0.9879,0.7436,0.2482
gal0_star03465,star,0.5638187,0.776991,-563.33915,-24.73287,-3.2615245,0.43882544,-9.1383836,-0.18114987,1.0000,0.5946,0.1139
gal0_star03466,star,0.8745242,1.0113,-264.64579,69.728726,-11.936575,-3.3393643,-13.898454,-1.2198085,0.9845,0.9245,0.6789
gal0_star03467,star,0.94517649,0.886285,-91.475495,11.782698,-0.6784965,-3.3648721,-24.148268,-0.79762127,0.9952,0.8563,0.4771
gal0_star03468,star,1.2293814,0.65441,-34.670755,-117.62256,-7.5712741,19.088205,-5.9912258,1.0533574,1.0000,0.7954,0.4567
gal0_star03469,star,1.0343004,0.404207,253.11754,63.950202,-18.57651,-3.9542106,13.502826,0.33022651,1.0000,0.9637,0.8285
gal0_star03470,star,0.56799233,0.830515,-1024.5055,-1449.8149,6.7579756,4.4264272,-3.0755555,-0.16391424,0.9839,0.9125,0.6360
gal0_star03471,star,1.9951798,0.717792,850.69724,354.854,4.1503743,-3.3607734,6.7499823,-0.11088837,0.9887,0.9515,0.6779
gal0_star03472,star,1.2319665,1.09884,-132.45427,-264.81992,10.074291,11.396645,-5.6111951,-0.52266489,0.9749,0.9006,0.6470
gal0_star03473,star,0.60663166,0.405021,-17.184908,-144.71386,14.099548,18.385506,-2.2134015,-0.92715294,1.0000,0.5657,0.1048
gal0_star03474,star,1.7124857,0.329291,-665.9477,-565.00853,4.792747,4.9274376,-6.0882338,0.29858521,0.9809,0.8409,0.4415
gal0_star03475,star,1.9445623,0.656034,32.74043,255.85823,9.940256,-13.661582,2.2247947,-0.84915788,0.9847,0.7153,0.2171
gal0_star03476,star,0.81055361,1.06735,-69.415557,-537.19871,5.1986777,10.009549,-1.440694,-0.36959953,1.0000,0.5592,0.1172
gal0_star03477,star,1.5019904,0.657356,514.80298,613.82143,5.2090718,-6.5136527,5.3496376,0.3525382,0.9608,0.9353,0.8079
gal0_star03478,star,1.7636819,0.331154,50.651499,-207.5938,15.139196,15.132214,3.8192628,-0.014529163,1.0000,0.3650,0.0635
gal0_star03479,star,1.3675491,0.603065,236.30141,290.45297,-2.3735439,-8.7851632,6.7111073,-0.21298816,0.9824,0.7120,0.2442
gal0_star03480,star,1.1293267,1.03706,-339.43447,-638.32199,5.2186423,7.0462469,-3.7959959,0.86875629,1.0000,0.7285,0.2267
gal0_star03481,star,1.4658035,1.13748,-230.20914,-488.83553,-5.0057507,8.7453786,-3.675208,0.096894325,0.9669,0.3751,0.0292
gal0_star03482,star,0.64688128,0.94891,-158.60586,-238.49104,-9.6737155,11.420019,-7.6908211,0.2103498,0.9874,0.8914,0.6936
gal0_star03483,star,0.66888516,0.600455,-909.77237,216.03776,-22.544821,-2.058754,-7.2256665,-0.072236669,0.9781,0.3819,0.0395
gal0_star03484,star,1.5286235,0.70641,-792.5322,-42.629006,-12.2722,0.43524814,-7.7592918,0.30992894,1.0000,0.6860,0.2470
gal0_star03485,star,1.4057518,0.440423,744.71303,-600.92243,18.704953,5.0156882,5.3234253,0.29804591,1.0000,0.7054,0.2469
gal0_star03486,star,1.0604021,0.618854,237.21394,-606.59996,10.364432,8.2887747,3.0471271,-0.02428085,0.9866,0.5760,0.1128
gal0_star03487,star,0.75780429,1.11746,634.35728,-83.240254,-1.1456263,1.1199366,8.1669537,-0.10368317,0.9894,0.3877,0.0379
gal0_star03488,star,0.60940262,0.680315,1.0541905,694.58294,16.157909,-8.7732038,-0.05505339,0.16579362,1.0000,0.9746,0.8271
gal0_star03489,star,0.66516427,0.424815,32.374807,-42.768384,-9.3780506,23.113187,18.519908,-1.310337,1.0000,0.5425,0.1002
gal0_star03490,star,0.97563305,0.704801,25.102682,-852.51995,-0.48952425,8.055208,0.052765386,-0.21726653,0.9923,0.5298,0.1033
gal0_star03491,star,0.57743065,0.999569,-320.75359,24.940717,13.651656,-0.88494498,-11.772924,0.512649,1.0000,0.5785,0.1267
gal0_star03492,star,1.7381723,1.08219,556.63988,-209.39146,13.073478,3.33609,8.1567608,-0.091822384,1.0000,0.7244,0.2566
gal0_star03493,star,1.356801,0.375805,340.49322,-137.07954,5.8115209,4.8068748,10.410065,0.50220315,0.9794,0.7454,0.2623
gal0_star03494,star,1.3289005,0.631004,100.94349,-69.581277,6.2277238,11.460361,17.041411,1.0839558,0.9572,0.5409,0.0981
gal0_star03495,star,0.65996461,0.943313,28.927263,224.78443,-3.8227557,-14.35089,2.4216371,0.25632035,1.0000,0.3801,0.0257
gal0_star03496,star,1.9972926,1.01764,778.96661,-264.38358,-16.683016,2.2026621,7.7047085,0.0032558971,1.0000,0.8338,0.4392
gal0_star03497,star,0.5984965,0.989192,621.8344,-100.20684,-3.8428724,0.54105966,8.9006603,-0.0030156357,1.0000,0.3627,0.0381
gal0_star03498,star,0.76398948,0.64724,1531.6394,267.47069,12.219742,-0.98184801,5.4956711,0.39339201,1.0000,0.8427,0.4567
gal0_star03499,star,1.8464442,0.694494,-144.34698,523.72253,-24.786656,-9.3371932,-3.1601476,0.26855292,1.0000,0.7134,0.2534
gal0_star03500,star,0.89672743,0.733392,-227.85535,294.42792,11.840038,-9.3654025,-7.5547232,-0.44977471,1.0000,0.8428,0.4526
gal0_star03501,star,1.3819024,1.00194,-183.50923,-519.77565,-1.7782806,9.0870752,-3.2022967,-0.34951672,1.0000,0.8402,0.4502
gal0_star03502,star,1.6593011,0.989952,-568.30399,859.00031,12.141739,-5.8616997,-3.8070365,-0.053355221,0.9697,0.8540,0.4655
gal0_star03503,star,0.93740103,0.981918,-33.418887,-46.560094,-5.2525135,23.777323,-16.825854,-1.1097221,1.0000,0.4032,0.0456
gal0_star03504,star,1.2629007,0.796644,-480.70356,403.34513,-7.1893184,-6.1670719,-6.6058217,-0.31710084,0.9553,0.9158,0.6284
gal0_star03505,star,1.5285931,0.352559,-444.1825,169.40751,-17.260766,-4.2544679,-9.5046221,-0.58754913,0.9849,0.8114,0.4750
gal0_star03506,star,1.2797398,1.0357,734.15498,-292.07217,-0.49733697,2.6344766,7.5269819,0.042307868,0.9805,0.3740,0.0000
gal0_star03507,star,1.382969,0.388214,-880.9307,648.30362,-1.1322801,-3.8956995,-5.428332,0.20358789,0.9721,1.0000,0.8245
gal0_star03508,star,0.54225033,0.941258,1288.8067,-644.56194,-0.91675035,2.6367579,5.3684236,0.01020509,0.9852,0.8367,0.4464
gal0_star03509,star,0.93625906,1.04455,-786.83728,-43.109626,-4.2272655,0.41801251,-7.7147678,-0.024135848,1.0000,0.9002,0.6344
gal0_star03510,star,1.0453672,0.672881,-82.487774,287.6486,10.442553,-12.566639,-3.8143518,0.14491171,0.9948,0.5465,0.1052
gal0_star03511,star,0.60511219,0.78058,-288.77153,-387.74106,10.765301,7.9560878,-6.1886382,-0.34738949,0.9816,0.8308,0.4275
gal0_star03512,star,1.6755314,0.643285,236.39219,-415.59384,-5.714455,8.4605037,4.5301009,0.87914494,0.9891,0.3904,0.0568
gal0_star03513,star,0.81259981,0.786567,-776.50095,-825.46399,-9.52959,4.3991053,-4.2774713,0.025726336,1.0000,0.3802,0.0476
gal0_star03514,star,1.1835797,0.857726,264.5895,216.15598,11.92091,-7.6390841,9.2747562,0.76106548,1.0000,0.7442,0.2370
gal0_star03515,star,0.84423707,1.11113,-491.06237,56.693133,20.759894,-0.94751492,-9.2804246,-0.39404085,0.9588,0.9506,0.6398
gal0_star03516,star,0.89077703,0.326283,-212.27108,-494.51603,14.876822,8.6226485,-3.8529797,0.68990753,0.9833,0.5489,0.0652
gal0_star03517,star,0.99170473,0.702453,-33.919547,21.200574,13.635604,-20.494951,-31.693377,-0.86787234,1.0000,0.9799,0.8477
gal0_star03518,star,1.2592618,0.568853,-181.94069,740.03738,-9.5202459,-8.2403275,-1.2327856,0.22470297,0.9987,0.7406,0.2759
gal0_star03519,star,0.97688784,0.766664,-477.7593,429.04264,0.97953108,-5.6914908,-7.1123365,0.61553475,0.9900,0.9710,0.8310
gal0_star03520,star,0.8886004,0.523968,-581.68372,-182.31854,17.096541,2.9393599,-8.4537912,-0.34402449,1.0000,0.3820,0.0299
gal0_star03521,star,1.9388337,0.984682,-351.33519,-207.3326,-19.097233,5.5927421,-10.088009,0.3319543,1.0000,0.9779,0.8224
gal0_star03522,star,1.6298926,0.348033,755.69778,-1343.0487,7.2758502,5.0342659,2.7147543,-0.57149347,1.0000,0.8011,0.4195
gal0_star03523,star,0.71925482,0.838183,386.33194,-82.507431,20.10477,2.939268,11.024234,0.27763387,1.0000,0.5618,0.0777
gal0_star03524,star,1.8422132,0.998806,281.01775,158.15777,2.8238235,-5.8602261,11.101347,-0.74353372,1.0000,0.9628,0.8028
gal0_star03525,star,0.98534053,1.02987,-49.110578,272.42132,-29.227843,-12.735537,-1.8876371,0.49227177,1.0000,0.3787,0.0468
gal0_star03526,star,1.1548775,1.05357,-196.11625,119.98457,-3.430056,-8.214612,-12.73839,-0.073498843,0.9885,0.7013,0.2719
gal0_star03527,star,1.0884422,1.14096,1412.9634,1189.462,-4.9515798,-3.5120585,4.1268387,-0.19018991,1.0000,0.3536,0.0225
gal0_star03528,star,1.0173378,0.931324,496.08606,-1210.2442,27.454566,5.7754621,2.2871418,-0.17342763,1.0000,0.8646,0.4278
gal0_star03529,star,1.0971243,1.0432,-767.28665,-408.85383,-13.670773,3.952972,-6.6244369,-0.14147,0.9794,0.7292,0.2454
gal0_star03530,star,0.6745632,0.302466,-382.89277,217.23537,3.9597512,-5.269186,-9.219097,-0.16668159,0.9953,0.8330,0.4420
gal0_star03531,star,1.6335289,0.439782,-320.91166,-341.44137,6.3185392,7.2076003,-7.1026617,0.051530509,1.0000,0.7875,0.4523
gal0_star03532,star,1.2986118,1.00862,423.24356,732.06545,-6.2905909,-6.3752514,3.6006136,0.026224886,0.9993,0.8641,0.4792
gal0_star03533,star,1.0588729,0.618166,-70.175594,700.07581,-10.946136,-8.4742214,-0.92675989,0.25579108,1.0000,0.9222,0.6671
gal0_star03534,star,1.8355851,1.10415,250.16405,-1.3050345,22.461783,0.74686878,15.092966,-0.044608949,1.0000,0.5305,0.0982
gal0_star03535,star,0.65808334,0.783196,-562.27619,-216.19046,-22.715329,3.4821781,-8.7373374,-0.097522872,0.9958,0.3641,0.0522
gal0_star03536,star,0.81660959,0.309387,-502.31468,-1581.7731,-7.5766261,5.3692038,-1.6313095,-0.034583921,1.0000,0.7071,0.2583
gal0_star03537,star,0.90594484,1.08012,-190.53707,-179.13115,-17.189301,10.049239,-11.322744,-0.88597271,0.9986,0.5454,0.1173
gal0_star03538,star,1.3643236,0.385579,86.138201,672.7938,18.63,-8.5841043,0.84686795,-0.09076886,1.0000,0.5403,0.0969
gal0_star03539,star,1.5156171,0.789678,-705.47931,181.34223,21.549518,-1.7541395,-8.4035106,-0.33855414,0.9851,0.7102,0.2163
gal0_star03540,star,0.58737194,0.639402,-947.19404,1126.7717,-4.1756451,-4.1491003,-3.4739887,-0.26964316,1.0000,0.3645,0.0576
gal0_star03541,star,1.1827203,0.617006,-357.15711,-102.39839,-37.063002,4.0503719,-10.521375,0.64695286,0.9806,0.3670,0.0151
gal0_star03542,star,1.9160709,0.600275,440.76022,696.43189,-4.7462266,-6.7143724,4.0703347,0.079198871,0.9919,0.8508,0.4763
gal0_star03543,star,1.3580903,0.900608,-745.62396,417.90902,14.732201,-3.6187778,-6.4302767,0.11384205,0.9945,0.7295,0.2196
gal0_star03544,star,1.8018556,0.942477,173.72302,362.92704,-2.2047304,-10.507103,5.7057656,0.80141012,1.0000,0.9913,0.8168
gal0_star03545,star,1.8487939,0.913697,210.63658,-818.00429,7.4804956,7.5124961,1.9547485,0.27038287,0.9898,0.5751,0.0862
gal0_star03546,star,0.58503491,0.92783,938.76934,-1514.7362,-6.4104532,4.4454105,2.8467603,0.19474716,1.0000,0.5566,0.1011
gal0_star03547,star,1.9017317,1.01203,190.09653,-400.52031,-6.5249613,9.6071137,4.3540799,-0.62226305,0.9667,0.7654,0.2892
gal0_star03548,star,1.9019328,0.3483,-33.895607,-136.66832,-18.744442,18.662329,-5.5504697,0.58810615,0.9889,0.8112,0.4701
gal0_star03549,star,1.4098464,0.471422,-721.04578,157.84362,10.358072,-1.78982,-7.9746065,0.25566753,0.9933,0.5852,0.0987
gal0_star03550,star,1.6434255,0.893504,62.983572,23.578546,26.611384,-8.1106377,23.9377,0.22959199,0.9992,0.3925,0.0270
gal0_star03551,star,1.0743403,0.857756,-302.55592,-316.99768,3.6976495,7.7498418,-7.386255,0.043908518,0.9869,0.7513,0.2223
gal0_star03552,star,0.86384078,0.785345,-159.08708,-58.949439,13.259024,6.1742666,-16.711815,0.23767417,0.9536,0.8684,0.6447
gal0_star03553,star,0.57368196,0.749963,-525.16948,-1055.3841,32.263041,5.6537183,-3.0443016,-0.43259529,0.9988,0.8964,0.6721
gal0_star03554,star,0.5753171,0.396789,27.961529,-34.407665,21.063431,26.367644,21.864009,-1.2974787,1.0000,0.7499,0.2502
gal0_star03555,star,1.8657305,0.923037,-485.09735,96.521704,20.449696,-2.6979173,-9.5512732,0.13452136,1.0000,0.3747,0.0310
gal0_star03556,star,0.70927601,0.53019,-367.41053,-97.825179,4.6471699,3.2442571,-11.591854,0.0048480381,0.9938,0.9803,0.8004
gal0_star03557,star,0.79704458,0.672661,-309.73005,914.78386,-15.681183,-6.5822544,-1.8868375,0.25362941,0.9817,0.3909,0.0199
gal0_star03558,star,1.911157,0.467701,459.08963,35.962481,16.094386,-0.36557605,10.085565,0.13678106,1.0000,0.9012,0.6423
gal0_star03559,star,1.1735383,0.413696,271.68771,251.79973,-5.0780392,-7.8994078,8.5724495,0.25799061,0.9779,0.4074,0.0740
gal0_star03560,star,1.3188764,0.334559,-452.01537,208.55299,-3.0022119,-3.7177439,-9.1947548,-0.096664155,0.9971,0.8336,0.4285
gal0_star03561,star,1.2591915,1.14951,-216.22188,96.984076,-20.125777,-6.2196391,-13.335737,-0.44234187,1.0000,0.6925,0.2506
gal0_star03562,star,1.0006877,0.513303,12.217254,925.25681,-6.681971,-7.5181978,-0.084519732,0.38671422,0.9896,0.7254,0.2897
gal0_star03563,star,0.67640248,0.491805,345.74028,465.62511,-1.5704111,-6.5429995,5.7188341,-0.020687821,0.9795,0.8154,0.4595
gal0_star03564,star,1.8018067,0.91446,-26.386932,496.15925,-10.923678,-10.696056,-0.69597186,-0.83378627,0.9829,0.9737,0.8188
gal0_star03565,star,1.1092952,1.05168,-47.045882,-799.05738,2.2763453,8.2632894,-0.10492696,-0.36912128,1.0000,0.6950,0.2406
gal0_star03566,star,1.7532105,1.03906,365.62754,-577.51652,9.555208,7.6322416,4.2904784,0.11365314,0.9705,0.9877,0.8153
gal0_star03567,star,1.1047123,0.363543,-1130.0395,-502.1207,-15.165869,2.6156578,-5.9325034,0.017103045,0.9842,0.8686,0.4468
gal0_star03568,star,1.5667333,1.01606,419.63533,-50.09088,20.302931,2.4499381,11.117843,0.44932091,1.0000,0.9710,0.8021
gal0_star03569,star,1.1373801,0.801462,217.08631,266.06789,27.608287,-9.4276705,7.8099278,-0.39805265,1.0000,0.6984,0.2761
gal0_star03570,star,1.0061325,0.589825,-1587.8464,-526.34124,8.6844646,1.9302396,-5.0911522,0.17996495,0.9851,0.4036,0.0366
gal0_star03571,star,1.9345591,0.572111,-1329.585,353.29068,-6.4833664,-1.459657,-5.7091441,-0.18732809,1.0000,0.7577,0.2609
gal0_star03572,star,1.3387606,0.399354,-171.16035,-67.021435,-12.944038,6.6110215,-15.463149,0.17210746,0.9929,0.9587,0.8167
gal0_star03573,star,0.90912389,0.922638,444.90551,66.485021,15.780913,-1.5267775,10.411937,-0.072602126,1.0000,0.7305,0.2534
gal0_star03574,star,1.2250646,0.49585,-522.28842,410.18174,13.8124,-5.3403181,-6.8114533,-0.35525772,1.0000,0.5573,0.1344
gal0_star03575,star,0.91936173,0.367555,-41.00314,-832.38855,-15.01347,7.9070932,-0.33380743,0.14331566,1.0000,0.7200,0.2611
gal0_star03576,star,0.7377885,0.49725,-230.18412,-470.4984,-7.8048408,9.1090533,-4.785759,-0.23936999,1.0000,0.7501,0.2591
gal0_star03577,star,0.51712216,0.466601,-158.40606,-210.63807,-4.5643732,11.404384,-8.4594726,0.44072751,0.9963,0.5286,0.0878
gal0_star03578,star,1.9077985,0.956715,381.07396,-91.45997,-11.732218,2.2087965,11.113434,0.71006668,1.0000,0.9648,0.8113
gal0_star03579,star,1.5020711,0.641604,-511.05681,380.82671,0.39517463,-5.3391773,-7.0983069,-0.19447913,1.0000,0.3345,0.0746
gal0_star03580,star,1.2959674,0.795004,-166.16174,-765.39288,27.087737,8.2468583,-1.6866456,-0.65663825,0.9885,0.7645,0.2195
gal0_star03581,star,1.765327,0.783938,-65.3106,1147.229,5.9747399,-6.4839308,-0.76324268,-0.083882449,0.9716,0.5627,0.1108
gal0_star03582,star,1.4729087,0.776817,603.97272,-161.04705,1.8136907,2.7541221,8.6796539,-0.096236571,0.9902,0.5500,0.1028
gal0_star03583,star,0.70889294,0.648643,-706.06522,487.09703,4.1982103,-4.1506461,-6.475915,-0.030093665,1.0000,0.3652,0.0211
gal0_star03584,star,1.3169216,1.07304,226.35833,286.25361,-16.677754,-9.3592037,7.1048011,0.54240124,1.0000,0.5765,0.0676
gal0_star03585,star,0.53844144,1.02275,80.069292,70.441354,-24.444097,-13.008748,15.987718,0.26096343,0.9656,0.9320,0.8184
gal0_star03586,star,0.87485347,1.05849,-29.773612,110.79104,-16.537016,-19.677446,-4.8373114,0.068843496,0.9690,0.9560,0.8136
gal0_star03587,star,0.53117291,0.780671,-131.01347,-316.93909,5.7297932,10.974867,-4.8801842,0.20577226,1.0000,0.7204,0.2687
gal0_star03588,star,0.62402929,0.623252,357.376,-146.48776,-3.5667337,5.3624552,11.039142,0.68124721,1.0000,0.9405,0.6555
gal0_star03589,star,1.192431,1.06548,-1815.7686,235.89602,-9.1010269,-0.58226189,-5.2284703,0.47019809,1.0000,0.7097,0.2384
gal0_star03590,star,1.0743592,0.477211,-79.980302,317.84943,-3.8580699,-12.132691,-2.6884852,0.18566561,0.9986,0.3776,0.0000
gal0_star03591,star,1.1368473,0.582834,804.65358,549.63603,7.5864087,-3.9849219,5.5372681,-0.21635664,0.9845,0.8516,0.4283
gal0_star03592,star,1.1774838,0.538884,1423.2326,1180.8701,9.4877956,-3.5818727,3.6002919,-0.23168805,1.0000,0.9972,0.7892
gal0_star03593,star,1.2962512,1.01794,-485.67332,632.50934,21.19548,-6.2798905,-4.658165,0.09548461,0.9786,0.5661,0.0527
gal0_star03594,star,0.7889781,0.471222,-44.68557,471.36093,-0.8594131,-10.952456,-0.55478718,0.29056185,1.0000,0.8903,0.6909
gal0_star03595,star,1.9662693,0.33786,-490.15914,-447.71133,-10.223022,6.7124479,-6.3868298,0.29829223,0.9554,0.9723,0.8095
gal0_star03596,star,1.0532658,1.00141,369.06266,-592.46255,9.921454,7.2971961,4.5512251,0.15736931,0.9819,0.7058,0.2329
gal0_star03597,star,1.6616129,0.653305,654.61184,384.32238,14.083758,-4.0313661,6.7554092,-0.53832414,0.9815,0.7296,0.3007
gal0_star03598,star,1.5659397,0.751165,459.4739,229.85228,-12.436997,-4.1361173,8.6908071,0.25529371,0.9920,0.9016,0.6428
gal0_star03599,star,1.3957331,0.877546,-665.43784,-541.82851,-25.086756,4.6039146,-6.087803,0.05377679,0.9858,0.7344,0.2532
gal0_star03600,star,1.5412805,0.628743,729.33919,996.08456,13.539037,-5.607503,3.9689407,0.16859709,1.0000,0.9263,0.6248
gal0_star03601,star,1.5141418,0.993446,-678.39791,1034.9705,-21.398694,-4.9696609,-3.4259177,-0.32614901,1.0000,0.9550,0.6537
gal0_star03602,star,1.1580011,0.567158,465.96436,-291.36904,-2.8572653,5.122287,7.567996,0.283062,1.0000,0.8264,0.4088
gal0_star03603,star,1.2408242,0.651879,23.483045,-184.53947,2.8306124,16.232322,2.4774376,-0.2357651,0.9753,0.7143,0.2629
gal0_star03604,star,0.80452503,0.414079,198.99445,-17.314663,25.171636,1.2069923,15.821747,-1.0990805,1.0000,0.7104,0.2633
gal0_star03605,star,0.95632003,1.02479,-416.4494,237.77462,-11.457056,-5.0163627,-8.9361824,-0.19521446,1.0000,0.9189,0.6550
gal0_star03606,star,1.5413826,0.514539,-169.18564,-504.06051,-3.5895463,9.1073201,-3.2048867,0.056131625,1.0000,0.9498,0.7776
gal0_star03607,star,1.7563516,0.783799,-115.50342,-286.94893,5.4552004,12.150781,-5.1559967,0.054525856,0.9646,0.8622,0.4890
gal0_star03608,star,1.1621044,0.394688,-139.43389,715.44254,-24.244972,-8.0804237,-1.9248539,0.35659566,0.9957,0.7997,0.4838
gal0_star03609,star,0.97048069,0.954007,37.453395,472.24324,3.4158253,-9.9303928,0.68331578,0.26842339,1.0000,0.9368,0.6735
gal0_star03610,star,1.7628048,0.406619,-416.48171,220.78867,-17.109904,-4.9902852,-8.8317245,0.39531729,0.9803,0.9324,0.6555
gal0_star03611,star,0.77413097,0.322451,472.11075,-552.97376,-17.141696,5.9468905,5.1673144,0.043105217,1.0000,0.8457,0.4681
gal0_star03612,star,0.68442779,0.890183,280.8679,810.80056,-5.2150829,-7.0434388,2.4239848,-0.42019612,1.0000,0.9623,0.8288
gal0_star03613,star,1.9841347,0.611282,284.16169,-169.59783,-9.3038102,6.3114725,10.270091,-0.33518841,0.9971,0.9461,0.8062
gal0_star03614,star,1.9241176,0.836418,243.33506,44.150639,19.944957,-1.665863,13.759733,-0.91137218,0.9380,0.3643,0.0074
gal0_star03615,star,1.6950702,1.08085,-34.156163,266.4368,3.6194146,-14.534328,-2.4450616,0.59354496,0.9879,0.9736,0.8635
gal0_star03616,star,1.9930114,0.648418,-362.03283,-138.76021,-23.233464,4.2622449,-10.595625,-0.46684463,0.9986,0.9289,0.6444
gal0_star03617,star,1.7627206,0.779415,-164.90379,-120.55726,0.25336975,9.1244279,-13.197171,0.15898438,1.0000,0.9612,0.8103
gal0_star03618,star,1.0935571,0.332556,454.90203,62.112316,2.9156322,-1.7102108,9.608626,-0.35194149,1.0000,0.3846,0.0374
gal0_star03619,star,0.70431861,0.906442,-83.73055,-1014.5403,-19.338548,6.7824345,-0.70191409,-0.04828827,0.9909,0.5283,0.1365
gal0_star03620,star,0.91496507,0.828148,-1596.2276,195.12455,-14.141471,-0.71119727,-5.8324074,-0.088186307,1.0000,0.9019,0.6434
gal0_star03621,star,1.1087607,0.976298,-98.344789,-1651.2328,-5.7457021,5.2697278,-0.31493431,-0.12686448,1.0000,0.9825,0.8401
gal0_star03622,star,0.68750522,0.311402,546.62077,529.00519,19.422394,-5.8415307,6.3735948,-0.2732659,1.0000,0.8344,0.4609
gal0_star03623,star,1.3472308,0.944934,187.07038,-214.81691,-27.980886,10.09048,8.3955316,-0.37468303,0.9565,0.8232,0.4644
gal0_star03624,star,0.96517107,0.841496,-326.33119,445.18375,9.7916405,-7.5362753,-5.4788865,-0.29571538,1.0000,0.9621,0.8419
gal0_star03625,star,1.7355882,0.41208,-154.06947,328.11892,-0.031189704,-11.040568,-4.7141586,-0.082767364,0.9994,0.7044,0.2436
gal0_star03626,star,0.60427988,0.979823,874.02941,183.89326,6.4992769,-1.5798261,7.1495952,0.029895432,1.0000,0.4007,0.0380
gal0_star03627,star,1.4501513,0.914338,664.85391,71.553728,-9.7689824,-0.47437424,9.0090221,-0.00089840309,0.9972,0.8296,0.4576
gal0_star03628,star,0.83236791,1.1447,384.16556,-94.950207,-10.461552,2.343014,10.93808,-0.61361724,0.9763,0.3858,0.0251
gal0_star03629,star,1.3703262,0.612664,260.79992,155.83664,-6.8034429,-7.0968772,11.418828,0.012416935,0.9998,0.5518,0.1112
gal0_star03630,star,1.3617721,0.537755,493.10888,-793.91234,7.3351557,6.3639631,4.4213396,0.12276636,1.0000,0.7081,0.2190
gal0_star03631,star,1.6581476,0.446166,631.83174,-443.03201,9.5600601,4.6414887,6.327265,0.099188724,1.0000,0.5485,0.0836
gal0_star03632,star,0.99981744,0.546052,-164.15877,-169.75983,19.713583,10.531762,-9.2896876,0.40355421,1.0000,0.9613,0.8097
gal0_star03633,star,0.7756391,0.5736,-938.41469,132.69302,6.3466404,-1.2481813,-7.5718363,-0.17036035,0.9995,0.8928,0.6302
gal0_star03634,star,1.6629397,0.962411,198.50989,-11.185632,10.566433,0.39898926,16.288362,0.63945224,0.9857,0.3830,0.0392
gal0_star03635,star,1.2281371,0.486348,-328.54161,-662.70189,5.80962,7.4304132,-3.4928713,0.031138322,0.9794,0.9750,0.8271
gal0_star03636,star,0.79846702,0.851061,-330.94191,-17.386305,-45.923541,0.89496176,-12.344216,0.11143559,0.9886,0.3502,0.0391
gal0_star03637,star,1.4708415,0.329247,-162.80869,-161.43884,2.9768712,9.8917063,-10.549631,0.085544322,1.0000,0.8426,0.4591
gal0_star03638,star,1.6746618,0.996644,-406.64387,682.50307,-13.098625,-6.566968,-3.7782524,-0.004618843,1.0000,0.8535,0.4184
gal0_star03639,star,1.5952614,0.42901,-720.68103,109.37057,9.6324416,-1.111046,-8.6975399,-0.15295806,1.0000,0.5448,0.1212
gal0_star03640,star,0.99276485,0.418064,101.7482,120.62123,20.588824,-13.514475,11.807736,-0.83267083,1.0000,0.8162,0.4778
gal0_star03641,star,1.3566255,0.943644,-256.62453,-396.6972,10.963936,8.5267082,-6.0592857,0.28808625,0.9733,0.4030,0.0618
gal0_star03642,star,1.109943,0.768698,1393.3801,-866.96358,-8.8544429,2.7866523,4.6757876,-0.31468118,0.9628,0.7319,0.2395
gal0_star03643,star,1.9524453,0.684739,267.48175,544.08695,10.535617,-8.0313685,3.4252415,0.03549749,1.0000,0.8207,0.4590
gal0_star03644,star,1.2321628,0.973207,232.74945,42.727228,-3.873486,-3.3116193,13.715666,-0.067260921,0.9469,0.5447,0.1581
gal0_star03645,star,1.6279557,0.492003,-320.57331,-1822.0134,3.0158948,4.583677,-0.73048747,0.34023051,1.0000,0.7453,0.2591
gal0_star03646,star,0.52132207,0.785867,-97.842317,-541.57913,-6.2723798,8.9617496,-1.6064989,0.38089257,0.9804,0.7207,0.2573
gal0_star03647,star,1.7441663,0.485038,37.257191,-401.81699,10.365156,10.764299,0.26427593,0.089166681,0.9618,0.5323,0.1160
gal0_star03648,star,0.56934449,1.02228,287.56567,-169.30366,17.580897,6.3594464,10.237874,0.050888641,0.9790,0.7186,0.2481
gal0_star03649,star,1.99414,1.08033,-385.74012,-856.66524,-2.1643685,7.3377425,-2.4111745,-0.31808171,1.0000,0.9457,0.6495
gal0_star03650,star,0.94781635,0.365637,-576.21085,-125.48914,5.0617084,1.9663623,-9.3424079,-0.0187477,1.0000,0.8343,0.4781
gal0_star03651,star,0.52743079,0.302972,577.02182,842.12565,-4.4112767,-5.9631695,3.8713035,0.010443663,1.0000,0.9785,0.8273
gal0_star03652,star,1.1235366,0.801676,-533.40061,820.2123,-3.3172208,-5.4362077,-3.481455,-0.20117394,0.9794,0.7170,0.2155
gal0_star03653,star,0.57493125,0.605256,-40.264196,-62.577635,27.761526,20.782491,-14.201829,-1.5175009,0.9887,0.5931,0.1107
gal0_star03654,star,1.2873321,0.31307,1293.2303,279.50688,-8.1548548,-1.0673629,6.4580044,0.032818731,0.9701,0.6941,0.2470
gal0_star03655,star,0.63143997,0.843896,84.037174,136.97457,27.269796,-15.197751,9.2981082,1.004321,0.9836,0.8322,0.4405
gal0_star03656,star,0.57399252,0.301788,-355.54664,-269.69083,1.2520857,7.0060142,-7.8834489,-0.41950183,0.9898,0.5518,0.1106
gal0_star03657,star,0.95260865,0.402955,-1162.266,143.37727,9.6942324,-1.0008855,-6.4869355,-0.070293023,0.9914,0.9102,0.6240
gal0_star03658,star,1.844867,1.14306,-795.94005,426.3593,1.2572498,-3.3365493,-6.5145308,0.21802578,1.0000,0.8402,0.4347
gal0_star03659,star,1.4469541,0.522846,176.68427,-43.014827,14.778474,3.5022713,16.229972,-0.051555974,1.0000,0.3719,0.0033
gal0_star03660,star,1.8576421,0.475604,238.5749,-831.01574,-6.150901,7.019277,1.858504,-0.034449386,1.0000,0.5792,0.1067
gal0_star03661,star,0.75584839,0.879198,-38.477874,-591.1987,11.994471,9.1329875,-0.50071908,0.26857946,0.9878,0.8417,0.4456
gal0_star03662,star,1.9317251,0.647264,-163.60614,-67.63488,3.849119,6.8905477,-16.179199,1.3872013,0.9915,0.6900,0.2626
gal0_star03663,star,1.5042109,0.853639,435.59554,393.2367,-23.111578,-6.3056511,7.2298518,0.086480837,1.0000,0.7177,0.2408
gal0_star03664,star,1.8994937,1.05226,126.61938,400.79996,-23.540835,-10.32348,3.4651838,-0.047225217,1.0000,0.8351,0.4867
gal0_star03665,star,1.2034366,0.412393,110.57114,147.82469,28.658633,-12.652874,10.468783,-1.1557699,1.0000,0.8535,0.3961
gal0_star03666,star,1.4160614,0.740621,500.95383,-543.12581,22.049122,6.0097405,5.2515165,0.29960549,1.0000,0.8848,0.4380
gal0_star03667,star,1.2778867,0.854011,-185.40178,-52.249917,-31.237711,4.5452913,-14.636577,0.70977905,0.9644,0.9180,0.6306
gal0_star03668,star,0.60586029,0.724309,442.56273,77.938696,10.506768,-1.2422768,10.292564,0.19154205,1.0000,0.8854,0.6496
gal0_star03669,star,1.2750683,0.567029,-731.98902,76.149671,0.83721835,-0.63286328,-7.9028737,-0.14038872,0.9805,0.9640,0.8520
gal0_star03670,star,1.4215703,0.795504,-250.90766,303.35669,-5.2412018,-8.998237,-8.2993937,-0.38484789,0.9701,0.9482,0.8145
gal0_star03671,star,0.78838947,0.937345,1533.9513,-1032.6928,-20.315134,3.3249292,4.5065744,0.011127105,1.0000,0.8894,0.6400
gal0_star03672,star,0.82581096,0.384941,-880.20457,626.93729,28.294031,-3.7517377,-5.6683479,0.076663521,0.9983,1.0000,0.8135
gal0_star03673,star,1.2382624,0.61586,417.79932,338.05572,0.36698208,-5.3956017,7.038777,-0.26942883,1.0000,0.5814,0.1103
gal0_star03674,star,1.544068,0.689504,239.93668,215.89671,-8.5246986,-9.3646159,10.208091,0.60278634,1.0000,0.7160,0.2275
gal0_star03675,star,1.8977481,0.408788,1063.7304,425.29385,1.9310797,-2.3329289,6.1885687,-0.13639377,1.0000,0.3660,0.0282
gal0_star03676,star,1.2234639,0.882461,-351.72463,-234.0011,10.915394,6.1365478,-9.3715243,0.40496868,0.9817,0.3891,0.0594
gal0_star03677,star,1.0689871,0.440272,642.92709,-91.541716,-8.1950792,1.466594,8.400593,-0.032583605,1.0000,0.9967,0.8366
gal0_star03678,star,0.86314092,0.51433,281.65376,-178.6002,15.441031,7.1862723,9.8558059,0.042354131,1.0000,0.9336,0.8099
gal0_star03679,star,0.88563001,0.409814,-8.7029639,-1025.103,-14.106751,7.365026,-0.35591667,-0.027250118,1.0000,0.7256,0.2443
gal0_star03680,star,1.4093667,0.813721,-50.629592,274.53701,-0.45697503,-13.500798,-3.0767554,-0.37215376,0.9874,0.9485,0.8165
gal0_star03681,star,0.52163286,0.968381,373.25232,-600.16341,24.090728,7.5251619,4.4279601,-0.090929986,0.9700,0.9003,0.6462
gal0_star03682,star,0.99647595,0.624667,371.87748,-369.68793,15.41908,6.7788235,7.4547228,-0.21622182,0.9939,0.5341,0.0909
gal0_star03683,star,1.9868446,0.367089,-3.14057,-167.17541,10.489758,17.538636,-0.19375917,-0.68759957,0.9593,0.5537,0.0887
gal0_star03684,star,1.7762468,0.528621,214.12682,-4.1265567,2.8244774,-0.47469938,15.244882,0.42214846,1.0000,0.5403,0.1122
gal0_star03685,star,0.55026695,0.712923,35.039684,213.12779,-11.805755,-15.233326,1.3572731,0.80983534,0.9937,0.3516,0.0111
gal0_star03686,star,0.96463702,0.731079,575.91725,858.36543,1.5379787,-5.897075,3.6474157,0.10382245,1.0000,0.9738,0.7974
gal0_star03687,star,1.4544633,0.31581,-145.04189,-55.450935,-5.4692271,5.7707519,-16.995616,-0.67302132,0.9891,0.9697,0.8122
gal0_star03688,star,1.0796292,1.11152,-22.516864,-142.43111,-30.307112,18.70863,-2.1607405,-0.36080641,1.0000,0.8391,0.4353
gal0_star03689,star,0.92654466,0.482566,250.55559,301.59338,-7.3761819,-9.433512,7.6695344,-0.78850925,0.9848,0.8252,0.4961
gal0_star03690,star,1.3461754,0.952543,-247.79694,-702.86167,-1.9592507,7.5309031,-2.9641296,0.13690183,0.9861,0.3300,0.0274
gal0_star03691,star,1.1263004,1.06365,9.8061668,-595.09893,5.7704354,9.3451195,0.20929494,0.045370412,0.9799,0.5473,0.0919
gal0_star03692,star,0.86435021,1.01305,-15.821338,922.82114,-4.1119146,-7.6176838,-0.074965788,0.10043816,1.0000,0.4001,0.0044
gal0_star03693,star,1.3406811,0.750914,244.13543,566.28114,-3.425924,-7.8318665,3.4274995,0.14865632,0.9869,0.9539,0.8076
gal0_star03694,star,0.67664081,0.448892,227.74524,34.965124,-17.952143,-2.1932052,14.773924,-0.1426946,1.0000,0.8104,0.4351
gal0_star03695,star,1.2355522,0.862216,975.28138,676.72972,-16.024957,-3.9977349,5.3728459,0.27492122,0.9828,0.3927,0.0591
gal0_star03696,star,1.3444927,0.819576,883.834,274.92492,11.809345,-1.8877054,6.6856278,0.17683844,0.9773,0.3920,0.0048
gal0_star03697,star,1.1514938,0.463149,581.77394,-190.08466,7.8420714,2.4363499,8.8054729,0.1057868,1.0000,0.5816,0.0771
gal0_star03698,star,0.79204546,0.975527,437.7126,280.72875,-16.105232,-5.0178426,8.5362861,0.56528181,1.0000,0.9445,0.6371
gal0_star03699,star,0.61075202,0.417326,236.85538,239.45448,-7.5927069,-9.065631,8.2857896,0.22964858,1.0000,0.3534,0.0104
gal0_star03700,star,1.3741656,1.01437,81.903757,39.411793,36.583633,-9.928767,19.650268,-0.33649951,1.0000,0.5509,0.1274
gal0_star03701,star,0.5604871,0.663196,-23.039848,87.695126,-18.042806,-22.468185,-5.743613,-0.70831167,1.0000,0.8315,0.4851
gal0_star03702,star,1.4953821,0.634101,-160.94031,-34.989366,-1.8164921,4.3803351,-16.53366,0.072307716,1.0000,0.5776,0.0706
gal0_star03703,star,0.83752675,0.6249,-131.69548,746.78716,-5.2042809,-7.7148262,-1.334149,-0.35163134,0.9696,0.9474,0.8310
gal0_star03704,star,0.75331384,0.970627,-73.385054,530.02619,10.552948,-9.5384531,-1.0864119,-0.84941339,1.0000,0.5518,0.1032
gal0_star03705,star,1.01696,0.857809,425.79131,-796.08486,-8.3851289,6.4372754,3.2113975,-0.25610687,0.9975,0.9083,0.6590
gal0_star03706,star,1.6552765,0.88553,-422.86315,1110.6912,-5.2902346,-5.6320231,-2.2943583,-0.022122278,0.9976,0.7173,0.2424
gal0_star03707,star,0.82672184,0.476433,-169.24828,-79.586578,20.820863,6.2948082,-13.62327,-0.56393274,0.9809,0.3893,0.0383
gal0_star03708,star,1.1681435,0.795307,1421.8828,-352.80376,3.7765723,1.4151058,5.3702786,-0.31984543,1.0000,0.6808,0.2847
gal0_star03709,star,0.60876362,0.627489,-725.11363,-376.87974,-21.028889,3.4324426,-7.1748758,-0.16843559,1.0000,0.6760,0.2892
gal0_star03710,star,0.5005574,0.647991,-558.86942,-143.84237,-1.6277503,1.9755218,-9.2185294,-0.017507299,0.9779,0.9603,0.8310
gal0_star03711,star,1.3180327,0.475431,314.37298,-601.23252,0.30072167,8.0185922,3.9098984,0.4969393,0.9843,0.3650,0.0083
gal0_star03712,star,0.5149935,0.305876,-88.540158,926.04581,-2.9171758,-7.6149373,-1.0702448,-0.13429623,1.0000,0.3764,0.0531
gal0_star03713,star,1.9460696,0.857605,-18.512655,-149.15325,-0.80996556,18.975051,-3.0837889,0.30853556,0.9795,0.7361,0.2055
gal0_star03714,star,1.8020143,1.14707,-713.41446,170.39981,-31.29704,-1.8472287,-8.2096634,0.31076944,1.0000,0.5796,0.1026
gal0_star03715,star,0.51167096,0.428517,-1588.9104,176.75366,8.6728255,-0.87892147,-5.4815893,-0.11850216,0.9859,0.3586,0.0096
gal0_star03716,star,1.0657139,0.335643,526.33339,-502.17018,13.945698,5.9508975,5.8897769,0.087168582,0.9824,0.5882,0.1141
gal0_star03717,star,0.81495241,0.556969,-156.82103,-90.78661,0.67252466,9.4830158,-15.040827,-0.022509549,1.0000,0.4308,0.0377
gal0_star03718,star,0.81051321,1.01443,114.5455,-209.78389,-0.56460527,12.930451,6.9927395,-0.56431114,0.9678,0.7471,0.2428
gal0_star03719,star,1.6438754,0.909589,-451.07995,450.54916,7.3134435,-6.4874288,-5.8615469,0.19406315,1.0000,0.5808,0.1075
gal0_star03720,star,0.59171857,0.512869,932.15135,758.12717,13.900623,-4.317531,5.7004001,0.0205576,0.9697,0.8324,0.4225
gal0_star03721,star,1.4101821,0.440176,-354.20534,-219.3495,-3.8368051,6.3933272,-8.9213526,0.46039533,0.9796,0.3524,0.0552
gal0_star03722,star,1.8592519,0.362602,-30.851683,931.89081,-5.4016009,-7.3863932,-0.79307104,-0.17175911,0.9782,0.3716,0.0091
gal0_star03723,star,0.75411406,0.925785,282.72074,567.53998,6.919978,-7.9818244,4.9106829,-0.10366548,1.0000,0.9247,0.6417
gal0_star03724,star,1.2534984,0.309158,20.550648,-34.317209,9.9720148,29.898593,17.786084,-2.3146279,0.9660,0.3764,0.0363
gal0_star03725,star,1.6153697,0.580544,52.328505,19.428007,-6.0460988,-10.906264,26.636962,0.46466468,0.9956,0.9149,0.6928
gal0_star03726,star,1.2683206,0.737538,-285.8687,-390.00118,-26.561285,7.8163751,-5.8854583,-0.12123195,0.9601,0.8984,0.6470
gal0_star03727,star,0.60630804,0.357004,-54.067672,-334.33136,-5.2037504,11.416228,-1.1920578,0.30999993,0.9574,0.5712,0.1257
gal0_star03728,star,1.7935359,0.923163,153.39591,-234.78035,10.051914,11.832394,7.8931345,-0.034639042,0.9720,0.7173,0.2604
gal0_star03729,star,0.86643888,0.445295,88.480931,-52.925384,-5.9632664,10.772022,19.489194,0.17885781,0.9975,0.9612,0.8284
gal0_star03730,star,1.867687,0.963783,-472.7312,129.41842,8.4119202,-2.9274663,-10.134125,-0.52347029,1.0000,0.5607,0.1070
gal0_star03731,star,1.362113,0.870695,-202.47323,118.2754,8.8938311,-7.1671829,-13.096096,0.43743558,1.0000,0.7017,0.2561
gal0_star03732,star,0.6278379,1.14954,69.782661,-404.81543,7.0098017,11.185523,1.2148203,-0.58985816,1.0000,0.3950,0.0390
gal0_star03733,star,1.6065173,0.847411,439.44104,315.71834,-20.686113,-5.3022515,8.0122659,0.021267236,0.9814,0.7207,0.2655
gal0_star03734,star,1.4443825,0.529194,-324.25256,488.94469,7.017865,-8.0319934,-5.0276566,-0.14451293,0.9826,0.5748,0.0998
gal0_star03735,star,0.862232,0.421146,-47.374844,272.67525,-14.401411,-13.080295,-1.8228435,0.029536001,1.0000,0.9515,0.6118
gal0_star03736,star,1.5941378,0.754789,677.0743,-375.12362,23.353303,3.8622921,6.8639004,0.087047712,0.9988,0.9696,0.8387
gal0_star03737,star,0.62246783,0.869503,383.55486,741.17002,2.8093065,-7.641529,3.4455587,0.27295553,0.9905,0.5286,0.0681
gal0_star03738,star,1.3573426,1.05249,54.948708,-184.34339,-3.1049101,16.102702,5.0636405,0.48837008,0.9914,0.7351,0.2245
gal0_star03739,star,0.53515765,0.545135,-26.20319,489.47776,-17.388969,-10.516091,-1.3625858,0.66860262,1.0000,0.8285,0.4274
gal0_star03740,star,0.90189,0.834066,-424.67326,197.45164,-41.470554,-4.0016075,-9.2148782,0.1987374,1.0000,0.5468,0.0868
gal0_star03741,star,1.7955591,0.592762,643.55392,-425.00328,-0.70115338,4.3375691,6.6627306,-0.49875144,0.9867,0.7457,0.2671
gal0_star03742,star,1.0731656,0.581364,582.96551,489.47507,5.2042131,-4.8343174,6.5362896,0.19016413,0.9811,0.6965,0.2548
gal0_star03743,star,1.4406323,1.05048,721.22956,1544.6807,9.3094826,-5.1197293,2.1695763,-0.31613451,0.9883,0.9818,0.8540
gal0_star03744,star,0.83726648,0.895249,204.90127,1523.7749,12.051376,-5.5273031,0.67814485,-0.072670248,1.0000,0.8449,0.4276
gal0_star03745,star,0.72575057,0.71821,840.75662,-550.02592,-18.175111,4.0407855,5.9071348,-0.64700363,1.0000,0.5635,0.0937
gal0_star03746,star,1.4423409,0.385163,184.37243,1083.7211,26.780974,-6.6552311,1.2883457,0.21745845,1.0000,0.8351,0.4325
gal0_star03747,star,1.8062915,0.406918,638.71107,402.78136,-16.530065,-4.5060176,7.0215717,-0.16141585,1.0000,0.7572,0.2597
gal0_star03748,star,1.9270493,1.10043,-511.46817,-1059.4294,4.4170603,5.7908852,-2.4310231,-0.30239687,1.0000,0.9378,0.6560
gal0_star03749,star,1.4343795,0.879047,-378.09794,-894.07998,-19.757434,6.4754201,-2.6690189,-0.1748678,1.0000,0.7193,0.2200
gal0_star03750,star,0.97397769,1.12483,-578.91968,-149.80465,-2.7990516,1.9125124,-9.1208842,-0.21550153,0.9981,0.9159,0.6523
gal0_star03751,star,1.6265845,0.507253,785.68515,-258.48064,-6.6718681,2.5535675,7.4195353,0.012450537,0.9960,0.9785,0.8026
gal0_star03752,star,1.4345109,0.987253,68.534757,-392.60538,16.833601,10.920023,2.4509676,-0.27006684,0.9864,0.9994,0.7980
gal0_star03753,star,1.977035,0.875692,-926.48247,207.68095,10.688014,-1.6420473,-6.9912631,0.057472094,0.9949,0.7810,0.4717
gal0_star03754,star,1.716576,1.09991,262.29491,154.79818,1.3104461,-6.3659855,10.797632,0.16712205,1.0000,0.9206,0.6636
gal0_star03755,star,1.2830945,0.867265,61.618147,207.36257,-9.5743784,-14.556513,4.473071,0.51533188,1.0000,0.7579,0.2459
gal0_star03756,star,1.4741788,0.608866,-154.12978,123.84232,-14.677112,-10.083606,-12.61132,-0.5824227,0.9665,0.9177,0.8273
gal0_star03757,star,1.817018,0.672048,-1158.3331,241.23693,3.7639731,-1.6656624,-6.2435024,0.15527934,0.9942,0.6841,0.2291
gal0_star03758,star,0.9992857,0.344146,-27.959445,-135.68672,-3.8240749,20.095703,-3.386586,-0.10749357,1.0000,0.7149,0.2506
gal0_star03759,star,1.4701081,0.926832,-397.77802,-861.55634,-4.7001635,6.7613734,-2.8740285,-0.49347923,0.9810,0.9818,0.8727
gal0_star03760,star,1.3858586,0.675219,-137.05815,318.29588,8.2076719,-11.672333,-5.2966438,0.15229584,0.9935,0.5246,0.1303
gal0_star03761,star,0.99224456,0.903453,878.08878,189.00756,7.6333765,-1.9760347,7.1390294,-0.017391613,0.9783,0.7264,0.2746
gal0_star03762,star,1.996291,1.04747,-463.75917,878.65895,-6.1612094,-6.1903005,-3.3623564,0.33282147,0.9860,0.5407,0.1255
gal0_star03763,star,1.88087,0.336338,5.8250297,-164.29665,-8.312295,18.12356,0.77509948,-0.72963134,0.9712,0.7460,0.2659
gal0_star03764,star,1.4213037,0.534196,-475.22318,430.41033,-16.854609,-5.863448,-7.0182079,0.10640746,0.9758,0.9094,0.6069
gal0_star03765,star,1.5316356,0.571793,-27.185492,291.80663,-2.8102863,-13.112342,-1.0025651,-0.47776409,1.0000,0.9254,0.6843
gal0_star03766,star,0.9871203,0.624314,761.45268,620.02993,3.7105909,-4.6686156,5.2397942,0.20651935,0.9691,0.8400,0.4488
gal0_star03767,star,1.3947331,1.10965,-152.85521,-48.763936,13.771734,6.976702,-17.200534,0.090775339,0.9878,0.5421,0.1040
gal0_star03768,star,1.9060137,0.389768,198.3565,610.1382,-33.137609,-8.6052435,3.3036689,0.086376256,1.0000,0.9162,0.6558
gal0_star03769,star,1.384874,0.961878,203.73149,-34.285589,1.019907,2.6206124,15.560058,-0.031988831,0.9943,0.3761,0.0241
gal0_star03770,star,1.222181,0.501642,-266.00345,299.45902,-11.055073,-8.232587,-7.3402141,-0.19185999,0.9998,0.9435,0.8656
gal0_star03771,star,1.3130708,0.845194,-263.59172,66.249649,28.700428,-3.4289804,-13.826668,0.41854319,0.9865,0.9145,0.6606
gal0_star03772,star,1.4900413,1.14709,-146.78224,-246.08319,-19.706824,11.505464,-6.5816893,-0.67292159,1.0000,0.8419,0.4623
gal0_star03773,star,0.63448906,0.853975,40.947694,-187.9415,3.1702462,16.161321,3.81361,-0.32191077,0.9577,0.9364,0.8182
gal0_star03774,star,1.5028627,0.424797,-90.477871,528.94593,20.435602,-9.4981908,-1.7663917,0.010606205,1.0000,0.9334,0.7924
gal0_star03775,star,1.4275607,0.624585,947.29902,-394.06102,-22.222123,2.3497067,6.3516918,0.49011434,1.0000,0.7359,0.2456
gal0_star03776,star,0.73467956,1.09594,-64.75531,118.29406,-28.974537,-17.356099,-8.7468952,0.059891421,0.9731,0.7521,0.2657
gal0_star03777,star,1.5510277,0.54344,397.68592,741.46309,-14.249545,-6.9377056,3.5563985,-0.087901933,0.9923,0.5605,0.1376
gal0_star03778,star,0.60080049,0.561786,-464.83567,646.79842,19.095156,-6.4728113,-4.5020613,0.073888495,1.0000,0.8735,0.6508
gal0_star03779,star,0.81428464,1.08623,158.79331,388.70428,-17.587274,-10.030027,3.7087801,-0.52604792,1.0000,0.3913,0.0000
gal0_star03780,star,1.4851204,0.76503,-104.29754,314.48578,15.840475,-12.169241,-3.3542463,0.23868024,1.0000,0.9515,0.8189
gal0_star03781,star,1.3944634,0.712068,840.52812,-63.713176,-2.2743355,0.69997292,7.6759104,0.34422004,0.9629,0.7202,0.2666
gal0_star03782,star,0.90976083,0.950877,-193.91517,-135.08819,-8.3096661,7.9665974,-12.736638,0.95780099,1.0000,0.9726,0.7960
gal0_star03783,star,0.51328333,0.572098,1012.3482,1364.1752,-24.59292,-4.1324256,3.5560321,0.29248699,0.9484,0.8326,0.4390
gal0_star03784,star,1.5603523,0.694039,-508.47533,400.21645,7.8188346,-5.1335472,-6.5371417,-0.46193302,1.0000,0.5393,0.1497
gal0_star03785,star,1.5435902,0.871133,-141.4044,311.1372,2.8139207,-11.754352,-4.8552611,0.33253405,0.9979,0.9570,0.6575
gal0_star03786,star,1.7561204,0.977746,613.42438,-446.44092,-3.6463287,4.9403865,6.7457956,-0.15795398,1.0000,0.7485,0.2511
gal0_star03787,star,1.9684328,0.495956,-169.08421,-100.59267,5.8658804,8.7496675,-13.735002,-0.55071971,0.9926,0.6207,0.0727
gal0_star03788,star,0.98888009,0.396797,-540.66983,632.88577,-4.6302661,-6.4288663,-4.9285844,-0.058027397,1.0000,0.8897,0.6741
gal0_star03789,star,0.80443442,0.721036,-746.83207,-407.35209,30.768955,3.6756721,-7.3371931,0.15739531,1.0000,0.3483,0.0151
gal0_star03790,star,1.7384232,0.700814,928.56944,-379.97709,-19.622525,2.9969653,6.6498139,-0.25175071,1.0000,0.5768,0.0959
gal0_star03791,star,1.4944183,0.493183,-337.04215,-167.92136,-47.688709,5.1649514,-10.636747,-0.5125778,0.9926,0.3973,0.0346
gal0_star03792,star,1.5435331,0.805927,237.89082,842.13149,-5.6614102,-7.6691469,1.8495982,-0.063584697,0.9998,0.7078,0.2229
gal0_star03793,star,1.6415403,0.691757,-37.269889,-96.154334,25.156665,21.052127,-7.4239187,-0.5995281,1.0000,0.9444,0.6287
gal0_star03794,star,1.9508251,0.587317,-21.791159,481.4761,-5.6390051,-9.7968344,-1.2955388,-0.28321353,0.9929,0.3725,0.0114
gal0_star03795,star,1.9285791,1.01153,-536.27309,-318.81546,-24.306821,5.2908736,-7.3098461,-0.36817538,0.9797,0.5701,0.0594
gal0_star03796,star,1.1858602,0.903044,-363.67559,-312.637,13.667654,7.1422554,-8.096531,0.22114309,1.0000,0.7428,0.2573
gal0_star03797,star,1.8304486,0.494567,269.47618,-399.71403,9.5493402,8.9062274,5.6908013,-0.34014801,1.0000,0.9168,0.6426
gal0_star03798,star,0.78289592,0.374925,323.38443,512.77088,-20.109103,-7.9619282,4.8770291,0.19921455,0.9610,0.5537,0.0749
gal0_star03799,star,0.51179884,0.599634,214.00499,305.72154,-8.9140342,-10.054559,6.9911411,-0.91426225,0.9847,0.5559,0.0895
gal0_star03800,star,1.8525089,0.929502,53.704164,238.13584,-7.5067536,-13.636593,2.7876202,-0.083072476,0.9823,0.9670,0.7999
gal0_star03801,star,1.9119823,0.514914,-324.72543,-299.58744,12.637124,7.0202028,-7.888476,-0.023194293,1.0000,0.5193,0.1094
gal0_star03802,star,1.475365,0.335456,-841.39775,644.82557,-2.5571387,-4.2568231,-6.0759841,-0.22043326,0.9959,0.9349,0.8245
gal0_star03803,star,0.56186916,0.662003,165.33975,-211.37355,26.014424,10.116764,8.9228248,-0.16986752,1.0000,0.7294,0.2285
gal0_star03804,star,1.1611738,0.444723,647.08024,-931.95035,0.85413796,5.5249711,3.7476594,0.42723231,0.9746,0.5347,0.0712
gal0_star03805,star,1.1092265,0.465009,-599.74464,-192.9528,-18.884542,2.630872,-8.4122399,-0.2561043,0.9891,0.5780,0.0993
gal0_star03806,star,0.80441534,0.665015,163.72548,-625.74277,-26.345177,8.7829083,2.5262771,0.46281779,0.9792,0.5399,0.0699
gal0_star03807,star,1.2691969,0.617372,640.61451,47.490703,1.4503114,-0.71776967,9.0523967,0.10326439,1.0000,0.8323,0.4163
gal0_star03808,star,1.8274056,1.05108,274.21407,-168.65545,9.5328458,7.6550329,10.719929,0.23319363,0.9993,1.0000,0.8277
gal0_star03809,star,1.4379639,0.71185,-1845.7612,-125.16236,-5.586695,0.15138048,-5.2628114,0.10033645,1.0000,0.7203,0.2420
gal0_star03810,star,1.3294118,0.420755,70.517669,27.660044,-29.683278,-8.3923911,25.201984,-0.79784196,1.0000,0.8397,0.4588
gal0_star03811,star,1.9575042,0.979821,861.5457,-52.457985,-25.847612,0.28437622,7.6107163,0.24659067,0.9844,0.7184,0.2490
gal0_star03812,star,1.3324911,1.04771,427.78532,-331.06498,32.972989,6.0586628,7.1945971,0.15360523,1.0000,1.0000,0.8160
gal0_star03813,star,0.89134922,0.890329,342.51578,464.93373,-3.3920238,-7.6709108,5.4956466,0.0094153577,0.9764,0.9631,0.8197
gal0_star03814,star,0.61455924,0.886025,-317.3587,496.02677,-3.9632927,-7.567055,-4.3444844,-0.59335345,1.0000,0.3889,0.0506
gal0_star03815,star,1.493617,0.90565,866.74517,-515.58901,15.295053,3.3319431,6.066313,0.14859133,1.0000,0.7176,0.2527
gal0_star03816,star,1.3215122,0.502137,875.64397,87.421509,17.419961,-0.87243616,7.9017696,0.1324543,1.0000,0.5582,0.1099
gal0_star03817,star,0.52586998,0.422198,1571.1015,976.80099,-2.2295595,-2.6702435,4.5902341,0.13929617,0.9991,0.5330,0.0701
gal0_star03818,star,1.1166306,0.750561,475.1375,62.502062,0.67147737,-1.5450274,9.6307338,-0.2252235,0.9847,0.5678,0.1084
gal0_star03819,star,0.63800738,0.472994,289.74919,190.13474,-23.121833,-6.0430951,10.708465,0.36638207,0.9487,0.9320,0.6528
gal0_star03820,star,1.6756895,0.598012,-564.36315,-219.34629,13.607555,3.3796738,-8.3090018,-0.46650138,1.0000,0.5502,0.1234
gal0_star03821,star,0.58685966,0.419351,-29.282809,106.79419,15.112468,-20.43579,-5.5626153,0.47944124,1.0000,0.3976,0.0484
gal0_star03822,star,1.3246036,0.976777,549.65789,-197.55859,-11.220174,3.1646495,8.4280639,0.46508356,1.0000,0.8079,0.4535
gal0_star03823,star,1.3999404,0.569104,-27.941011,-122.92868,-21.317617,18.053508,-4.2210096,-0.90396051,0.9720,0.3827,0.0388
gal0_star03824,star,1.4321739,0.915847,137.31308,-1055.8586,10.781932,6.6655979,0.82996606,-0.37766968,1.0000,0.9442,0.6400
gal0_star03825,star,0.79498495,0.473041,-229.69899,318.72879,3.5277841,-8.6966651,-6.7975223,0.048545487,1.0000,0.9861,0.8174
gal0_star03826,star,1.3009874,1.00938,-93.285384,126.88762,11.410132,-14.173327,-10.053107,-0.51537011,0.9654,0.7158,0.2784
gal0_star03827,star,1.4295754,0.607394,605.48988,-55.212775,24.237521,1.2281623,8.8300655,0.016194106,1.0000,0.3775,0.0362
gal0_star03828,star,1.0091826,0.739602,402.2148,-68.330991,5.2513563,1.6319438,10.341389,-0.036045059,1.0000,0.8337,0.4425
gal0_star03829,star,0.75505747,0.386707,-775.72836,-82.473854,-2.9065805,1.3460895,-7.5764277,0.12022865,1.0000,0.3587,0.0210
gal0_star03830,star,1.8226912,0.802277,-211.76994,285.70302,4.5484233,-9.1012042,-6.6477884,0.085902425,1.0000,0.8339,0.4521
gal0_star03831,star,0.93653691,0.518649,-351.5492,-44.951395,-4.8133365,1.7625856,-11.954287,0.29936255,1.0000,1.0000,0.8337
gal0_star03832,star,1.5679609,0.793901,212.17065,-430.086,7.6075151,8.9393175,4.4943475,-0.19914075,1.0000,0.9224,0.6559
gal0_star03833,star,0.62812876,0.60484,431.45923,343.63384,5.6578298,-6.2636494,6.9328137,0.41558564,1.0000,0.4190,0.0061
gal0_star03834,star,1.7505262,0.779428,-766.40075,-74.766119,-0.17448914,0.91133118,-7.7355122,0.392805,0.9945,0.7960,0.4551
gal0_star03835,star,1.7339608,0.953251,831.91534,892.88209,-0.85016376,-4.6755094,4.7796789,-0.033266383,0.9980,0.3875,0.0164
gal0_star03836,star,1.5038671,0.33646,-13.028321,88.358878,-4.7428563,-24.710264,-3.1243614,-1.1230447,0.9913,0.8605,0.4507
gal0_star03837,star,1.3133301,0.32925,633.85971,-35.900638,-17.73188,0.51073565,9.1666542,-0.40245818,1.0000,0.6089,0.0988
gal0_star03838,star,0.7202266,0.836627,-392.09399,691.8913,28.704641,-6.9803543,-3.9137249,0.079249206,1.0000,0.8572,0.4860
gal0_star03839,star,0.9285745,1.04396,-582.0974,-712.80144,-13.584794,5.7812313,-4.618246,-0.41942145,1.0000,0.5521,0.0830
gal0_star03840,star,0.98010395,1.11618,-560.32725,-97.724608,30.4194,1.5437778,-9.1120166,0.12526292,1.0000,0.8551,0.4183
gal0_star03841,star,0.96693314,0.891397,-124.47792,-541.60068,34.057547,9.4650295,-1.9898135,0.2263127,0.9963,0.9038,0.6479
gal0_star03842,star,1.8568487,0.904062,46.429393,-371.25599,-11.903904,11.322355,0.97139964,0.81408986,1.0000,0.3446,0.0512
gal0_star03843,star,1.7759782,0.618075,-9.0386123,-154.90734,4.1989609,17.417118,-0.31120425,-0.2276661,1.0000,0.8696,0.4465
gal0_star03844,star,0.80309141,1.07884,50.162118,463.47308,5.9583372,-10.226994,0.62443155,-0.61723509,0.9818,0.9742,0.7954
gal0_star03845,star,0.94335077,0.318838,-503.81292,-387.48182,16.200244,5.292829,-6.9131077,0.014249183,0.9994,0.5752,0.1369
gal0_star03846,star,1.3073211,0.351274,-195.45577,-493.19974,38.089348,8.7546764,-3.9200991,0.17802492,1.0000,0.7202,0.2460
gal0_star03847,star,1.7254464,0.787223,-106.52166,-341.52474,-9.1871008,12.232871,-3.4511023,-0.38175813,1.0000,0.3684,0.0390
gal0_star03848,star,1.4534161,0.306022,438.2165,325.23435,-12.799405,-5.3070029,7.801577,-0.24444084,0.9914,0.9440,0.8516
gal0_star03849,star,1.1242464,0.818577,146.87854,-49.159735,3.4328222,5.7559814,17.415037,-0.053189568,0.9962,0.5506,0.0889
gal0_star03850,star,1.8237504,0.942941,64.210931,203.29252,-17.462516,-14.059732,3.8259746,0.48179858,1.0000,0.3827,0.0107
gal0_star03851,star,0.96465881,1.00727,-151.43725,141.60905,-12.987569,-10.573085,-11.737708,0.0063023921,0.9922,0.7367,0.2971
gal0_star03852,star,0.74828864,0.914003,-181.8841,-208.26202,-33.036123,10.259781,-8.9517158,0.10964331,0.9966,0.9949,0.8119
gal0_star03853,star,1.4996108,0.776218,-946.72742,61.262969,15.573942,-0.23116936,-7.1908562,0.59637686,0.9723,0.5464,0.1226
gal0_star03854,star,0.9096784,0.639357,185.89782,-26.443865,-14.963285,1.558719,16.146275,0.072771369,0.9905,0.5655,0.0936
gal0_star03855,star,1.4806417,0.917702,-571.12415,3.0116764,-8.1104313,0.88951232,-9.4646685,-0.39384149,1.0000,0.9530,0.6356
gal0_star03856,star,1.3223667,1.06345,145.84812,1113.489,-5.1773047,-6.2556831,0.94894627,0.041207882,0.9992,0.3584,0.0260
gal0_star03857,star,1.1882378,0.418283,257.80562,-380.37543,23.724221,8.0043644,6.258222,-0.021107116,0.9757,0.9344,0.8147
gal0_star03858,star,1.5032354,0.824165,287.59812,-178.21437,12.815186,5.7982488,10.13628,0.32688713,1.0000,0.7566,0.2385
gal0_star03859,star,1.3408035,0.36011,-753.46238,36.592869,-15.073368,-0.095473048,-8.1346734,0.031809083,1.0000,0.8316,0.4819
gal0_star03860,star,1.3525574,0.602434,-584.08681,-160.09335,-1.4198003,1.80773,-8.821993,0.27809347,0.9907,0.9514,0.6573
gal0_star03861,star,1.431041,0.779092,-325.4286,-279.26741,15.345942,6.8020933,-8.7858087,0.61594335,1.0000,0.8466,0.4385
gal0_star03862,star,1.9966453,1.00452,641.68204,-20.129278,3.6205443,0.57245623,8.5063951,-0.25487785,1.0000,0.8933,0.4117
gal0_star03863,star,1.7010748,0.501281,-930.26294,150.82325,13.630778,-1.6784916,-7.1656513,0.36777442,1.0000,0.5379,0.0815
gal0_star03864,star,0.6106983,0.429025,-644.73494,259.05841,18.601151,-3.1460939,-7.5295672,-0.10845445,1.0000,0.9369,0.6526
gal0_star03865,star,1.8127827,1.01228,-436.67826,-529.67806,17.369701,6.996961,-5.4552747,-0.34921225,1.0000,0.5657,0.0820
gal0_star03866,star,1.7236352,0.865322,-340.57385,-33.678964,39.027663,1.3081039,-12.46509,0.10794238,1.0000,0.9935,0.8252
gal0_star03867,star,1.8200891,0.653502,218.75797,-412.0442,5.914054,9.4625394,4.5761244,0.40748523,1.0000,0.6724,0.2556
gal0_star03868,star,1.5946772,0.990169,426.56845,-6.5465963,-20.572528,0.14883352,10.280917,-0.097694852,0.9648,0.8562,0.4433
gal0_star03869,star,1.1644187,1.05357,255.87478,242.1905,-6.2452709,-7.9911458,8.7636467,0.36498742,1.0000,0.7536,0.2418
gal0_star03870,star,0.84651675,0.739952,-545.83555,-37.288642,1.2522801,0.71782463,-9.8591148,0.01885377,0.9874,0.9160,0.6415
gal0_star03871,star,1.4238974,0.832501,271.013,-589.02153,6.5151775,7.8772389,3.4241065,-0.39194,0.9728,0.4089,0.0469
gal0_star03872,star,1.3022048,1.11722,-100.81412,-296.38482,17.35951,13.081043,-3.6523598,0.25884319,0.9966,0.8539,0.4541
gal0_star03873,star,0.59904566,0.607915,470.15313,205.9555,4.4426355,-3.8890502,9.0016207,0.043539754,1.0000,0.4097,0.0172
gal0_star03874,star,1.5726607,0.944203,-646.01359,256.61116,9.3699328,-3.5197211,-7.6549766,-0.0078486917,0.9948,0.7131,0.2680
gal0_star03875,star,1.4554939,0.37027,89.157901,-830.61549,0.10911255,7.992627,0.66911623,0.20125108,0.9908,0.3853,0.0352
gal0_star03876,star,1.9629075,0.872959,-332.96044,-11.104086,5.1174494,-0.48973026,-12.551991,-0.38863971,0.9969,0.3989,0.0125
gal0_star03877,star,1.8844842,0.746652,-221.21922,964.35985,23.11482,-7.0078478,-1.2573447,-0.059163173,0.9683,0.9308,0.8688
gal0_star03878,star,1.461089,0.414559,430.21851,386.49946,-23.363845,-6.5675527,6.9733948,-0.40386511,0.9867,0.3924,0.0437
gal0_star03879,star,1.6422093,0.779057,162.55484,379.14465,-24.849547,-9.8620457,4.5851192,-0.40509132,0.9930,0.7082,0.2524
gal0_star03880,star,1.2067027,0.996672,74.30034,187.504,3.4424359,-13.586967,5.7473079,-0.40536141,0.9849,0.8321,0.4406
gal0_star03881,star,1.3444788,0.788997,-317.92644,3.3251122,-7.3559731,0.73685719,-12.304966,-0.076416252,1.0000,0.4002,0.0468
gal0_star03882,star,0.5370484,1.06526,-61.979608,-367.57684,-20.688609,12.243626,-1.8566959,0.10689025,0.9805,0.8515,0.4478
gal0_star03883,star,1.2720271,0.499122,-866.42806,-655.7174,14.124923,3.9141831,-5.4006996,0.087123933,0.9823,1.0000,0.8207
gal0_star03884,star,0.79479492,0.549166,-650.65956,237.66494,0.30688335,-2.6981043,-8.2554335,0.38707663,1.0000,0.8834,0.6701
gal0_star03885,star,0.50924659,0.968784,-554.71014,-193.33024,8.2633792,3.309751,-8.5634154,-0.27653466,1.0000,0.9692,0.8517
gal0_star03886,star,1.3788402,1.14414,500.65793,924.95264,-14.434597,-6.0975601,3.01338,-0.30438765,0.9999,0.9026,0.6343
gal0_star03887,star,0.76239629,0.757157,-1214.8971,-108.62421,0.27249313,0.39840217,-5.9517601,0.11440559,1.0000,0.8084,0.4325
gal0_star03888,star,1.5087854,0.846446,145.35341,-200.42294,18.639084,11.129554,8.9508482,-0.37390135,0.9965,0.5711,0.1106
gal0_star03889,star,1.7177803,0.613716,-328.18636,488.78424,-6.5633345,-7.3912014,-4.9933909,-0.17680725,1.0000,0.8430,0.4875
gal0_star03890,star,1.840848,0.535472,92.730008,58.368403,-15.251721,-11.633986,17.773046,-2.3282465,1.0000,0.3949,0.0000
gal0_star03891,star,1.8642307,0.737538,-287.52365,-412.6985,-19.09699,8.0898396,-6.0902921,0.37462011,1.0000,0.3556,0.0198
gal0_star03892,star,1.7783151,0.482485,-215.79189,930.89701,-17.41448,-6.9910977,-1.5225578,0.079767906,0.9962,0.9537,0.7660
gal0_star03893,star,1.4625239,0.535991,365.73956,-113.92372,13.651668,4.0784539,10.84824,0.13309414,0.9999,0.9810,0.8006
gal0_star03894,star,1.4377389,0.842153,269.21654,72.468126,-5.0651496,-3.3146854,12.665483,0.04707014,1.0000,0.9193,0.6483
gal0_star03895,star,1.6855542,0.672259,46.974907,204.00429,26.698734,-14.454336,2.8365084,-0.57791725,1.0000,0.9582,0.8101
gal0_star03896,star,0.50163109,0.600033,664.74638,750.54776,-1.5267392,-5.2582746,4.7111545,-0.065607676,1.0000,0.3589,0.0601
gal0_star03897,star,1.9632291,0.565301,432.92798,719.66112,-9.3986404,-6.4396796,3.9295953,0.19390464,0.9868,0.7069,0.2662
gal0_star03898,star,1.6162144,0.73478,-81.202239,686.35406,1.2388598,-8.3858885,-0.82343134,-0.21027126,0.9796,0.9181,0.6536
gal0_star03899,star,1.4747755,0.410298,558.14808,-973.10155,22.981895,5.8529952,3.302356,-0.30109342,0.9846,0.9897,0.8549
gal0_star03900,star,1.0215894,1.12983,58.810271,196.2798,3.729952,-15.034147,4.7680146,-0.91361117,1.0000,0.3755,0.0134
gal0_star03901,star,0.58686021,0.947803,-254.97876,68.883491,-28.406672,-3.5923267,-13.71992,0.30246512,0.9785,0.5722,0.0658
gal0_star03902,star,0.70216897,0.496439,-614.46157,-1260.4874,2.552098,5.1188101,-2.5711491,0.0050385622,0.9708,0.8303,0.4726
gal0_star03903,star,0.7650734,1.08174,-396.18288,1807.0803,9.4255604,-5.345543,-1.2910323,0.14086914,1.0000,0.9375,0.7995
gal0_star03904,star,1.5780225,1.11263,229.05988,14.040203,27.989177,-0.91008777,14.233519,0.0059921019,1.0000,0.5192,0.0953
gal0_star03905,star,1.0819177,0.8568,-262.7685,310.10757,17.910704,-9.0102931,-7.7873165,0.025254121,1.0000,0.7198,0.2256
gal0_star03906,star,0.77693802,0.786393,-72.226636,137.81993,3.3714539,-15.642853,-7.6754177,0.11608941,0.9831,0.5555,0.1108
gal0_star03907,star,1.1593074,0.763053,415.50738,-362.81872,43.668868,6.2230949,6.9569329,0.11248928,1.0000,1.0000,0.8009
gal0_star03908,star,0.88203607,0.589157,-855.39455,-695.32256,3.4424322,4.5914328,-5.4402943,0.057969792,1.0000,0.7606,0.2212
gal0_star03909,star,1.647712,0.705293,246.77389,266.86163,42.809975,-9.0183124,7.7062999,0.003908157,0.9708,0.5964,0.1321
gal0_star03910,star,1.9987022,1.07601,-477.65652,-1787.2729,5.6043669,4.8031857,-1.2467152,0.12645755,0.9630,0.7280,0.2265
gal0_star03911,star,1.0493669,0.39029,-361.5655,-77.854543,-37.654743,2.6439885,-10.886658,-0.49567297,1.0000,0.8628,0.4598
gal0_star03912,star,1.4485995,1.05417,129.71635,878.55995,23.678283,-7.0354398,1.2582854,0.21878331,1.0000,0.9066,0.6767
gal0_star03913,star,1.9832527,0.453607,450.71064,267.14917,-10.611306,-4.7823915,8.6293242,0.49605558,0.9935,0.9086,0.6074
gal0_star03914,star,1.8529716,0.345722,-459.54462,442.87423,-5.882073,-6.3566325,-6.038751,0.015555432,0.9651,0.3982,0.0474
gal0_star03915,star,0.51837397,0.735671,-189.86741,324.85539,15.125256,-9.0059283,-5.9296218,-0.055973472,0.9977,0.9090,0.6890
gal0_star03916,star,0.80762446,0.841235,-103.23257,-569.16008,6.1544068,9.4888383,-0.85151751,0.47769811,1.0000,0.5524,0.1391
gal0_star03917,star,0.68423037,0.479187,-55.965803,928.87285,-9.933082,-7.1379017,-0.55411613,0.36231453,1.0000,0.9673,0.6532
gal0_star03918,star,1.0369582,1.05208,447.66226,31.572415,-13.975382,-0.91670898,10.412826,-0.24443794,0.9808,0.5819,0.0627
gal0_star03919,star,1.8651123,0.997514,-578.29058,-680.08458,12.640732,5.7774358,-4.992393,-0.19277849,0.9950,0.7348,0.2442
gal0_star03920,star,1.0167233,0.726153,-303.54106,-683.02517,-31.606377,7.2679193,-3.1374516,0.14621636,0.9662,0.9157,0.6604
gal0_star03921,star,1.3302988,0.947649,-27.060144,93.859847,4.5460449,-21.421916,-7.0348588,0.33348364,1.0000,0.6039,0.1283
gal0_star03922,star,1.6564054,0.344278,559.79938,519.67486,-8.6379488,-5.387294,5.7640048,-0.059225466,1.0000,0.9214,0.6535
gal0_star03923,star,0.75987077,0.666271,-952.24371,145.40948,3.0866615,-0.83381464,-7.1090787,-0.40952645,1.0000,0.9266,0.6507
gal0_star03924,star,1.7402801,0.902444,184.29986,-48.470727,32.394254,4.1646619,15.132304,-0.051785066,1.0000,0.5368,0.0737
gal0_star03925,star,1.8047146,0.530924,-537.20781,-377.75211,3.0851127,5.236964,-7.0632849,-0.20145493,0.9973,0.9321,0.6467
gal0_star03926,star,1.5442637,0.69929,-143.55149,135.05056,-5.0246715,-11.384588,-12.085448,-0.16630277,0.9972,0.8286,0.4955
gal0_star03927,star,0.6969071,0.7238,578.0494,489.43503,0.48422645,-5.0654807,6.0054399,0.56932955,0.9992,0.7331,0.2535
gal0_star03928,star,1.4522661,1.08281,164.74484,-215.95974,-1.9712399,11.087424,8.0959163,0.12130536,1.0000,0.8498,0.4358
gal0_star03929,star,1.5984319,0.842625,202.53115,361.42759,16.373615,-9.5252588,5.40019,0.12157564,1.0000,0.6994,0.2362
gal0_star03930,star,1.9462844,0.600242,39.367216,7.0867679,2.1075634,-4.5864339,32.895426,0.54217858,1.0000,0.7313,0.2770
gal0_star03931,star,0.79832608,1.08569,588.1391,839.91961,7.3537331,-5.8904623,4.0305159,0.21445908,0.9952,0.5646,0.0694
gal0_star03932,star,0.72586597,0.84333,582.74572,-146.67007,-17.113011,2.0893434,8.6411239,-0.67923103,1.0000,0.7077,0.2265
gal0_star03933,star,1.7853952,0.87534,387.17388,440.19871,-19.839976,-6.980244,6.6254194,-0.18481091,1.0000,0.5708,0.1212
gal0_star03934,star,0.99654885,0.482514,237.08359,14.066893,7.0864101,-0.50035713,14.030189,0.016486775,0.9937,0.5750,0.0766
gal0_star03935,star,1.3852728,0.416441,46.710702,10.202142,-9.823947,-8.0920124,33.302571,-0.61198049,1.0000,0.3859,0.0174
gal0_star03936,star,1.095202,0.648785,-79.820554,110.91087,16.637584,-15.282163,-11.036179,-0.44471995,1.0000,0.8285,0.3958
gal0_star03937,star,1.3739611,0.42028,-974.16085,-881.87918,-3.9489357,3.9250951,-4.9731927,-0.38250449,0.9685,0.7025,0.2250
gal0_star03938,star,1.0241299,0.451189,-406.70571,684.02619,6.9955722,-6.467021,-4.3738534,-0.35850029,1.0000,0.9081,0.6661
gal0_star03939,star,0.61965672,1.06435,203.52571,362.17776,25.770427,-9.9136018,4.8044807,-0.26842642,1.0000,0.9522,0.6614
gal0_star03940,star,1.6144518,0.885509,-266.94896,-689.23198,18.979825,7.0512112,-3.3319404,0.1240876,1.0000,0.8466,0.4513
gal0_star03941,star,1.355156,0.800751,294.8433,1031.8728,-24.640509,-6.7001818,1.8728133,-0.11933806,0.9672,0.3650,0.0286
gal0_star03942,star,0.85785242,0.561774,-369.93218,937.68046,0.33994253,-6.6058752,-2.5396255,-0.15853362,0.9890,0.3651,0.0222
gal0_star03943,star,1.0735139,0.843195,430.88018,-14.289553,-24.661915,0.69383225,10.482908,0.14971937,0.9998,0.7335,0.2432
gal0_star03944,star,0.89939013,1.12301,-150.34027,515.96947,-18.150816,-8.8503746,-2.1095216,0.136853,0.9915,0.8264,0.4873
gal0_star03945,star,1.1002071,0.385218,-592.71375,-139.69952,-12.544508,2.4948435,-8.9394001,-0.33294176,1.0000,0.7123,0.2466
gal0_star03946,star,0.63977982,0.554122,853.37748,456.53288,-2.0330135,-3.1441376,6.0948029,0.083489257,0.9719,0.7279,0.2565
gal0_star03947,star,1.7584844,0.980172,668.47077,254.02502,6.8565911,-3.3296676,8.1958145,-0.11167679,0.9936,0.3715,0.0551
gal0_star03948,star,1.2912693,0.789505,-527.03552,648.13447,-14.193352,-5.8394371,-5.1505685,0.091048297,1.0000,0.9211,0.6240
gal0_star03949,star,1.9068535,0.522834,165.1483,407.56894,3.8150432,-9.5663947,3.6699527,-0.10258824,1.0000,0.8965,0.6357
gal0_star03950,star,1.7517872,0.30781,-677.39065,1269.1384,18.505567,-5.5465662,-2.9016513,0.10049359,1.0000,0.8373,0.4431
gal0_star03951,star,0.57875209,0.368473,895.76942,42.96535,-11.401508,-0.56925241,7.2244855,-0.33004349,1.0000,0.8533,0.4461
gal0_star03952,star,0.71575166,0.489677,142.70288,-412.60816,-22.042198,10.154283,3.8327057,0.040874809,1.0000,0.3613,0.0455
gal0_star03953,star,1.0230689,0.992544,310.23287,513.67084,2.275887,-7.7819485,4.7479947,-0.22975704,0.9883,0.5495,0.0976
gal0_star03954,star,1.5215219,0.945039,584.12422,-958.04894,19.836367,5.3310795,3.6205989,-0.43707598,0.9975,0.3708,0.0247
gal0_star03955,star,1.3079529,1.04325,-70.029409,293.14677,17.134959,-11.252651,-3.2925793,-0.38287291,1.0000,0.3580,0.0541
gal0_star03956,star,1.6490771,0.686115,85.335865,1112.5905,-4.1526959,-6.8337904,0.5237942,0.19751916,1.0000,0.9291,0.6336
gal0_star03957,star,1.2523746,0.334696,643.37914,141.1106,-13.113541,-1.1835674,8.0200244,0.28258802,0.9863,0.9817,0.8040
gal0_star03958,star,1.2054088,0.388226,19.26851,-184.55379,-9.7768713,16.154871,1.4273577,0.44012563,0.9928,0.7460,0.2295
gal0_star03959,star,0.58181863,1.01447,274.79409,212.10725,-2.9319162,-7.3636746,8.7122425,0.69010383,1.0000,0.9037,0.6616
gal0_star03960,star,0.67582079,0.534768,-570.43103,-1759.8603,14.101546,4.7752827,-1.7882621,0.035161925,0.9662,0.7993,0.4526
gal0_star03961,star,0.72749799,0.405555,-98.080761,142.70882,-4.7082882,-14.381944,-9.0629728,0.28148417,0.9794,0.7345,0.2333
gal0_star03962,star,1.8789796,0.614726,-98.496144,-281.20479,11.161025,12.757564,-4.227099,-0.36021719,1.0000,0.5662,0.1296
gal0_star03963,star,1.3961376,0.638566,-227.91829,704.30368,-1.3144043,-8.0124468,-2.6409087,-0.045486294,1.0000,0.8316,0.4657
gal0_star03964,star,1.9637281,0.568348,-629.04158,295.93529,-9.0582469,-3.0354346,-7.6424014,-0.32282984,1.0000,0.9247,0.6422
gal0_star03965,star,1.836329,0.896394,14.917192,275.49318,15.442373,-12.724253,1.3909779,-0.66427882,1.0000,0.5502,0.0958
gal0_star03966,star,1.2712162,0.431821,-277.64405,68.570421,-17.186431,-3.3662314,-12.732149,0.6406072,0.9823,0.7312,0.2360
gal0_star03967,star,1.7929082,0.555788,-172.64844,-45.962009,23.03778,3.9307516,-15.931758,0.2396395,0.9919,0.5259,0.1161
gal0_star03968,star,1.8724693,0.72875,567.72604,-1217.8888,4.0545737,5.3495597,2.3904807,-0.20862601,0.9970,0.3893,0.0130
gal0_star03969,star,0.54772623,0.42133,243.14352,303.38912,-11.207871,-9.4768897,6.8958612,0.12994277,0.9886,0.9930,0.8353
gal0_star03970,star,1.9114239,0.877181,-342.01266,261.57227,12.617778,-6.3814172,-9.1723838,-0.42526789,1.0000,0.3722,0.0447
gal0_star03971,star,0.98347094,0.555768,-17.367887,87.250406,-10.927055,-23.575912,-3.536879,0.74753203,0.9541,0.3500,0.0338
gal0_star03972,star,1.4134854,0.974376,-654.39454,829.933,10.843405,-5.4243307,-4.6350421,-0.1990718,1.0000,0.7956,0.4565
gal0_star03973,star,0.94694763,1.09954,415.44751,386.25747,-6.1661313,-6.4203434,6.8133667,-0.43804284,1.0000,0.5758,0.1249
gal0_star03974,star,1.9255086,0.871683,114.92774,447.81163,-11.889989,-9.9767689,3.0496794,-0.33300857,1.0000,0.6744,0.2737
gal0_star03975,star,1.1954653,0.610098,7.2057221,290.66337,2.1764744,-13.28267,0.26681069,0.45488201,1.0000,0.5621,0.0850
gal0_star03976,star,1.1718758,0.691761,47.329799,-589.89757,-13.218888,9.3873855,0.6100281,-0.071442273,1.0000,0.3378,0.0234
gal0_star03977,star,1.7247489,0.843609,-158.23073,-92.7047,1.5876356,8.1782142,-14.336149,0.8542308,0.9985,0.7426,0.2317
gal0_star03978,star,0.6558758,0.617565,368.86146,-115.27574,-22.042734,3.3540993,11.177012,-0.012283716,1.0000,0.7180,0.2258
gal0_star03979,star,1.4795355,1.05343,232.2767,89.655345,-2.678363,-4.7467652,13.132653,0.63540229,0.9685,0.9409,0.6638
gal0_star03980,star,0.70275107,0.907014,-543.98181,-317.3544,-19.548993,3.7439683,-7.5947112,0.47837395,0.9769,0.9682,0.8548
gal0_star03981,star,1.9889527,0.585685,-257.04677,-447.2561,-9.7594314,8.1687398,-4.421035,0.046382426,0.9843,0.5691,0.0830
gal0_star03982,star,1.9097293,0.446806,-115.58001,-304.71972,4.9830033,11.626122,-4.4801573,-0.73087754,0.9824,0.5563,0.1093
gal0_star03983,star,1.496244,0.614303,267.36545,568.5257,-32.191369,-8.2310487,3.294349,-0.027598732,1.0000,0.3749,0.0320
gal0_star03984,star,1.7885458,0.654677,-322.15138,-910.17085,4.4896856,6.8367952,-2.2094706,0.22831544,0.9915,0.8550,0.4280
gal0_star03985,star,1.0936944,0.384154,611.57856,-738.74505,11.161286,5.3758652,4.8253389,-0.069297379,0.9936,0.5566,0.1191
gal0_star03986,star,0.80900843,0.366545,-31.00897,1161.2191,23.873642,-6.2353294,-0.50559912,0.0033442237,1.0000,0.9626,0.8219
gal0_star03987,star,1.2885697,1.10876,625.18708,377.26649,13.448124,-4.2769497,6.9523154,0.019730297,1.0000,0.7495,0.2406
gal0_star03988,star,1.5528083,0.810361,467.68904,239.41639,-7.4299913,-4.6917209,8.7574609,-0.2645552,1.0000,0.9037,0.6540
gal0_star03989,star,1.3504559,0.310052,920.62908,-717.97108,-4.1643184,4.4336574,5.224125,-0.17377762,1.0000,0.9040,0.6109
gal0_star03990,star,0.88832479,0.441758,-1431.8794,-922.77797,-1.8037208,2.8767545,-4.4168729,-0.025665064,0.9614,0.7420,0.2312
gal0_star03991,star,0.92222071,0.870852,-350.51509,-31.795184,-4.8942771,1.3616812,-11.518085,0.11241592,1.0000,0.7180,0.2808
gal0_star03992,star,0.91814425,0.872454,-156.9039,-60.958591,-10.182402,5.9800718,-16.653202,-0.40067498,1.0000,0.9445,0.6230
gal0_star03993,star,0.67713729,1.06778,-229.45336,707.50905,-23.069676,-7.8767747,-2.673003,0.032822044,0.9791,0.7160,0.2448
gal0_star03994,star,1.0535392,0.376794,-135.66345,501.79911,8.0970428,-8.9513223,-3.0513336,0.071296473,1.0000,0.9520,0.7977
gal0_star03995,star,1.7681851,0.445462,100.096,138.83564,-18.224525,-14.053912,10.232654,-0.37171978,1.0000,0.3730,0.0301
gal0_star03996,star,0.99932205,0.811959,259.07909,-600.75752,21.480547,8.0964956,3.5963075,-0.12135845,0.9911,0.8591,0.4832
gal0_star03997,star,0.86301212,1.00814,337.64836,806.16383,7.7520134,-6.9696391,3.0554395,-0.48470706,0.9869,0.3625,0.0293
gal0_star03998,star,1.5175879,0.515085,404.67018,-60.48559,-8.5162566,1.4806763,11.725027,0.91462046,0.9935,0.9705,0.8383
gal0_star03999,star,1.2386416,0.493404,-402.2131,-878.7665,-1.1299765,6.4965708,-2.6906951,-0.19666573,0.9832,0.8305,0.4561
gal0_star04000,star,1.7482774,0.574638,14.452375,256.1181,27.922684,-13.08752,-0.048688013,0.062588036,1.0000,0.9431,0.8486
gal0_star04001,star,1.1861995,0.890344,310.55591,-604.87989,25.937258,8.1720938,3.8908435,-0.062340543,1.0000,0.7170,0.2241
gal0_star04002,star,1.3857817,0.811562,624.91966,-12.872409,-11.269619,0.20975942,9.0093666,-0.17929102,0.9950,0.7082,0.2380
gal0_star04003,star,1.8905685,0.582164,-616.19805,-976.29484,6.1837624,5.6898428,-3.1808731,0.31280485,1.0000,0.8285,0.4246
gal0_star04004,star,1.489298,0.870267,-1075.4277,1281.5003,-14.491206,-4.1945714,-3.4221002,0.013819617,0.9819,0.5627,0.0942
gal0_star04005,star,1.712409,1.13699,-347.30784,-1817.1068,-2.9404562,5.1062151,-1.138281,0.11932612,0.9881,0.7495,0.2421
gal0_star04006,star,1.4488387,0.759175,-357.10828,-154.75595,-13.489822,4.714841,-10.22665,-0.23137498,1.0000,0.9401,0.6633
gal0_star04007,star,1.8939193,0.741694,-170.27888,-177.01969,20.018791,10.295905,-9.5772328,-0.56342765,0.9792,0.4062,0.0410
gal0_star04008,star,1.6332425,0.634112,103.10696,676.45567,-20.329489,-8.6227895,1.3926924,-0.19355482,0.9946,1.0000,0.8016
gal0_star04009,star,0.63816954,0.358378,227.06908,258.39653,-12.984758,-9.4547923,8.7800358,-0.0037274313,0.9971,0.9275,0.6664
gal0_star04010,star,0.75322622,0.723609,1069.8451,-103.00695,1.6466265,0.33861711,6.6063568,0.064421578,0.9754,0.5571,0.1454
gal0_star04011,star,0.72210739,1.14998,-175.56113,135.2649,9.4693149,-8.5434706,-11.631947,0.34404294,1.0000,0.8320,0.4400
gal0_star04012,star,1.8186303,0.931782,447.25217,-302.25264,0.0484842,5.3319898,7.7840876,0.57989519,1.0000,0.3811,0.0435
gal0_star04013,star,0.63259052,0.878003,-22.595196,-1241.4676,3.0119337,5.9236909,0.11878422,0.38865571,0.9927,0.3720,0.0253
gal0_star04014,star,1.2152011,0.965294,168.36026,363.36541,-11.719145,-10.171903,5.0312039,-0.25203804,1.0000,0.3574,0.0156
gal0_star04015,star,0.60294369,0.673448,-1613.5335,-274.53047,0.98175816,0.98212755,-5.4657962,-0.085591206,1.0000,0.9415,0.8406
gal0_star04016,star,0.83769354,0.811767,-359.81356,-268.80675,-2.0303018,6.0712668,-9.2688474,-0.38586152,0.9932,0.3491,0.0128
gal0_star04017,star,1.2323815,0.419796,-624.07323,809.90346,9.4178173,-5.5921639,-4.1834578,-0.21761041,0.9920,0.8911,0.6823
gal0_star04018,star,0.62203369,0.941911,233.14207,597.0056,-3.1842572,-8.5556508,3.3320168,0.2991746,1.0000,0.7999,0.4537
gal0_star04019,star,1.4762537,1.11721,-628.16532,310.7852,4.9029091,-3.8782539,-7.5086983,-0.14659052,0.9980,0.3982,0.0328
gal0_star04020,star,1.0354812,1.03725,86.338309,76.343699,-7.4839416,-14.385312,15.922196,-0.40057617,1.0000,0.7209,0.2616
gal0_star04021,star,1.5324275,0.45836,-352.75877,-167.29945,-7.6068593,3.9966903,-10.320828,-0.27574759,1.0000,0.9731,0.8000
gal0_star04022,star,1.8096573,0.841008,695.3354,198.05886,-15.601442,-2.1067985,7.9555533,0.0071826697,0.9956,0.8411,0.4401
gal0_star04023,star,1.2702559,1.11333,188.46498,601.36196,15.978348,-8.8827153,2.4390957,0.49702804,0.9919,0.9685,0.8009
gal0_star04024,star,1.4533331,0.487581,201.96101,283.19054,-12.706491,-9.5165359,6.7993908,0.071874762,0.9842,0.7236,0.2248
gal0_star04025,star,1.4617263,1.12639,-178.05843,296.57006,-16.785056,-10.554809,-6.0637791,0.18939453,0.9816,0.7084,0.2502
gal0_star04026,star,0.80337504,0.798046,869.12263,80.235421,15.992902,-0.9060634,7.8360196,-0.18964843,1.0000,0.9384,0.8166
gal0_star04027,star,1.0358628,0.669528,201.1246,-375.97632,-21.522241,9.7606778,5.0940058,-0.21372629,0.9833,0.7258,0.2516
gal0_star04028,star,1.9419706,0.677348,-519.78432,667.51715,8.1682512,-6.5066829,-4.4712792,-0.14829475,1.0000,0.8463,0.4384
gal0_star04029,star,1.8713812,1.0501,-67.626003,526.63194,0.13200726,-9.4972259,-1.3043718,0.49254839,0.9972,0.3444,0.0533
gal0_star04030,star,1.0942911,0.69031,1086.3444,-93.977693,9.458343,0.24188652,6.4506956,-0.12295377,1.0000,0.9391,0.6231
gal0_star04031,star,1.8369947,0.386503,809.91618,-202.93594,7.6273071,2.1277236,7.4315766,-0.15224878,0.9995,0.9975,0.8407
gal0_star04032,star,0.97440359,0.83742,-253.36477,-1424.1776,-9.3877057,5.9867096,-0.8568652,-0.076824987,1.0000,0.8974,0.6166
gal0_star04033,star,0.7941782,0.700965,104.34516,-1267.1569,-4.0281578,6.3815195,0.73794175,-0.30313271,1.0000,0.7529,0.2730
gal0_star04034,star,1.1816141,0.568796,-800.51356,-148.24484,10.023356,1.3992364,-7.656124,-0.37266726,0.9943,0.9071,0.6438
gal0_star04035,star,1.659301,1.12604,-412.09932,-542.03424,-13.253928,6.9356613,-5.0460066,-0.38601006,1.0000,0.9507,0.8035
gal0_star04036,star,1.3868606,0.46862,-359.72205,-122.14087,13.052019,3.4546805,-10.763032,-0.47637731,0.9862,0.3525,0.0000
gal0_star04037,star,0.99860579,0.660065,571.45163,-134.19624,14.948135,1.9591228,9.0014866,0.062561528,1.0000,0.3714,0.0426
gal0_star04038,star,1.4115788,0.872377,-915.81515,198.03649,-21.093881,-1.3955916,-7.0297767,-0.12059754,1.0000,0.9422,0.6347
gal0_star04039,star,1.2069574,0.849981,238.62572,15.159522,11.082137,-0.94665476,14.69348,0.6446986,1.0000,0.8049,0.4703
gal0_star04040,star,0.55171175,0.904644,40.517371,224.08769,-2.786875,-13.708062,1.7292847,0.70446107,0.9740,0.8355,0.4399
gal0_star04041,star,0.67947137,0.311485,-223.15231,115.84889,0.91309018,-6.5389819,-12.566176,-0.50349978,0.9949,0.7764,0.4997
gal0_star04042,star,0.70207552,0.486016,671.71883,113.61196,5.4249689,-1.4488926,8.7761911,0.063896787,0.9857,0.9321,0.6489
gal0_star04043,star,1.3999042,0.686551,403.98347,-65.191534,4.5662001,1.375225,10.92684,0.23589705,1.0000,0.5630,0.1030
gal0_star04044,star,0.91206543,0.301534,-621.62008,-645.625,12.097036,4.9604601,-5.0478577,-0.065388497,0.9590,0.7259,0.2555
gal0_star04045,star,0.77184701,0.890848,-514.90721,-441.26998,15.268282,5.6114061,-6.2114205,-0.24363596,1.0000,0.9368,0.6814
gal0_star04046,star,0.85678653,0.922364,-123.30027,-526.26496,30.052777,9.2302064,-2.6269712,0.14832749,0.9860,0.9741,0.7947
gal0_star04047,star,1.1724918,0.641499,568.62508,-138.51357,-7.546644,1.4575031,9.5868247,0.17137774,1.0000,0.5793,0.0924
gal0_star04048,star,0.65175263,0.498963,-509.12618,700.86161,7.9048175,-6.4000207,-5.0870957,0.28366749,0.9977,0.9420,0.6390
gal0_star04049,star,1.7242948,0.397261,-357.96454,489.70153,-5.7560129,-8.0129748,-4.8464971,-0.43742243,1.0000,0.9931,0.8369
gal0_star04050,star,1.5154916,0.827459,-347.12345,-649.54328,28.102314,7.4527786,-3.7021418,0.005026663,0.9859,0.7528,0.2784
gal0_star04051,star,1.7121755,1.04513,-6.6467167,53.963371,-14.735161,-28.443617,-4.5264164,-0.52622907,0.9917,0.8135,0.4496
gal0_star04052,star,1.1897697,0.515431,-212.64603,935.89511,-1.0979157,-7.204738,-1.5016255,0.11045154,1.0000,0.5858,0.0606
gal0_star04053,star,1.2416771,1.14923,-992.21679,-121.50854,6.0871336,0.67353978,-6.9604974,0.22971884,1.0000,0.8854,0.6518
gal0_star04054,star,1.4334067,0.759708,-429.93361,-854.72457,-14.845977,6.3932163,-3.5695364,0.43425477,1.0000,0.8966,0.6818
gal0_star04055,star,0.69264951,0.958499,-485.65978,148.02181,13.081085,-2.6405595,-9.2251875,0.10009908,1.0000,0.8496,0.4208
gal0_star04056,star,1.0892534,0.623504,-246.05256,79.99938,14.521734,-4.6969498,-12.348824,-0.047758976,0.9803,0.9285,0.6386
gal0_star04057,star,1.0548556,0.854487,-189.06421,-170.80171,-23.857421,8.6852134,-9.6859442,-0.43916729,1.0000,0.6934,0.2496
gal0_star04058,star,0.98316834,0.661285,419.3399,392.88495,14.909498,-6.2087224,7.0653392,-0.16603463,1.0000,0.9876,0.8191
gal0_star04059,star,1.6328035,0.302188,1318.0766,281.76176,-20.747813,-1.4020568,5.9649748,-0.018958622,0.9892,0.9557,0.8138
gal0_star04060,star,0.6008692,0.456105,-291.63704,281.30192,-2.6847047,-7.9696726,-8.2051128,0.5210064,0.9886,0.5465,0.1175
gal0_star04061,star,1.9071202,0.903195,-248.25271,74.491907,46.55372,-4.5349309,-13.263468,-0.30351914,1.0000,0.7375,0.2422
gal0_star04062,star,1.0750236,0.448207,666.50409,380.62683,13.323364,-3.8710205,7.3597085,-0.078022218,1.0000,0.9158,0.6469
gal0_star04063,star,0.63205881,1.13046,247.52192,584.48914,2.8314916,-7.2109879,2.983601,-0.071617035,1.0000,0.3661,0.0157
gal0_star04064,star,0.76378473,0.799567,-364.07176,-890.72294,12.989959,6.7796168,-2.940551,0.025847084,1.0000,0.7496,0.2695
gal0_star04065,star,1.691226,0.588391,-636.11398,1284.3664,-18.379573,-5.2675205,-2.229041,-0.14395923,0.9993,0.3774,0.0303
gal0_star04066,star,0.86483084,0.418504,-1425.2391,-245.06623,1.692709,1.1643772,-5.5122369,0.046975942,0.9916,0.7181,0.2491
gal0_star04067,star,0.59401568,0.628746,95.976529,-412.81715,-13.815399,10.366018,2.1983333,0.18169798,0.9679,0.7096,0.2794
gal0_star04068,star,0.84677479,0.911725,336.22394,520.34303,1.3675372,-7.6762989,5.0095964,0.47476413,0.9876,0.9632,0.8003
gal0_star04069,star,0.51942292,1.03163,133.04207,441.58971,23.685902,-10.024336,2.4808442,0.09716728,0.9612,0.3526,0.0198
gal0_star04070,star,1.3956391,0.740982,-480.44533,144.69202,-12.228693,-2.569755,-9.1258639,0.036795778,0.9696,0.8221,0.4337
gal0_star04071,star,0.77309363,0.753512,519.53925,-533.70734,-7.6024656,5.791797,5.8551646,0.16028964,1.0000,0.9253,0.6478
gal0_star04072,star,1.2932967,0.62843,-1083.0785,-688.74317,-13.036377,3.2352078,-5.1091566,0.003996487,0.9816,0.8364,0.4753
gal0_star04073,star,1.773183,0.879266,432.65616,379.63555,10.094904,-6.0166577,6.7265161,-0.0487171,0.9963,0.8332,0.4441
gal0_star04074,star,0.51909196,0.518704,268.91881,121.26145,10.621856,-5.8149991,11.864189,-0.39632921,1.0000,0.8280,0.4531
gal0_star04075,star,0.80522731,0.417503,1010.0309,-255.31068,-5.7812944,1.7390399,6.2271408,-0.027786771,1.0000,0.8091,0.4651
gal0_star04076,star,1.431851,0.468847,873.61323,156.04669,7.3587392,-0.98882965,7.4344477,-0.15640994,0.9750,0.8270,0.4558
gal0_star04077,star,1.2006012,0.832492,598.55642,-101.66515,-1.8462457,1.4649152,8.9539023,0.45470776,0.9952,0.8277,0.4348
gal0_star04078,star,1.002914,0.638132,237.81212,617.11333,3.1034105,-8.5984033,3.1949713,0.21426196,1.0000,0.6909,0.2777
gal0_star04079,star,1.557002,0.52204,271.13384,159.1006,2.1920028,-6.534752,10.70045,0.21976359,1.0000,0.3731,0.0482
gal0_star04080,star,0.96066411,0.993527,94.62606,112.80134,-10.616258,-14.857127,11.317579,-0.39519915,1.0000,0.5602,0.1028
gal0_star04081,star,1.406186,0.628041,-318.62428,-342.14963,-9.4059764,7.509035,-6.6627853,0.2823022,1.0000,0.7746,0.2596
gal0_star04082,star,1.5956232,0.583712,447.01766,718.57372,-11.036171,-6.8786068,4.115947,-0.22844746,1.0000,0.9208,0.6347
gal0_star04083,star,1.7939735,0.828428,201.33131,611.15954,-8.8638307,-8.5411012,2.5292704,-0.31780519,0.9992,0.5396,0.0992
gal0_star04084,star,0.55064527,0.708829,110.64502,-67.853267,16.828411,10.352447,17.215939,0.82175175,0.9892,0.6954,0.2406
gal0_star04085,star,1.3979918,0.499639,21.488078,273.35545,-9.4220078,-13.01937,1.4937313,0.21800081,1.0000,0.9604,0.8149
gal0_star04086,star,0.77489667,0.920006,-170.06702,124.60276,25.227695,-9.4650525,-12.952268,0.50131812,0.9954,0.8166,0.4308
gal0_star04087,star,1.5750868,1.14107,249.0661,849.26869,7.4707929,-7.3346363,1.7821549,-0.15242492,0.9880,0.6022,0.1080
gal0_star04088,star,1.5368143,0.811316,450.02734,190.59847,-9.0235627,-3.5406331,9.1662794,0.19337968,1.0000,0.8652,0.4294
gal0_star04089,star,1.9423957,0.725691,-253.93326,500.97489,0.592889,-8.1202219,-3.6909082,0.23260243,0.9865,0.8778,0.4535
gal0_star04090,star,0.7179031,0.893778,-558.36059,-248.81573,-1.8260132,3.5245756,-8.1171639,-0.055339709,1.0000,0.9004,0.6300
gal0_star04091,star,1.9646688,1.12421,-36.157296,85.428886,-3.8657122,-20.806257,-9.0014174,0.72497384,1.0000,0.9313,0.6399
gal0_star04092,star,1.3819211,0.729572,678.6079,76.724352,-4.562613,-1.25252,8.7994499,-0.012905293,1.0000,0.8191,0.4663
gal0_star04093,star,0.54054564,0.360145,468.46709,156.573,-13.093799,-3.5591679,9.8308064,0.31685507,1.0000,0.9783,0.7991
gal0_star04094,star,0.90132308,0.308758,-691.62541,1499.5671,7.5414151,-5.0235068,-2.5588535,-0.16322929,0.9945,0.7394,0.2248
gal0_star04095,star,1.1431244,0.976078,-470.29755,112.63698,-8.5385232,-2.1067649,-9.3671656,0.062969372,0.9806,0.9724,0.7986
gal0_star04096,star,0.61209973,0.331964,489.15253,924.62904,-1.4745098,-6.190716,2.7995036,-0.018459609,1.0000,0.3811,0.0225
gal0_star04097,star,0.94511555,0.498397,-157.22915,-129.09669,-13.122432,9.8984072,-11.614208,0.15238121,1.0000,0.8388,0.4601
gal0_star04098,star,0.55778838,0.60531,-34.833325,-84.198541,-25.903715,20.77305,-9.2936672,-0.028911293,1.0000,0.3795,0.0225
gal0_star04099,star,0.90584547,0.381172,298.42758,-1045.6693,-6.4439141,6.5098914,1.8384665,-0.075150639,1.0000,0.8851,0.6270
gal0_star04100,star,0.51143416,0.858011,-526.60498,24.22892,19.217293,-0.98351907,-9.8818017,-0.81855833,0.9865,0.8475,0.4560
gal0_star04101,star,1.1640778,0.539286,-350.05922,-19.275637,-5.9829776,0.79958772,-11.829689,-0.00085509794,0.9856,0.9792,0.8367
gal0_star04102,star,0.85108412,1.11102,-28.339916,-376.70139,13.79469,11.927707,-0.59031552,0.49040846,1.0000,0.7284,0.2288
gal0_star04103,star,1.093435,0.339503,330.28276,536.90211,29.362961,-7.4015676,4.5913629,0.24534094,1.0000,0.3998,0.0415
gal0_star04104,star,1.5927741,0.56708,-501.1995,394.7973,-7.4666398,-5.5239254,-6.790846,-0.086875091,1.0000,0.8958,0.6445
gal0_star04105,star,1.3529831,0.91903,-218.54059,314.93116,-5.5886827,-9.6372358,-6.7833596,0.2631051,1.0000,0.3819,0.0142
gal0_star04106,star,1.419813,0.574606,601.81929,-447.07622,4.8838355,4.7311594,6.2988438,-0.33941996,0.9823,0.3644,0.0408
gal0_star04107,star,0.57742104,0.582556,328.59713,-379.72168,-8.0705593,8.1149562,7.2250504,0.70205185,1.0000,0.8468,0.4199
gal0_star04108,star,1.0142333,0.879905,448.91394,171.00578,-10.012119,-3.9197392,9.5535825,-0.1200922,1.0000,0.8989,0.6351
gal0_star04109,star,1.4425124,0.535609,-210.65026,503.95129,4.6172742,-8.3466773,-3.3910511,0.22296297,1.0000,0.9092,0.6525
gal0_star04110,star,0.75104953,0.777495,991.7851,-266.06149,3.8399475,1.8886659,7.0636347,-0.061541786,1.0000,0.9524,0.8201
gal0_star04111,star,0.67360097,1.06831,-310.72773,61.681366,-7.244327,-2.1963749,-11.805293,0.16641897,1.0000,0.9452,0.6880
gal0_star04112,star,0.92217619,0.74662,651.82464,202.00782,-17.962374,-2.6693513,8.2203907,0.0034672138,0.9959,0.8303,0.4283
gal0_star04113,star,0.51784985,0.909031,1531.571,291.26867,-10.896001,-1.3322581,5.6966788,0.23796713,0.9942,0.9066,0.6234
gal0_star04114,star,0.72826348,1.02043,263.44807,173.13849,-16.586385,-7.1511596,10.366107,0.24343713,1.0000,0.7212,0.2650
gal0_star04115,star,0.69069253,0.34286,-1291.3366,776.65211,7.7174106,-3.3217755,-4.5021748,0.073194164,1.0000,0.8573,0.4341
gal0_star04116,star,1.1260063,0.533872,-63.031215,1171.4417,0.94637496,-6.986237,-0.30094906,0.16959049,0.9912,0.8244,0.4807
gal0_star04117,star,1.4815366,0.75276,444.89479,-302.29772,-19.285722,5.515908,7.9814084,-0.052048378,0.9938,0.9891,0.8014
gal0_star04118,star,1.1461016,1.11844,-956.01897,-460.71353,-7.6268339,3.1237559,-6.6653277,-0.43990232,0.9711,0.8302,0.4140
gal0_star04119,star,1.0094904,0.421967,1274.6725,394.51113,-9.6996327,-1.4517173,5.5149608,-0.29855836,1.0000,0.7230,0.2180
gal0_star04120,star,1.0925066,0.658245,-153.7473,-757.10367,-8.3935746,7.8395649,-1.9276363,0.11461208,0.9618,0.6955,0.2719
gal0_star04121,star,0.86381178,0.742469,-194.88436,102.09218,-1.9002258,-6.3978546,-13.37819,0.40895835,0.9894,0.5652,0.0836
gal0_star04122,star,0.79072324,0.407946,227.5279,-397.66717,-0.91740975,8.9998072,5.0663264,0.018197718,1.0000,0.9271,0.6813
gal0_star04123,star,0.52225388,0.309561,107.243,668.81518,4.7742884,-8.3650949,0.94553852,0.0029888511,0.9835,0.5572,0.1129
gal0_star04124,star,0.56571325,0.726924,235.09094,242.2072,-2.7987369,-8.9997306,8.7836683,0.54775145,1.0000,0.3654,0.0169
gal0_star04125,star,1.5475454,0.750776,103.02699,133.03056,-7.2209754,-13.684625,10.505578,0.17249844,1.0000,0.6872,0.2920
gal0_star04126,star,1.2657223,0.761747,-280.4139,93.165719,7.5153497,-3.6220785,-13.073114,-0.10431689,1.0000,1.0000,0.8140
gal0_star04127,star,1.2516624,0.686593,-105.76787,3.3098446,-12.803272,-1.2444759,-22.739304,-0.0018507384,1.0000,0.3670,0.0434
gal0_star04128,star,1.0498847,0.505658,316.63938,514.53042,-19.343003,-7.3748581,4.7639545,-0.65864064,1.0000,0.7009,0.2403
gal0_star04129,star,1.6954177,1.02651,790.7108,-823.39148,-3.6954223,5.0422462,5.0022715,0.04317643,1.0000,0.9959,0.8177
gal0_star04130,star,1.7674207,0.747714,298.02962,-840.89124,-5.0297073,6.7383346,2.4519869,-0.14598722,1.0000,0.8217,0.4474
gal0_star04131,star,1.8735828,0.462825,512.11738,-509.46374,-4.4545618,5.3489522,5.755349,0.2270163,0.9952,0.5482,0.0951
gal0_star04132,star,0.79328173,0.647359,61.268983,-423.02663,-3.0881733,10.201817,1.0239425,0.13192848,0.9964,0.7205,0.2352
gal0_star04133,star,0.83370459,0.829203,-406.39877,670.94965,-38.350307,-6.7324425,-3.5976349,0.035081127,0.9914,0.5300,0.0652
gal0_star04134,star,1.6980917,0.71628,-640.14911,-654.31708,3.6160957,5.2224278,-5.1025411,-0.27476852,0.9941,0.5500,0.1132
gal0_star04135,star,1.8240756,0.315241,673.67468,-670.9481,14.652572,5.6001999,5.2976766,0.13246914,1.0000,0.7512,0.2602
gal0_star04136,star,0.79924784,0.594799,-920.59447,881.22238,-24.93897,-4.0164953,-4.3355869,-0.062848042,0.9534,0.7130,0.2634
gal0_star04137,star,0.85132219,0.427126,-126.27155,-281.08464,9.6297955,12.031786,-5.1500851,-0.52167483,0.9850,0.8155,0.4651
gal0_star04138,star,1.4848178,0.631557,292.36785,-155.5424,-26.171287,6.0923798,10.483717,-0.51273372,0.9674,0.9289,0.6556
gal0_star04139,star,1.308564,0.559658,-438.39694,440.172,11.644844,-6.2945176,-6.6780145,-0.014692343,1.0000,0.7266,0.2619
gal0_star04140,star,0.99367267,0.648031,-470.08105,130.81093,0.79766868,-2.6429366,-9.7685383,0.27754259,0.9641,0.5788,0.1214
gal0_star04141,star,1.5265814,0.75058,-318.5811,-4.9505322,5.0752714,0.52725864,-12.188923,-0.46820099,0.9812,0.9952,0.8223
gal0_star04142,star,0.77664035,0.706712,675.26396,238.56545,17.40465,-2.8852625,8.1772094,-0.36453847,1.0000,0.5947,0.1211
gal0_star04143,star,0.68062987,0.636427,773.87556,-1057.4805,-0.15946829,5.0641819,3.6917954,-0.12190078,1.0000,0.5616,0.1522
gal0_star04144,star,0.5299719,0.602093,130.97946,-61.752828,20.833594,8.9453497,16.489301,0.6259692,1.0000,0.9771,0.8024
gal0_star04145,star,1.1577758,0.416104,-442.70345,-524.78307,9.5566306,6.849526,-5.0874187,-0.017719702,1.0000,0.5434,0.1026
gal0_star04146,star,0.87588933,1.02481,-361.30075,-70.223814,8.5392507,2.1976757,-11.029668,-0.54101628,1.0000,0.5964,0.0653
gal0_star04147,star,1.646974,0.738806,1454.3477,1143.404,-13.837646,-3.1019931,3.773526,0.0077482653,0.9992,0.9767,0.8059
gal0_star04148,star,0.55934549,0.669012,376.81953,420.74455,24.147827,-6.6617297,6.2111927,0.54551448,0.9843,0.7566,0.2264
gal0_star04149,star,0.64114132,0.558885,29.979469,-38.351345,2.9284941,24.015671,19.122364,0.88688096,0.9870,0.5792,0.0709
gal0_star04150,star,1.6830272,0.559225,-539.00805,57.567076,5.4415855,-1.0225092,-9.5524421,0.33377679,1.0000,0.7495,0.2498
gal0_star04151,star,1.5310185,0.347184,876.05392,293.70625,-0.28435127,-2.2279928,6.9369537,0.30715481,1.0000,0.9783,0.7973
gal0_star04152,star,0.6255376,1.11358,422.42248,-350.69424,-6.8089461,6.4666631,7.0076183,0.074780236,1.0000,0.9736,0.6511
gal0_star04153,star,1.3945506,0.802653,-766.56083,445.63079,-0.98477418,-4.2466938,-6.1431442,0.1382629,1.0000,0.3513,0.0583
gal0_star04154,star,1.2412388,0.844279,-540.15149,361.81662,2.8024654,-5.0353315,-7.2217398,0.15718127,0.9845,0.9312,0.6485
gal0_star04155,star,1.2170491,1.04439,-29.267381,277.67563,-20.472695,-13.889231,-0.8516014,0.17390232,1.0000,0.8274,0.4792
gal0_star04156,star,1.8219765,0.355561,1424.2124,-1180.7282,7.5360101,3.1314045,4.067289,0.10089857,0.9716,0.7355,0.2204
gal0_star04157,star,1.8018072,0.884027,-82.740237,-345.96518,12.463812,12.247215,-2.0250151,0.33370172,1.0000,0.3779,0.0156
gal0_star04158,star,1.2571577,0.800967,426.74609,371.79938,-24.414415,-5.4439886,6.8671061,-0.52234442,0.9974,0.9726,0.7993
gal0_star04159,star,0.92147608,0.528669,279.85303,159.22325,-17.503316,-5.8049779,10.396044,-0.49758344,1.0000,0.8427,0.4385
gal0_star04160,star,0.75777526,0.915166,-452.60425,169.71261,-19.667316,-4.0546038,-9.7139416,0.77979781,0.9935,0.6911,0.2372
gal0_star04161,star,1.2352639,0.687586,-250.79902,87.287914,8.8606042,-3.7072163,-12.869726,-0.23604188,0.9939,0.9012,0.6623
gal0_star04162,star,1.1853779,0.82482,484.78919,-251.82687,-0.29364528,4.2079026,8.5744168,0.24120832,0.9853,0.3703,0.0588
gal0_star04163,star,1.1326575,0.352668,159.75578,-237.94246,-14.148366,10.417068,6.9168792,0.10308645,0.9888,0.9317,0.6609
gal0_star04164,star,1.4239604,0.333224,242.35361,172.63314,15.270593,-8.1856155,10.190262,0.42318747,1.0000,0.3979,0.0052
gal0_star04165,star,1.0918901,0.935836,1056.2103,428.89278,6.980451,-2.6719166,6.325157,0.15206797,1.0000,0.5863,0.0934
gal0_star04166,star,0.85432514,0.975846,424.60532,-544.76428,20.183204,6.1283432,5.2366597,0.35295996,0.9994,0.5645,0.1149
gal0_star04167,star,1.9859791,0.718384,657.39945,50.051091,13.125216,-0.42446932,8.3325634,0.13016592,1.0000,0.7329,0.2434
gal0_star04168,star,0.92337491,0.333022,-962.63013,89.897143,-5.948946,-0.77619755,-7.1882233,-0.13070901,1.0000,0.8226,0.4509
gal0_star04169,star,1.8309782,1.11428,232.37101,25.808453,8.2247356,-1.8819721,14.927206,0.59173087,0.9733,0.6999,0.2484
gal0_star04170,star,1.5316203,0.920349,-255.40381,290.81817,-35.712286,-8.8147139,-7.5825448,-0.54433312,1.0000,0.5355,0.1278
gal0_star04171,star,1.3484824,0.523698,715.79488,-379.07721,-18.842543,3.7184622,6.6898581,-0.2392606,1.0000,0.9706,0.8287
gal0_star04172,star,0.52395183,0.342625,581.39231,-154.00446,5.0050348,2.5586758,9.1908786,-0.041550189,1.0000,0.3857,0.0125
gal0_star04173,star,0.56485302,0.568413,130.1619,-223.69958,-9.9202309,11.681616,6.5928974,0.57471868,0.9650,0.5603,0.0902
gal0_star04174,star,0.74131309,0.887373,-693.5076,154.83819,-0.54877682,-1.8541342,-8.0574305,0.52762108,1.0000,0.9076,0.6699
gal0_star04175,star,0.83454334,0.931268,51.353675,259.01303,6.8963851,-12.573946,2.2084791,0.36628309,0.9805,0.9151,0.6282
gal0_star04176,star,1.4940262,1.01418,114.80184,1111.5935,0.47033187,-6.6617673,0.92553693,0.38830968,0.9811,0.8404,0.4356
gal0_star04177,star,1.2669457,0.79851,-648.42959,813.57224,-5.7626671,-5.5028667,-4.788423,0.11741837,1.0000,0.3867,0.0000
gal0_star04178,star,1.8761137,0.760722,67.671873,-199.49194,8.7915909,15.36528,4.3454247,0.60752912,1.0000,0.5307,0.1170
gal0_star04179,star,1.476755,0.373816,118.51605,402.50626,40.329586,-11.109214,2.5944616,-0.69305052,0.9859,0.9180,0.6364
gal0_star04180,star,1.3549401,0.813028,-418.48208,189.85602,26.93242,-4.5417307,-9.2271826,0.052922552,1.0000,0.5753,0.1091
gal0_star04181,star,0.5096238,0.388791,4.4168202,-608.8887,-7.0515739,8.729168,-0.35270015,-0.19721226,0.9999,0.4095,0.0326
gal0_star04182,star,1.8149519,1.09261,593.56954,-162.91578,0.86562743,2.3697591,8.3388368,0.28094688,0.9828,0.9219,0.6446
gal0_star04183,star,1.411481,1.06454,405.62581,-58.519939,18.671638,1.4956483,10.856472,-0.68985398,0.9783,0.5670,0.1033
gal0_star04184,star,1.2784226,0.780466,957.41301,1068.5957,-13.280584,-4.4989959,3.7801884,0.025869645,1.0000,0.8925,0.6482
gal0_star04185,star,1.8503112,0.322623,-245.55872,-713.77031,11.092366,7.6496211,-2.6040226,0.11907141,0.9910,0.7099,0.2341
gal0_star04186,star,0.98827221,0.442129,-92.261694,-572.25052,-1.8959941,8.7556742,-1.8958396,0.68598051,1.0000,0.8447,0.4388
gal0_star04187,star,0.90904798,0.588936,598.8193,-168.16856,-6.2596454,2.3418161,9.4538915,-0.28597028,1.0000,1.0000,0.7986
gal0_star04188,star,1.8798575,1.05287,389.33492,-90.36772,1.0332375,2.7003457,11.420488,-0.46721355,0.9780,0.9390,0.8578
gal0_star04189,star,1.3502094,1.14814,-527.53753,-765.64739,8.2507995,6.1893015,-4.2086972,0.56294221,0.9820,0.5495,0.1332
gal0_star04190,star,1.2057452,0.348895,-97.049579,302.7329,-21.114992,-12.308808,-3.3898938,0.33042937,0.9969,0.3936,0.0158
gal0_star04191,star,1.2500369,0.984846,-325.66853,-286.72653,4.8575137,7.2728926,-7.7013774,0.021565829,1.0000,0.9182,0.6540
gal0_star04192,star,1.836037,1.11008,-132.12028,-274.21121,2.2042879,10.780777,-5.0386344,0.17858191,0.9714,0.7470,0.2387
gal0_star04193,star,1.027202,0.579141,-520.33861,639.10055,-8.1739664,-5.8849939,-5.2414412,0.19967064,0.9776,0.9289,0.6562
gal0_star04194,star,1.2355775,0.394438,-293.4143,474.42834,5.7942186,-8.4717768,-5.3284238,0.0093745118,1.0000,0.7147,0.2534
gal0_star04195,star,1.063655,0.763502,69.55445,191.17811,-5.8371788,-15.419154,5.2595588,-0.21458244,0.9921,0.5701,0.1286
gal0_star04196,star,1.6655594,0.678036,867.81741,280.77743,11.445781,-2.0383047,6.3686289,-0.34943638,0.9992,0.9683,0.8285
gal0_star04197,star,0.8815019,0.477776,560.81401,-176.19159,19.53729,2.1108563,9.0984704,-0.17926636,0.9972,0.8521,0.4695
gal0_star04198,star,0.82282553,0.586533,384.15427,-99.885715,-34.105111,3.4543468,10.574673,0.10698606,1.0000,0.7100,0.2655
gal0_star04199,star,1.9271446,0.747263,136.38987,409.48985,-11.354407,-9.8160752,3.3666163,-0.2121189,0.9880,0.5184,0.0879
gal0_star04200,star,1.9764594,0.592472,85.631885,79.680667,-0.69825914,-14.610457,15.204586,-0.98757506,0.9678,0.3680,0.0188
gal0_star04201,star,1.0736348,0.644935,-6.2544891,46.247051,-3.4064582,-32.055214,-4.1496158,2.0745469,0.9856,0.4097,0.0205
gal0_star04202,star,1.6331665,1.05451,519.35545,626.12838,-5.387417,-5.6208931,4.9107496,0.38339898,0.9817,0.8353,0.4138
gal0_star04203,star,1.5789386,1.04383,459.77775,116.12752,-12.28583,-2.1844767,10.087273,0.043027682,1.0000,0.4088,0.0422
gal0_star04204,star,1.9384303,1.06526,271.0883,151.2677,28.375271,-6.1792836,10.961961,-1.2635355,0.9931,0.3649,0.0552
gal0_star04205,star,1.9372479,0.496906,-298.08928,-685.70188,3.78018,7.4648634,-3.7774976,0.66447862,0.9989,0.9861,0.8135
gal0_star04206,star,1.4136075,1.14998,1562.7334,-990.13341,2.7870802,3.3023802,4.1782775,-0.13812054,1.0000,0.8270,0.4351
gal0_star04207,star,1.6021456,0.374608,-1165.7144,-491.42085,-6.9079302,1.8340698,-5.629866,-0.23134027,0.9854,0.8449,0.4414
gal0_star04208,star,1.6811444,0.584008,-905.75513,108.85489,-10.383956,-0.85023303,-7.7419996,-0.36932177,0.9505,0.3815,0.0451
gal0_star04209,star,0.98769732,0.304901,-1842.6334,-164.93124,7.7326329,0.31736655,-5.1351778,-0.081540551,1.0000,0.3846,0.0459
gal0_star04210,star,1.4491584,0.78838,1055.7806,-188.27641,15.682988,1.0345996,6.6217666,-0.27831544,1.0000,0.8920,0.6802
gal0_star04211,star,1.8801317,0.961128,-333.51408,-293.541,10.254106,7.6445898,-7.7092228,-0.13792707,1.0000,0.5582,0.0983
gal0_star04212,star,1.5502216,0.350748,679.4395,221.20862,11.129996,-3.2371493,7.8090796,-0.12824735,1.0000,0.5420,0.1344
gal0_star04213,star,1.1830774,0.89245,-672.963,518.15021,6.6737008,-4.243966,-6.3454611,0.28078939,0.9919,0.9423,0.6129
gal0_star04214,star,1.8927005,0.657054,858.76692,-797.51345,4.6591395,4.4010148,4.9062547,0.15519567,0.9890,0.9260,0.6066
gal0_star04215,star,0.82314176,0.518711,-20.176796,287.0179,39.119838,-13.79009,-1.4322841,0.0027442343,1.0000,0.8355,0.4674
gal0_star04216,star,1.2618371,1.14057,-105.59125,156.41295,29.789874,-13.88455,-8.642601,-0.70995878,0.9840,0.5391,0.1017
gal0_star04217,star,1.9325396,0.967791,920.21121,-1279.8565,9.1631111,4.4341544,2.9475911,-0.24154315,1.0000,0.3819,0.0234
gal0_star04218,star,1.1384751,0.885182,-503.93722,617.90345,-19.985675,-6.200806,-5.0167677,0.046747372,0.9913,0.9488,0.7901
gal0_star04219,star,0.80638164,0.91869,245.45146,251.27327,-1.9127712,-8.3651774,8.7993157,0.34377218,1.0000,0.9746,0.8149
gal0_star04220,star,0.64340305,0.519577,-1209.8795,-1260.7232,-16.017992,3.9284085,-3.6150628,0.1426913,0.9925,0.7452,0.2656
gal0_star04221,star,1.7767198,0.466722,852.68885,359.64242,12.284198,-2.6707607,6.7731378,0.04752903,1.0000,0.5478,0.0914
gal0_star04222,star,1.8720033,0.909924,-170.25419,-216.56448,11.760168,10.714406,-7.761782,0.67832059,1.0000,0.5299,0.0945
gal0_star04223,star,1.529781,0.871059,-541.92772,-1051.7957,3.9491383,6.0394905,-2.9933218,0.34116836,0.9829,0.9683,0.8367
gal0_star04224,star,0.87014178,0.668581,115.93146,-56.146155,7.6331141,9.5075824,17.506306,-0.7457054,1.0000,0.5624,0.1157
gal0_star04225,star,0.63386637,1.07726,61.983069,198.7673,8.2206965,-15.224615,4.6045899,-0.64610824,0.9974,0.8317,0.4759
gal0_star04226,star,1.3697755,0.658584,-158.10298,129.71815,-25.382768,-11.487183,-12.489013,0.78302282,0.9897,0.9794,0.8183
gal0_star04227,star,0.92529103,0.419179,-978.75661,-878.55936,-4.6909581,3.8738654,-4.4128254,-0.023192154,1.0000,0.9743,0.7948
gal0_star04228,star,1.7222391,0.394632,464.26931,350.52744,0.83293727,-5.6279956,7.3141966,-0.032879167,0.9885,0.9359,0.8156
gal0_star04229,star,0.7572078,0.858606,213.33558,-33.28984,23.508653,1.9828149,14.946613,-0.50373361,1.0000,0.9470,0.6836
gal0_star04230,star,1.4787302,0.436264,-410.70833,223.3703,5.0874938,-5.331761,-8.5399283,-0.20262573,0.9727,0.9306,0.8378
gal0_star04231,star,0.58973161,0.825383,699.08574,720.07999,-16.962709,-4.9791082,5.1349616,0.41940278,0.9880,0.3553,0.0137
gal0_star04232,star,1.0937996,0.422321,286.79131,-407.26057,-23.016513,8.5691129,5.7577587,-0.072134684,0.9975,0.3764,0.0414
gal0_star04233,star,1.3307316,0.805713,233.63697,-184.24503,-5.0074112,8.1309543,10.427651,-0.12834527,1.0000,0.7285,0.2402
gal0_star04234,star,0.79645201,0.85379,245.27118,50.288902,17.580967,-2.4801689,14.102173,-0.046566764,1.0000,0.5288,0.1063
gal0_star04235,star,0.77500186,1.14762,-404.87226,-582.76114,-20.679591,6.7022146,-4.8415755,0.069273768,0.9942,0.9002,0.6545
gal0_star04236,star,1.7569587,0.59901,-333.11958,-301.02722,20.783525,6.4703349,-7.9093511,0.24151787,1.0000,0.9376,0.6660
gal0_star04237,star,1.1075814,0.346072,-42.987907,943.96401,-14.968931,-6.9857342,-0.22706953,-0.019878342,1.0000,0.3644,0.0288
gal0_star04238,star,0.98833475,0.721778,447.45892,34.909515,-8.8357735,-0.52885105,10.306313,-0.15166848,0.9687,0.9569,0.8461
gal0_star04239,star,0.89990882,0.591165,76.764805,464.55932,-21.050109,-10.216767,2.0947038,-0.49789161,0.9994,0.5585,0.0858
gal0_star04240,star,1.0691219,0.937362,1106.0536,151.91175,5.4685245,-0.99859902,6.6406328,0.14267805,1.0000,0.6868,0.2633
gal0_star04241,star,1.0385234,1.01366,605.89846,-434.12625,7.4943566,4.8333367,6.491516,-0.13431138,0.9750,0.9278,0.6413
gal0_star04242,star,0.5564986,0.338574,660.49975,152.86515,3.0700039,-1.8216318,8.2880906,-0.2679693,1.0000,0.8695,0.6373
gal0_star04243,star,1.761458,0.483035,136.7649,-202.47744,14.090878,12.387562,8.4726536,0.2233654,1.0000,0.9243,0.8359
gal0_star04244,star,1.5569223,1.0931,-25.59829,463.07545,7.0413758,-10.414517,-0.34292889,-0.018133595,0.9993,0.5817,0.1020
gal0_star04245,star,0.89947858,0.749964,-51.66021,306.17747,9.6590343,-11.908653,-2.2430544,-0.046090777,0.9768,0.5779,0.1070
gal0_star04246,star,1.285222,1.08668,306.73443,-592.44174,-3.98664,7.6852044,4.1188151,0.11621349,1.0000,0.8332,0.4504
gal0_star04247,star,0.70581016,0.575367,-1032.4088,-734.36179,4.0574656,3.7744189,-4.8396039,-0.20829366,0.9873,0.9380,0.6671
gal0_star04248,star,1.2822377,0.412541,-15.357712,-134.48786,-0.56160374,17.792732,-2.2308937,0.49972102,1.0000,0.9340,0.6516
gal0_star04249,star,1.3720008,0.30318,178.5382,-46.115813,0.4359508,4.0469058,16.577993,0.056887931,1.0000,0.9742,0.8283
gal0_star04250,star,0.64633632,1.12719,-502.8696,-371.44761,11.276395,5.1883922,-7.0011069,-0.054130932,0.9888,0.8354,0.4113
gal0_star04251,star,0.71953729,0.502025,-334.79298,-317.95615,12.101427,7.7657228,-7.614948,-0.070732509,0.9737,0.3694,0.0349
gal0_star04252,star,1.0151308,1.03726,384.77881,-339.33025,9.8048362,6.7050076,7.4288598,-0.72609684,0.9983,0.9399,0.8274
gal0_star04253,star,1.423019,0.425308,399.02494,-31.858943,-19.468369,0.95942022,11.730557,-0.12111905,0.9877,0.9338,0.6140
gal0_star04254,star,0.68275764,0.365819,169.92958,-45.301351,20.960717,4.952594,15.475164,-0.44433391,0.9904,0.5395,0.0745
gal0_star04255,star,0.81568301,0.993745,-192.73532,300.73127,8.982394,-10.063347,-5.8827722,0.11661605,0.9708,0.5730,0.0593
gal0_star04256,star,1.9286741,1.07642,-682.4722,1034.6047,3.5517323,-5.1945392,-3.6704652,0.074237425,1.0000,0.5576,0.1140
gal0_star04257,star,0.66299913,1.0735,-145.5219,-28.870459,8.4987316,4.3572785,-16.71361,0.31888885,0.9952,0.9868,0.8357
gal0_star04258,star,0.98594046,0.972176,-333.01067,696.37553,4.2383398,-7.7702008,-3.2608656,-0.38086153,0.9857,0.8228,0.4572
gal0_star04259,star,0.69237574,0.798901,265.93102,21.132828,-9.9301216,-0.73449012,13.590874,0.50646681,0.9873,0.9827,0.7769
gal0_star04260,star,1.796113,0.863994,3.0849221,261.71477,-9.7609738,-13.932112,0.35745071,-0.17686096,0.9886,0.5786,0.1176
gal0_star04261,star,0.54550999,0.513266,688.40298,762.75699,1.4312422,-5.16796,4.6249084,-0.080776421,0.9847,0.5296,0.1097
gal0_star04262,star,1.2813524,0.940641,575.75388,507.37475,24.46733,-5.2455305,6.0743337,-0.2262595,0.9783,0.9673,0.8389
gal0_star04263,star,0.66856602,0.786235,74.324895,-204.65449,-9.7762029,14.417425,5.3845697,0.78748277,1.0000,0.8456,0.4653
gal0_star04264,star,1.5750175,0.543645,201.89633,329.72322,-19.546936,-10.083178,6.0648179,0.38486541,1.0000,0.4151,0.0475
gal0_star04265,star,1.9986002,0.41196,-93.622166,306.25959,-22.479059,-11.952309,-4.013927,-0.59740131,0.9980,0.9238,0.6379
gal0_star04266,star,1.8931775,0.5605,-150.11705,-518.3426,2.7275786,9.7661068,-2.5195052,0.053027748,1.0000,0.9723,0.8341
gal0_star04267,star,1.2926936,0.521768,-175.21321,-93.456195,17.272577,7.8649926,-14.099887,0.51162733,1.0000,0.8963,0.6680
gal0_star04268,star,1.6881512,0.651641,357.71255,-141.93443,-21.330511,5.0182535,11.12875,0.55185726,0.9891,0.9671,0.8022
gal0_star04269,star,1.0366942,0.519429,257.31467,169.23241,-23.503639,-7.3097772,10.713831,0.23546577,0.9959,0.9575,0.6587
gal0_star04270,star,1.785915,0.50451,732.95329,-608.0031,3.2974918,4.9050163,4.9983504,0.18272479,1.0000,0.8227,0.4331
gal0_star04271,star,1.2980586,0.806718,680.81129,748.40421,-11.590202,-5.5879801,4.563804,0.075798158,1.0000,0.9274,0.6319
gal0_star04272,star,0.51710221,0.974391,295.73654,-381.57256,6.998238,8.2995126,6.1955251,-0.34728512,0.9827,1.0000,0.8590
gal0_star04273,star,1.7699372,0.439701,1368.7717,-429.39384,29.218316,1.5536346,5.8480312,-0.023880567,1.0000,0.7108,0.2492
gal0_star04274,star,1.2435537,0.935431,-745.16558,57.449063,-7.4124724,-0.71566191,-8.0905983,0.15349499,0.9987,0.8408,0.4383
gal0_star04275,star,1.6070457,0.391808,-83.860312,318.85816,6.859638,-11.705944,-3.2092173,-1.272987,1.0000,0.9950,0.8074
gal0_star04276,star,1.5660885,0.571298,-175.41729,-504.44213,4.6592294,8.6544583,-2.8677895,0.24795711,1.0000,0.9247,0.6102
gal0_star04277,star,0.52862997,0.644154,276.75484,-383.96817,-26.830465,8.0109759,6.1085708,0.056575093,0.9838,0.7212,0.2344
gal0_star04278,star,1.9240469,0.938442,-88.408547,690.85602,10.662215,-8.1415603,-0.97607094,-0.044279191,0.9764,0.6934,0.2203
gal0_star04279,star,1.6197282,0.34978,-481.63841,1544.7472,-4.570675,-5.2081761,-1.7524287,0.10605517,0.9788,0.5663,0.1002
gal0_star04280,star,1.6353554,1.10507,-546.38032,-126.76791,27.355948,2.2532593,-9.0544168,-0.055665547,1.0000,0.7347,0.2249
gal0_star04281,star,1.5764109,0.903977,839.49628,462.16558,15.03214,-3.7960708,6.7625264,0.05339083,0.9985,0.9807,0.8115
gal0_star04282,star,0.55904281,0.788897,334.43332,-393.24374,11.099978,7.5843403,6.6988338,0.27254765,1.0000,0.9193,0.6459
gal0_star04283,star,1.7683681,0.615629,1052.8619,-905.0075,23.582337,3.8530957,4.7409849,0.27307071,0.9895,0.7263,0.2471
gal0_star04284,star,0.75859892,0.480367,208.51277,347.62376,-6.9769857,-9.6580775,5.8362469,0.40378496,1.0000,0.3443,0.0175
gal0_star04285,star,1.1642501,1.02078,-532.1427,0.19352948,-24.391109,-0.41937496,-9.2964809,0.018819822,1.0000,0.9504,0.6669
gal0_star04286,star,1.4397531,1.10694,-195.8133,118.26446,9.6106568,-7.0682819,-11.940198,-0.7119482,1.0000,0.8188,0.4222
gal0_star04287,star,1.7775651,0.815408,-111.09871,-0.20841995,10.184955,0.2381222,-21.017806,-0.76578601,1.0000,0.8316,0.4802
gal0_star04288,star,1.3193775,0.561296,106.21348,694.23886,16.619096,-8.5434133,1.3706782,-0.031348146,0.9810,0.9595,0.8067
gal0_star04289,star,0.51970723,0.371782,543.48429,-958.78245,4.5912089,6.0896843,3.6122611,-0.075876066,1.0000,0.9212,0.6106
gal0_star04290,star,1.9365607,1.05825,97.027063,88.24589,-12.105198,-12.703812,14.951739,1.291188,1.0000,0.9159,0.6590
gal0_star04291,star,1.6880402,0.678407,-296.29532,1138.3499,-8.3273847,-6.0488058,-1.5223736,-0.1389992,1.0000,0.9224,0.6604
gal0_star04292,star,1.410028,0.310859,161.3217,882.39473,-3.6454489,-7.4327766,1.5419559,-0.11590844,1.0000,0.3886,0.0384
gal0_star04293,star,1.8645366,1.02736,243.45781,-193.75095,-5.3143905,8.4784571,10.617818,-0.4758102,0.9842,0.7356,0.2355
gal0_star04294,star,1.4897932,0.327762,251.181,132.00992,19.13393,-7.1851425,11.974987,0.023811346,0.9661,0.9030,0.6650
gal0_star04295,star,0.88280941,0.947031,-100.22857,-778.32579,4.178937,8.0428248,-1.3483904,0.071735517,0.9690,0.5754,0.0755
gal0_star04296,star,1.4400487,0.555046,106.3973,-604.09238,-5.7561578,8.5163652,1.7392957,0.2156627,0.9604,0.9403,0.6647
gal0_star04297,star,1.2955759,0.877765,615.3916,-114.65491,-6.34748,1.0546758,8.1292056,-0.15083329,1.0000,0.9857,0.8173
gal0_star04298,star,1.938191,0.711731,-606.1636,586.33587,17.666121,-5.2127926,-5.5613522,0.024193859,0.9930,0.5551,0.1113
gal0_star04299,star,1.5869028,0.754454,260.40937,206.58538,3.5948234,-7.8115524,9.3484118,-0.31512173,0.9827,0.3428,0.0591
gal0_star04300,star,1.9247347,0.503891,43.199348,10.57702,12.641102,-6.915086,33.581411,0.010267041,1.0000,0.3337,0.0256
gal0_star04301,star,1.1660134,0.964425,-261.25358,-382.22213,4.9983163,8.2447445,-6.3044595,-0.43894044,1.0000,0.5722,0.0946
gal0_star04302,star,1.053335,0.997708,-182.0294,-95.242881,0.71470495,7.2373758,-13.573783,-0.41386197,1.0000,0.7425,0.2544
gal0_star04303,star,0.90575274,0.424419,434.34449,-11.781179,-5.9709295,0.055984352,11.152942,0.25957968,0.9850,0.5443,0.1173
gal0_star04304,star,0.53773503,0.699573,-755.53226,-174.7852,-11.558018,1.9094714,-7.877729,-0.016429866,0.9731,0.8598,0.4096
gal0_star04305,star,0.58997242,1.01639,-77.93857,329.29647,6.7419334,-11.229918,-3.0278071,-0.35803338,0.9532,0.9018,0.6395
gal0_star04306,star,0.68338475,0.308798,-75.550975,128.91921,9.3168614,-16.636576,-8.3821476,-0.8117974,0.9793,0.8277,0.4263
gal0_star04307,star,1.7361213,0.447912,74.516875,-380.80292,1.9265345,10.593845,2.4615832,0.73708328,1.0000,0.8042,0.4814
gal0_star04308,star,1.9393076,0.363018,13.806942,-158.25367,6.3776526,17.172216,1.6878649,0.12771052,1.0000,0.9226,0.6477
gal0_star04309,star,0.53287566,0.841503,-160.99188,506.04904,4.245809,-9.5184603,-2.9984872,0.36139697,0.9898,0.9558,0.7806
gal0_star04310,star,1.9899619,0.749506,34.009416,262.59476,8.3274957,-13.844087,1.1991044,0.30257993,1.0000,0.5407,0.1190
gal0_star04311,star,1.0286873,1.10714,321.09468,-592.78624,2.4402798,7.2768474,4.3754196,-0.49339201,0.9742,0.9212,0.6271
gal0_star04312,star,0.99579873,0.523229,518.06602,641.16593,-24.144556,-5.8639471,4.7926655,-0.14678872,0.9738,0.9420,0.6274
gal0_star04313,star,0.94859407,0.76487,370.25332,-75.415105,6.8376748,2.1460179,11.512988,-0.21308899,1.0000,0.9239,0.6552
gal0_star04314,star,1.5631889,0.340408,-56.952688,514.30458,-3.0266331,-9.5536479,-0.93349245,-0.26238432,0.9953,0.8953,0.6419
gal0_star04315,star,1.5331565,1.12967,-347.98034,-655.33165,-3.3288779,7.247462,-3.7012482,-0.26558438,0.9827,0.5571,0.0826
gal0_star04316,star,1.5963621,0.516942,578.29465,-500.72228,-1.0137772,5.4509114,6.3043279,-0.095652098,0.9932,0.6917,0.2994
gal0_star04317,star,0.63774672,0.633873,17.609006,-394.22158,14.506351,11.452405,0.48345278,0.19932975,1.0000,0.3778,0.0276
gal0_star04318,star,1.2498824,0.600005,76.963655,-236.55885,7.5223625,13.318223,4.5084888,-0.076165292,0.9990,1.0000,0.7962
gal0_star04319,star,1.2036756,0.869496,237.94319,59.418522,-8.9896228,-3.6629342,13.805171,-0.36048774,0.9919,0.8287,0.4681
gal0_star04320,star,0.6493837,0.934118,-380.33777,-656.06002,17.175841,7.2584574,-3.6348999,-0.010812322,0.9872,0.5209,0.0841
gal0_star04321,star,0.97278837,1.10958,236.93003,-632.89911,8.6764845,8.4340311,2.8319497,0.25414618,1.0000,0.7169,0.2338
gal0_star04322,star,1.3477937,1.05016,351.82389,-373.7911,1.1783786,7.1926456,6.8309272,-0.25446001,0.9929,0.3713,0.0113
gal0_star04323,star,0.63648065,1.04389,-997.09861,-235.12732,-6.6728196,1.4815691,-6.9433809,-0.21297288,0.9844,0.9510,0.6546
gal0_star04324,star,1.6716579,1.09043,-58.49172,507.62538,-7.7426751,-10.494928,-1.4560175,0.28723164,1.0000,0.9773,0.7922
gal0_star04325,star,1.8664336,0.967198,-260.30622,-700.77141,14.810284,7.4532864,-2.7433213,-0.11840071,1.0000,0.9248,0.6502
gal0_star04326,star,0.8586001,0.644566,872.77666,305.64433,4.4811224,-2.5196014,6.9843196,-0.08151083,1.0000,0.8179,0.4567
gal0_star04327,star,0.70992146,0.892922,239.68327,815.69229,-8.8387028,-6.5979778,2.6665636,0.022905056,0.9642,0.6965,0.2721
gal0_star04328,star,1.5391053,0.550474,423.3553,328.83909,-6.9150723,-6.9103312,7.5649937,-0.14519743,0.9772,0.3744,0.0265
gal0_star04329,star,1.7695746,0.978654,274.85406,99.236033,-26.319761,-4.7397753,12.875918,0.35800225,1.0000,0.5377,0.1121
gal0_star04330,star,0.71653382,0.447976,-209.91914,292.84788,-3.8490825,-9.1522955,-7.1734957,-0.0052406803,0.9709,0.8163,0.4127
gal0_star04331,star,1.8159653,0.453949,-381.12743,-139.12234,-16.071474,4.4800365,-10.386651,-0.22182031,0.9985,0.9659,0.8055
gal0_star04332,star,0.88662794,0.593131,253.84795,-384.52409,5.6781289,9.3488469,5.5227943,-0.16348152,0.9850,0.8279,0.4583
gal0_star04333,star,1.6341169,0.857921,393.92174,414.12453,-41.278796,-7.2793225,6.1956895,0.014469471,1.0000,0.8273,0.4497
gal0_star04334,star,1.3153685,0.632697,-729.02178,-485.41725,3.4879177,4.4852189,-6.1597057,-0.26878687,0.9749,0.9162,0.6306
gal0_star04335,star,1.3006659,0.405292,-216.10454,-736.49756,-1.7524717,7.6685424,-2.3299176,-0.39496419,0.9932,0.3526,0.0703
gal0_star04336,star,0.92030571,0.670042,-271.30516,79.385145,18.377952,-3.5107102,-12.247074,0.43377927,0.9951,0.9440,0.6666
gal0_star04337,star,1.1287015,1.10257,430.74928,-320.3381,28.183417,5.8145129,7.7588614,-0.086602125,0.9751,0.3573,0.0260
gal0_star04338,star,0.59159702,0.887719,462.15496,168.23216,-22.094643,-3.736222,9.4896706,-0.23559619,1.0000,0.9340,0.6697
gal0_star04339,star,1.1254798,0.301642,-154.79759,542.08323,-2.1527803,-8.7062888,-3.0748066,-0.095733846,1.0000,0.3739,0.0322
gal0_star04340,star,1.5580488,0.300663,948.18179,751.09422,2.0978716,-3.6618934,5.1412876,-0.18053779,0.9938,0.8670,0.4630
gal0_star04341,star,0.84193068,0.745557,-585.93016,1075.3591,7.8601889,-5.5761247,-2.8166878,-0.1162589,0.9848,0.9765,0.8249
gal0_star04342,star,1.336703,0.506928,647.49281,234.06202,-0.14550417,-2.8929112,7.595931,0.088494355,1.0000,0.5906,0.1174
gal0_star04343,star,1.4582353,0.49682,412.4384,-54.448879,-2.6837718,1.2589969,11.061852,-0.65545979,0.9783,0.5685,0.0720
gal0_star04344,star,1.5542699,0.342512,-790.39305,-162.58091,7.3521906,1.9420751,-7.6857275,-0.38568767,1.0000,0.3729,0.0262
gal0_star04345,star,1.1379352,0.661842,37.989347,12.522361,-26.970421,-10.775825,32.950475,0.44312718,1.0000,0.3836,0.0081
gal0_star04346,star,1.7610555,0.804947,-340.32623,-1599.2926,9.9081765,5.2256447,-0.77599434,-0.030675247,0.9893,0.5220,0.0771
gal0_star04347,star,0.79963497,0.417133,1463.8427,1101.2091,-19.393499,-3.3139626,4.3643473,0.26487369,1.0000,0.9640,0.8225
gal0_star04348,star,0.86670269,0.905513,-899.71638,213.14411,25.69277,-1.566994,-6.6641168,0.38104438,0.9960,0.5808,0.0889
gal0_star04349,star,0.8561323,1.03026,250.49845,267.76749,-4.0562257,-8.1338602,7.7691481,-0.60072309,0.9839,0.6930,0.2756
gal0_star04350,star,0.90647852,0.561891,82.529299,74.603017,-19.723989,-14.841902,15.291578,0.56587488,1.0000,0.3951,0.0206
gal0_star04351,star,1.7725631,0.698079,678.26782,746.38554,8.3792345,-5.2342933,4.9536412,-0.043401014,1.0000,0.8403,0.4654
gal0_star04352,star,0.96833613,0.606715,-160.81138,-213.92905,-26.376404,10.372207,-8.1595091,0.17051668,1.0000,0.9462,0.6289
gal0_star04353,star,0.75418237,0.540035,-31.756561,-89.877379,1.6284198,19.64988,-7.3706325,0.4269475,0.9767,0.8727,0.6262
gal0_star04354,star,0.52799872,0.655343,37.084963,482.90076,-2.7346983,-9.9187559,0.52387909,0.37128009,1.0000,0.9357,0.6735
gal0_star04355,star,1.4006878,0.506085,85.584437,163.15532,-9.5232873,-14.503952,7.9930051,0.29752459,0.9772,0.9925,0.8337
gal0_star04356,star,1.0093291,0.656124,858.79515,408.18116,2.1096722,-2.4714219,6.5889952,-0.22739921,1.0000,0.9763,0.8072
gal0_star04357,star,0.65271402,1.04515,185.87143,-409.49172,-11.994873,10.204905,4.4755483,-0.4880273,0.9909,0.9690,0.7539
gal0_star04358,star,1.3907799,0.678036,465.24136,189.72722,-0.55549398,-4.2303606,9.6503372,0.73001145,0.9818,0.6826,0.2915
gal0_star04359,star,0.75049602,0.321014,125.64998,436.76578,-2.0896839,-9.762912,2.9620293,-0.11656841,0.9826,0.9661,0.7859
gal0_star04360,star,1.5821279,0.84687,660.91086,1068.0487,-15.054461,-5.6287497,3.3693685,-0.075099892,1.0000,0.5370,0.0848
gal0_star04361,star,1.4010108,1.11268,846.73777,-115.67052,8.2710212,0.96072721,7.727016,0.48925491,0.9940,0.7337,0.2522
gal0_star04362,star,1.4488935,0.418913,671.32956,197.16582,-19.829352,-2.3277057,7.874396,-0.33525211,0.9897,0.5582,0.0850
gal0_star04363,star,0.96713871,1.01793,242.07536,-195.30409,2.0399217,6.9606147,10.473124,-0.96106789,1.0000,0.5703,0.0851
gal0_star04364,star,0.64276439,0.685749,-533.75851,-750.64814,-1.4842771,6.600818,-4.3585861,0.23553042,1.0000,0.3810,0.0306
gal0_star04365,star,0.51571152,0.941354,1035.7362,-217.74526,8.9995021,1.1816674,6.6565278,-0.013966377,1.0000,0.3649,0.0354
gal0_star04366,star,1.2005255,0.569969,-235.01261,-461.35108,-12.849932,8.9146595,-4.7027642,0.1618441,1.0000,0.3639,0.0000
gal0_star04367,star,1.2244971,0.578568,665.05484,122.95655,-5.197951,-2.0570521,8.6968039,-0.13523072,0.9774,0.9586,0.8144
gal0_star04368,star,1.0293012,0.704266,480.18859,133.39176,21.46783,-2.6086571,9.8201274,0.21817126,1.0000,0.8065,0.4605
gal0_star04369,star,1.5799929,0.965867,125.40604,-70.940624,3.5047031,8.9575349,16.86219,0.30506478,1.0000,0.9865,0.8197
gal0_star04370,star,0.69557213,0.523541,-188.58406,318.54439,0.00754682,-10.857661,-5.9251161,0.020738305,0.9911,0.8202,0.4581
gal0_star04371,star,0.55291123,0.555496,-84.237109,-551.92128,13.443501,8.880492,-1.3109038,0.32825844,1.0000,0.9318,0.8224
gal0_star04372,star,0.97864954,0.652301,-165.67908,-51.144555,23.374345,4.8716475,-16.552571,-0.25150656,0.9886,0.3945,0.0390
gal0_star04373,star,1.7114619,1.0093,416.38869,367.41232,1.601919,-6.2240366,7.4324181,-0.34887904,0.9947,0.3996,0.0144
gal0_star04374,star,0.51659473,0.926274,96.92359,-65.66157,-8.9093522,12.136519,18.00231,0.34265742,1.0000,0.5825,0.1061
gal0_star04375,star,1.0740682,0.943922,-585.97315,-56.220854,17.20874,0.739477,-9.0358479,-0.65967424,1.0000,0.9734,0.8521
gal0_star04376,star,0.97194629,0.817449,-361.8118,-120.12549,16.739067,2.9663915,-10.977389,-0.3446176,0.9948,0.9225,0.8176
gal0_star04377,star,1.6406305,0.819633,632.38761,-24.447043,24.224569,0.74470034,9.0291805,0.32417292,1.0000,0.9501,0.8115
gal0_star04378,star,0.68702712,0.814879,-227.64002,731.01469,9.8099246,-8.1006266,-2.2187342,-0.094395066,0.9773,0.3639,0.0606
gal0_star04379,star,0.62026425,0.726915,-175.18377,522.36333,32.534986,-9.6120037,-2.9350041,0.98367806,1.0000,0.9721,0.8350
gal0_star04380,star,1.155116,0.301443,-203.00447,302.85666,-5.5644232,-9.8423454,-7.1563503,-0.68377389,1.0000,0.8450,0.4626
gal0_star04381,star,1.6875954,1.14802,-345.97572,-138.91063,35.181788,4.1571176,-10.526641,-0.34182219,1.0000,0.3705,0.0417
gal0_star04382,star,1.8171718,0.775711,-1200.0104,-349.62562,-9.2677526,1.60852,-6.4580506,-0.31969755,1.0000,0.9488,0.6240
gal0_star04383,star,1.5212208,0.500775,266.35223,-185.32118,-4.3242319,7.7311519,9.7164521,0.82008306,0.9907,0.3817,0.0054
gal0_star04384,star,1.2529611,0.673812,-775.51246,-219.59223,-7.5474706,2.1020466,-7.6258258,-0.084016931,0.9828,0.9533,0.8050
gal0_star04385,star,1.8633056,0.613651,923.86432,-422.95206,-9.2125398,3.1865628,6.1901579,-0.18369123,1.0000,0.5575,0.1040
gal0_star04386,star,1.2923708,0.991471,-359.95584,-174.98339,6.1922955,4.1543294,-9.9840585,-0.13506595,0.9888,0.9711,0.8203
gal0_star04387,star,0.86416909,0.551577,651.97428,331.23289,0.59777872,-3.8476249,7.1546107,-0.019691474,1.0000,0.3894,0.0292
gal0_star04388,star,1.2305006,0.878956,-638.08278,533.86562,9.5755491,-4.9702438,-5.7021427,0.36144075,0.9684,0.9106,0.6551
gal0_star04389,star,1.2848915,0.320485,266.29111,36.762592,13.893985,-2.9629265,13.329548,-0.79545469,1.0000,0.9326,0.6547
gal0_star04390,star,0.95223046,0.705231,64.965239,45.753385,-2.4982857,-15.084713,20.786753,1.7808644,1.0000,0.3898,0.0299
gal0_star04391,star,1.3745094,0.336284,-627.44212,1085.804,-1.789012,-5.4636337,-3.197899,-0.1485903,1.0000,0.9090,0.6604
gal0_star04392,star,0.60740535,0.96527,-160.52459,-165.10515,-1.2863695,10.818963,-10.93105,0.24547935,1.0000,0.5681,0.0939
gal0_star04393,star,0.96958942,0.852258,-646.18636,530.1099,6.6216328,-5.081528,-5.5759426,-0.10972175,1.0000,0.8301,0.4387
gal0_star04394,star,0.64386904,0.908838,857.60123,-802.62827,10.244634,4.0869641,4.7291539,-0.069443323,1.0000,0.4219,0.0194
gal0_star04395,star,0.88780364,0.699026,-554.37351,-203.94845,7.7059776,3.14575,-9.3418226,0.35047124,0.9956,0.9802,0.7998
gal0_star04396,star,1.7707513,0.551938,244.43802,-615.5861,4.9242386,8.04646,2.7576951,-0.097556789,0.9603,0.5827,0.0836
gal0_star04397,star,1.1632895,0.768542,390.29085,-346.85756,4.3351114,7.1002412,7.4506465,-0.0084674491,0.9848,0.8694,0.4237
gal0_star04398,star,1.4603545,0.618575,131.46736,-212.65431,-4.2199119,11.645733,7.0961834,0.092685125,0.9959,0.5630,0.1174
gal0_star04399,star,1.7987537,0.602429,-411.96973,-855.5266,14.5384,6.6133213,-2.8338125,0.051379992,0.9831,0.8340,0.4841
gal0_star04400,star,1.7787281,0.751384,-587.07954,-236.54042,9.743949,3.370913,-8.1379685,-0.00039629159,0.9973,0.9652,0.8451
gal0_star04401,star,0.74159271,0.356324,-149.37935,128.07479,16.63158,-10.670041,-12.832568,0.25517717,1.0000,0.8418,0.4338
gal0_star04402,star,1.2086973,0.617176,160.23862,879.4073,-5.6088716,-7.0041461,1.4282035,0.018422308,0.9746,0.3823,0.0000
gal0_star04403,star,1.3546752,0.321739,352.81625,-59.574674,9.8667091,1.763279,11.945668,0.2316265,1.0000,0.8398,0.4593
gal0_star04404,star,1.9804093,1.11862,-263.80328,-931.32069,-9.6749638,6.75243,-1.6262709,-0.33894243,1.0000,0.8920,0.6255
gal0_star04405,star,1.9313272,0.958049,-73.010047,-781.30587,-25.607026,7.4738521,-0.87906346,-0.24239756,0.9775,0.7408,0.2584
gal0_star04406,star,0.83481899,0.541859,486.41367,-528.8221,-11.020294,6.1072874,6.0747127,0.29471021,0.9898,0.9376,0.6770
gal0_star04407,star,1.7988112,0.403082,549.58794,541.59117,-5.3565217,-4.8940753,5.9445264,-0.097220636,1.0000,0.9382,0.7928
gal0_star04408,star,1.2730389,0.610222,80.066605,1783.0207,2.4524786,-5.2590592,-0.076080402,0.23556827,1.0000,0.9222,0.6442
gal0_star04409,star,1.9426504,0.305676,1294.6405,-52.831791,-8.6839776,0.021824828,6.2048784,-0.63340654,1.0000,0.3506,0.0449
gal0_star04410,star,1.4511504,0.719209,1040.1329,-115.34203,1.3596062,0.84815462,6.8376394,-0.29377543,1.0000,0.3903,0.0224
gal0_star04411,star,0.78242746,0.692387,-810.18456,934.08351,0.68206648,-4.8477739,-4.0132296,-0.29407665,0.9810,0.7071,0.2680
gal0_star04412,star,0.7078689,1.07859,249.59079,-407.96221,0.245812,7.7861577,5.8240413,0.63428266,0.9813,0.7190,0.2481
gal0_star04413,star,1.6816421,0.609818,313.42081,551.64074,-14.874629,-7.8279432,3.7816633,-0.034873043,0.9953,0.9644,0.6654
gal0_star04414,star,1.5997467,1.08796,-643.778,-548.46781,11.69038,4.6930735,-6.1399924,-0.43617557,1.0000,0.7898,0.4615
gal0_star04415,star,0.85160578,0.602316,-238.60732,269.14868,27.640844,-9.3619168,-7.6391956,0.24036094,0.9985,0.9475,0.8079
gal0_star04416,star,1.6238493,0.751619,10.60146,1135.5131,-7.378523,-6.5032931,0.082954981,0.043024482,1.0000,0.3628,0.0000
gal0_star04417,star,1.9553753,0.35239,-175.32386,-141.43883,9.6075636,9.457832,-12.523071,-0.28617021,1.0000,0.5442,0.0899
gal0_star04418,star,1.3309829,0.403874,-376.12914,-1132.3261,-7.8839779,5.8970417,-2.0428092,0.0087804872,1.0000,0.8585,0.4575
gal0_star04419,star,0.5990626,1.09532,-510.37894,398.19569,20.511097,-5.9283754,-7.0599853,0.44786953,0.9749,0.8194,0.4441
gal0_star04420,star,0.6124179,0.420935,-1395.2652,598.19019,-19.536343,-2.1219786,-5.2499125,-0.295848,1.0000,0.7981,0.4532
gal0_star04421,star,1.9138937,0.525937,-107.16892,122.2224,-21.534733,-13.197912,-11.435095,-1.110509,1.0000,0.9066,0.6679
gal0_star04422,star,0.57369042,0.899495,1710.7708,332.83565,-11.307009,-1.0125939,5.3636774,0.20837201,0.9897,0.8120,0.4510
gal0_star04423,star,1.0199215,0.649802,450.37306,117.89751,-27.242209,-2.2579489,9.4391424,0.29425469,0.9986,0.5544,0.0703
gal0_star04424,star,1.9209491,0.543845,284.92246,112.93863,5.7635328,-5.1777067,11.893789,0.33139785,0.9992,0.3995,0.0000
gal0_star04425,star,1.0657662,0.557052,1100.2694,200.90539,-9.7023027,-1.3029991,6.6715667,-0.019762355,1.0000,0.5782,0.1248
gal0_star04426,star,0.89871353,1.0067,1280.0944,-1275.4937,5.9351688,3.9218491,3.7756903,0.48186686,0.9773,0.9149,0.6445
gal0_star04427,star,1.8218958,0.791522,148.60699,-425.04993,-19.830905,9.7338377,3.0695242,0.34814613,0.9865,0.9305,0.6995
gal0_star04428,star,1.7619122,0.921966,467.45053,248.13013,0.50302179,-4.4607709,8.6367348,-0.36163248,1.0000,0.8242,0.4436
gal0_star04429,star,0.61240866,1.0838,194.77004,-1.3339629,-8.6200569,-0.85463562,16.655932,0.47716552,0.9749,0.5577,0.1019
gal0_star04430,star,1.7011891,0.985846,673.1086,1088.4979,2.618573,-5.3184007,3.5503121,-0.074465691,0.9892,0.5471,0.0886
gal0_star04431,star,1.0288333,0.892255,-731.35404,1016.0622,17.284318,-5.0388124,-3.8403381,0.026059855,0.9745,0.7468,0.2401
gal0_star04432,star,0.85811279,0.64972,644.21913,267.40277,-4.6880506,-3.2533711,8.0841683,0.63997505,1.0000,0.9372,0.8031
gal0_star04433,star,1.6413576,0.598067,483.91778,156.85794,-0.98602844,-3.7297261,9.3851868,-0.40642315,1.0000,0.9134,0.6483
gal0_star04434,star,1.1647531,0.497557,-183.3144,524.67652,19.652672,-8.2100669,-3.367713,0.12608975,1.0000,0.8417,0.4519
gal0_star04435,star,0.78736983,0.777718,-474.29049,149.13537,-18.453704,-3.2597682,-9.1983581,-0.32367192,0.9947,0.9717,0.8343
gal0_star04436,star,0.6174042,0.749752,-343.23816,-176.99367,27.859596,5.5629781,-9.9502122,0.24856186,1.0000,0.8991,0.6554
gal0_star04437,star,1.6355901,0.872082,98.940153,-414.92188,-7.6569071,9.9860886,2.7015671,-0.14663991,0.9925,0.9533,0.8199
gal0_star04438,star,1.6978798,0.581372,395.65208,362.5945,10.198378,-6.9918608,7.1841815,-0.51711548,0.9873,0.5655,0.0724
gal0_star04439,star,0.63154132,0.562209,-788.22829,-132.03811,-7.6654111,1.0689582,-8.0435801,0.028517207,0.9902,0.9407,0.8155
gal0_star04440,star,1.6474327,0.647379,-267.70327,286.54173,-4.1414333,-8.1226276,-7.5236641,0.024661663,1.0000,0.9336,0.6351
gal0_star04441,star,1.4724342,1.13886,-341.6705,1136.4746,5.0867627,-5.9814358,-1.7350692,0.059950694,1.0000,0.9126,0.6613
gal0_star04442,star,0.733948,0.824477,-38.282551,-337.28565,22.014009,12.501012,-1.2032532,0.54946461,0.9816,0.5383,0.1031
gal0_star04443,star,0.55174003,0.649228,-949.57507,89.142145,-3.897384,-0.33353782,-7.1867793,-0.33727915,0.9882,0.9349,0.6778
gal0_star04444,star,1.6920472,0.877795,218.19528,317.72601,11.998902,-9.8005107,6.9733398,-0.17756085,0.9579,0.9399,0.6993
gal0_star04445,star,1.3882342,0.919699,-1345.455,720.96289,-0.67622066,-2.7070471,-5.2649978,-0.11234241,0.9938,0.8434,0.4565
gal0_star04446,star,1.4207593,0.496048,740.08936,657.27423,14.275641,-4.4848155,5.8350894,-0.033316642,0.9992,0.7150,0.2731
gal0_star04447,star,1.2469822,0.838295,386.85442,750.78807,-12.246271,-6.5999873,3.6889364,-0.56276901,0.9668,0.9781,0.8053
gal0_star04448,star,0.65043975,0.950319,452.2663,262.48047,-35.076865,-3.8537289,8.8815313,0.059402879,0.9860,0.5582,0.1227
gal0_star04449,star,1.9987605,0.971399,219.50685,283.75122,14.260438,-9.2778464,6.9797723,0.69514476,0.9828,0.9598,0.8542
gal0_star04450,star,1.6751045,0.733096,-184.05802,305.90379,1.5156634,-10.00292,-5.8614352,-0.87749345,0.9477,0.5490,0.1165
gal0_star04451,star,0.99164802,0.822584,779.06718,-260.14569,6.3807875,2.3546528,7.3420723,-0.43853162,0.9923,0.3566,0.0514
gal0_star04452,star,1.4446226,0.48985,-0.36120815,-377.54933,-15.572678,11.748057,-0.15559089,-0.22309212,1.0000,0.9582,0.7802
gal0_star04453,star,1.7187539,0.77659,445.22574,308.81308,17.570117,-6.2036715,7.8488327,-0.52861436,1.0000,0.8223,0.4580
gal0_star04454,star,1.0877103,0.304362,-187.71609,543.38572,20.628872,-8.471331,-3.0211963,-0.20004619,1.0000,0.9148,0.6356
gal0_star04455,star,1.4702217,0.587761,-498.32861,-420.19043,-41.145124,5.4233874,-6.7090997,-0.44579429,0.9902,0.4172,0.0208
gal0_star04456,star,1.0488228,1.13422,757.57874,-231.56781,-10.540892,2.1300955,7.4573817,-0.23470981,0.9954,0.5458,0.1341
gal0_star04457,star,1.2065531,0.661171,-196.95987,-109.50953,-21.127098,7.2975977,-12.71951,-0.24651509,0.9840,0.7186,0.2814
gal0_star04458,star,1.4517705,1.03072,1193.774,-791.02376,-22.045095,3.4027037,5.2074953,-0.040769524,0.9758,0.9673,0.7927
gal0_star04459,star,1.5686706,0.930568,-732.84451,-445.95574,-0.82719645,3.8107573,-6.5095052,-0.1554255,1.0000,0.7336,0.1950
gal0_star04460,star,1.9139612,1.10773,-457.14698,157.00342,-25.585932,-2.915414,-9.2829733,0.070343818,0.9963,0.8438,0.4484
gal0_star04461,star,1.9505383,0.331908,-53.289341,109.93269,-14.691198,-17.893231,-8.1922891,-0.75082026,1.0000,0.3818,0.0242
gal0_star04462,star,0.50367036,0.999734,672.96685,-2.3706873,-14.248388,0.33851223,8.6676362,0.21246094,1.0000,0.9248,0.6268
gal0_star04463,star,1.3880857,1.04674,-688.33324,-920.60846,3.2061788,5.4589675,-3.9710163,0.45921422,0.9793,0.5612,0.1105
gal0_star04464,star,0.50577417,0.871959,-712.54923,-437.69047,-1.2312614,3.8900826,-6.3328887,-0.32600443,0.9963,0.3974,0.0213
gal0_star04465,star,0.50180898,0.620547,-66.543988,281.4252,-29.34274,-12.791943,-2.8217652,-0.032313892,1.0000,0.5113,0.1118
gal0_star04466,star,1.7245647,0.504636,-1197.8671,564.61582,-5.4819891,-2.5801032,-5.7763377,-0.012207717,0.9880,0.5467,0.1487
gal0_star04467,star,0.83220018,0.938673,442.56348,655.83553,15.320876,-6.7536296,4.4646882,0.38561309,1.0000,0.3975,0.0165
gal0_star04468,star,0.8397114,0.955032,116.65517,-237.34178,28.331375,12.473738,5.6645887,-0.15907993,1.0000,0.8835,0.6224
gal0_star04469,star,1.5669521,0.354872,-11.260903,488.12592,-17.352175,-10.15033,-0.3532715,-0.26184509,0.9830,0.3774,0.0340
gal0_star04470,star,1.6458994,0.794135,-545.48308,-119.17818,21.788797,2.2622698,-8.7822791,0.87388271,0.9936,0.9921,0.8394
gal0_star04471,star,1.9537845,0.820369,400.96475,-557.14344,7.130098,7.2214525,4.8608613,0.096576364,1.0000,0.5555,0.1052
gal0_star04472,star,0.67351724,0.871024,1303.1395,1313.1365,4.2688476,-3.6853593,3.5487773,-0.11964167,0.9589,0.3901,0.0385
gal0_star04473,star,0.82202276,0.336535,-109.99095,719.95668,-0.68585174,-8.0520569,-1.1059295,-0.22278159,1.0000,0.7462,0.2280
gal0_star04474,star,1.4219641,0.749885,30.659045,-33.878847,-19.571562,25.24692,22.07606,2.6480874,0.9922,0.9909,0.7828
gal0_star04475,star,1.6426438,0.878749,-22.851022,307.40722,-0.0047309669,-13.435403,-0.84107754,-0.095675937,1.0000,0.8988,0.6186
gal0_star04476,star,1.0085495,0.389383,-1275.4924,453.19128,7.8231947,-2.1941009,-6.0436446,0.0001519288,1.0000,0.4087,0.0248
gal0_star04477,star,0.96365143,0.589185,570.8312,548.92912,-17.496379,-5.3330246,5.8875585,-0.17448453,0.9936,1.0000,0.8198
gal0_star04478,star,1.9352834,0.616966,246.59555,-178.22153,1.3538252,7.4162771,9.7163742,-1.0220949,0.9947,0.9021,0.6636
gal0_star04479,star,1.0937796,0.380781,65.417934,454.54546,8.4103651,-10.076429,1.7956315,0.5172924,1.0000,0.8439,0.4327
gal0_star04480,star,1.0829507,0.442826,-173.86355,-735.10953,14.641549,8.3186838,-1.9271904,-0.35927967,0.9718,0.6996,0.2770
gal0_star04481,star,0.63874312,1.00931,-53.931653,-567.08554,-13.402457,10.073436,-0.41953378,-0.23810464,1.0000,0.3835,0.0281
gal0_star04482,star,1.1111567,0.740671,445.70372,713.26565,-4.7929246,-6.5409782,4.112448,0.47856535,0.9860,0.5667,0.0664
gal0_star04483,star,0.50679054,0.523848,451.32663,108.91029,9.1905036,-2.5694615,9.9743198,0.056447592,0.9976,0.3448,0.0348
gal0_star04484,star,1.9458578,1.05336,258.67709,200.73387,3.9111207,-7.820832,10.309056,-0.69868173,0.9856,0.9416,0.6719
gal0_star04485,star,1.785667,1.03133,-121.33198,313.88576,-12.047453,-11.529106,-4.9929494,-0.42182725,0.9969,0.8956,0.6392
gal0_star04486,star,0.79611034,0.359104,-55.646519,125.9549,16.388694,-17.79545,-6.8268679,-0.84725867,0.9968,0.7134,0.2534
gal0_star04487,star,0.50037187,0.458513,17.619506,-416.65459,33.202405,11.49466,0.76949895,0.13570833,0.9936,0.8600,0.4680
gal0_star04488,star,1.4377436,0.924199,321.62366,489.49989,-10.673645,-7.6108059,5.7088935,0.12710513,1.0000,0.5409,0.0701
gal0_star04489,star,1.8958196,0.435504,146.71843,412.09957,0.49832069,-9.9924174,3.7939732,0.25750683,0.9632,0.9237,0.6457
gal0_star04490,star,0.57362682,0.390175,98.569722,131.47822,7.5801053,-13.968991,10.309179,-0.54819053,0.9984,0.8385,0.4594
gal0_star04491,star,0.83426421,0.321508,-124.15762,128.76189,14.606593,-12.099198,-11.479103,-0.23560444,1.0000,0.9742,0.8119
gal0_star04492,star,0.53653566,0.924603,523.48869,631.09213,-12.275363,-5.5456355,4.8946959,0.065871695,0.9891,0.9507,0.8290
gal0_star04493,star,1.1496805,0.65762,251.00972,-197.75718,3.0163484,7.8022471,8.9911805,-0.54247819,1.0000,0.6918,0.2604
gal0_star04494,star,1.4441745,0.813612,551.06794,-957.42657,-14.403334,5.7506205,3.7588539,-0.18096351,0.9861,0.9449,0.7991
gal0_star04495,star,0.99107879,0.501596,-416.72045,-544.29074,-6.17025,6.7278457,-5.2522702,0.40450023,1.0000,0.8424,0.4275
gal0_star04496,star,1.7197315,0.861056,-71.75016,-572.18655,-4.6398491,8.9903032,-1.2339838,0.56188601,1.0000,0.8007,0.4656
gal0_star04497,star,1.7418987,0.930361,-101.424,-301.3486,6.4493407,12.404047,-4.4323654,-0.46094539,0.9501,0.7152,0.2441
gal0_star04498,star,1.9750475,0.356554,168.8545,-215.35037,4.0111892,10.384907,8.0186032,-0.53972425,1.0000,0.8333,0.4473
gal0_star04499,star,1.9529194,0.471418,137.21777,406.46761,9.5537944,-9.8267148,3.3876627,-0.25087664,0.9973,0.9656,0.7664
gal0_star04500,star,1.2037546,0.944455,811.61911,-546.60144,-16.481755,3.9631739,6.0581615,-0.13999859,1.0000,0.9020,0.6724
gal0_star04501,star,1.1516198,0.963576,800.70403,-195.31495,9.7798124,1.523052,7.0335431,-0.37896643,0.9746,0.7408,0.2643
gal0_star04502,star,1.5834804,0.930611,490.20539,610.34642,6.1299182,-6.5858949,5.2191672,-0.20431553,0.9919,0.9468,0.8257
gal0_star04503,star,1.3776042,0.72899,47.064822,715.44042,-10.455482,-8.1614729,0.88045969,0.79592291,1.0000,0.5274,0.1098
gal0_star04504,star,0.66217432,0.953001,204.1887,398.50067,9.4958332,-10.020052,4.8840095,0.74185218,0.9947,0.9199,0.6212
gal0_star04505,star,1.9619072,0.784849,-373.64062,232.56582,-15.35212,-6.1587654,-9.0029517,0.067143421,0.9920,0.9655,0.8150
gal0_star04506,star,1.9117112,0.972398,-248.04888,76.581254,-2.8323659,-3.5228558,-13.507138,-0.39061767,1.0000,0.9736,0.8233
gal0_star04507,star,1.1588031,0.745271,-36.173083,921.71188,25.939821,-7.2525678,-0.71377716,-0.054742298,1.0000,0.7015,0.2487
gal0_star04508,star,1.9383652,0.432072,323.86792,508.2424,-16.580947,-8.0857814,5.1659377,0.54455277,0.9789,0.8383,0.4757
gal0_star04509,star,1.4793275,0.716731,-112.267,472.64431,30.231389,-9.8774986,-2.2846565,-0.14077062,0.9553,0.8586,0.4563
gal0_star04510,star,1.4726537,0.965524,93.931977,164.87339,19.790813,-15.232194,7.3284071,-0.52823768,1.0000,0.5292,0.0810
gal0_star04511,star,1.3107809,0.969264,-311.80874,28.77574,-20.98514,-1.4004917,-12.63335,0.09832024,1.0000,0.7706,0.4367
gal0_star04512,star,1.9821226,0.751735,366.56679,739.54355,1.4414258,-6.9087265,3.6148481,0.11950463,0.9855,0.7084,0.2754
gal0_star04513,star,1.5145103,0.94635,-718.31563,505.47347,-10.673606,-4.2372383,-6.1060625,0.22846146,1.0000,0.3867,0.0000
gal0_star04514,star,1.1292042,0.930845,233.98358,336.64532,6.5527694,-9.0173159,6.6298837,0.4267419,0.9997,0.9499,0.6538
gal0_star04515,star,0.78494137,0.524895,868.60259,-489.21179,9.6329843,3.4648622,6.4144901,0.020380832,1.0000,0.5658,0.1053
gal0_star04516,star,1.2630549,0.522633,1272.4504,-1342.8961,-3.3571547,3.7781779,3.6921924,0.063838625,0.9812,0.9044,0.6827
gal0_star04517,star,1.4280647,0.678081,181.82269,-403.66458,3.0088502,9.7478369,4.3562855,-0.62389697,0.9974,0.5888,0.0810
gal0_star04518,star,0.68471203,0.546579,423.7403,12.940145,-4.2746115,-0.44053457,11.118124,0.15608717,0.9975,0.8381,0.4825
gal0_star04519,star,1.3606713,0.614774,1316.5797,410.28677,-21.900877,-1.8151616,5.6200716,0.30274816,0.9519,0.9111,0.6253
gal0_star04520,star,0.91585612,0.650852,440.87304,-778.57486,-5.0033661,6.3566609,4.2384259,0.04491785,1.0000,0.9439,0.6916
gal0_star04521,star,0.93350355,0.612056,-347.80531,-210.43184,4.7075489,5.354593,-10.128378,-0.48553477,1.0000,0.8471,0.4709
gal0_star04522,star,0.66518947,0.35197,-169.95437,-128.99365,15.628756,9.2969988,-12.056726,0.38313303,0.9838,0.9213,0.6232
gal0_star04523,star,1.1179368,0.632367,327.62314,-147.24993,15.187127,5.8241595,10.833361,-0.45590715,1.0000,0.7009,0.2606
gal0_star04524,star,1.4558713,0.937426,47.381982,-1021.4747,1.5763947,6.7343424,0.40107383,0.00024451491,0.9944,0.9155,0.6456
gal0_star04525,star,0.50309952,0.303165,-347.72548,-667.86537,6.3927686,7.6585298,-3.526821,0.013289074,0.9984,0.7030,0.2505
gal0_star04526,star,1.9705447,0.950927,-254.96319,100.06612,32.50122,-4.5052096,-13.13771,0.014656567,1.0000,0.9396,0.7964
gal0_star04527,star,1.3494706,0.739974,106.81481,-411.19374,-20.311135,9.5687011,3.1407274,0.08009385,0.9734,0.3654,0.0000
gal0_star04528,star,1.743933,0.543565,323.00075,-188.69283,-8.1016285,5.7407074,9.1648905,0.52676487,0.9757,0.5843,0.0879
gal0_star04529,star,1.5006472,1.09949,995.71567,-684.85257,-10.041251,3.9282674,5.4900127,-0.29070575,0.9792,0.7119,0.2440
gal0_star04530,star,1.0533009,0.470144,433.91129,1228.287,8.2911671,-5.6847942,1.869659,0.096163813,0.9856,0.9616,0.7944
gal0_star04531,star,1.4462419,1.00956,-362.81367,-113.65443,4.0748809,3.4152285,-11.10198,-0.7307284,0.9685,0.7135,0.2440
gal0_star04532,star,1.2294851,0.838119,637.15661,53.731179,-2.3792218,-1.3496057,9.0283119,0.13095512,1.0000,0.3562,0.0404
gal0_star04533,star,0.84758706,0.407071,406.76768,-51.595908,-15.188872,1.9196561,11.060709,0.29614831,0.9746,0.9915,0.8051
gal0_star04534,star,1.0111415,0.346033,55.246008,455.87572,3.9983742,-10.14243,0.78027694,0.33941284,1.0000,0.9085,0.6532
gal0_star04535,star,0.53297686,0.372012,-390.47362,211.43088,-6.6867018,-5.119595,-8.9382199,-0.078186287,1.0000,0.8379,0.4628
gal0_star04536,star,1.1152705,0.819343,664.60501,793.70753,5.664619,-5.1178619,4.3626895,-0.073332993,0.9929,0.8316,0.4435
gal0_star04537,star,0.97856292,0.508437,400.47092,725.21948,-1.316701,-6.9577839,3.7950293,-0.025210495,1.0000,0.5733,0.1364
gal0_star04538,star,1.3869996,1.01533,-713.48029,1706.8819,7.0290992,-4.4853993,-2.0972554,-0.095535562,1.0000,0.5493,0.1034
gal0_star04539,star,1.8020507,0.472171,-182.42298,1579.0082,12.064823,-5.6663795,-0.18642821,0.33862553,0.9856,0.8140,0.4269
gal0_star04540,star,0.64063995,0.499658,-328.22705,249.10112,16.521789,-6.6171785,-8.7502232,-0.2809185,0.9956,0.9063,0.7026
gal0_star04541,star,1.4274115,0.33326,203.32475,-613.38312,15.505283,8.3713686,2.5968215,-0.35239546,0.9741,0.7124,0.2678
gal0_star04542,star,1.6062714,0.907895,331.91088,-367.5039,-38.443452,7.4805271,7.0299209,0.024862673,1.0000,0.9593,0.7691
gal0_star04543,star,1.0407338,1.14582,144.71458,-218.30757,-21.338514,11.486312,7.8856379,0.66843879,1.0000,0.8204,0.4619
gal0_star04544,star,0.82664385,1.00735,-762.20387,-35.586392,-9.9050263,0.39075575,-8.0286027,0.28322845,1.0000,0.9937,0.7951
gal0_star04545,star,1.2022556,0.826974,804.26551,887.09406,12.58111,-4.9661899,4.5020238,0.15106841,0.9969,0.9683,0.8252
gal0_star04546,star,1.2856631,0.827677,303.34779,-599.97407,-9.7363636,7.3068636,3.9238627,-0.38131279,0.9947,0.8218,0.4470
gal0_star04547,star,1.7433226,0.347018,-469.23638,882.50447,7.9911973,-6.5315342,-3.0687225,0.14552218,1.0000,0.9244,0.6439
gal0_star04548,star,1.9371626,1.03263,232.28855,-222.72141,10.856138,9.2812481,9.0160396,0.40322537,1.0000,0.6927,0.2407
gal0_star04549,star,1.201554,0.386692,230.18404,263.12546,9.0942517,-9.4772223,7.7298136,0.1299597,0.9761,0.3844,0.0179
gal0_star04550,star,1.808504,0.444194,-277.19016,286.21192,6.2752115,-7.9455962,-7.6727083,0.14821995,0.9916,0.3765,0.0260
gal0_star04551,star,0.58003472,0.497752,-137.52379,145.11929,-3.3834405,-12.373167,-11.81293,0.46794633,0.9872,0.9512,0.7985
gal0_star04552,star,1.4280557,0.568466,1416.9763,1189.4025,16.460976,-3.4840634,3.8674095,-0.021110292,0.9891,0.9420,0.6412
gal0_star04553,star,1.444303,0.577685,-998.8007,-132.52915,-4.3600621,0.88657977,-7.2629055,0.21189511,0.9926,0.9529,0.8399
gal0_star04554,star,1.0655095,1.10345,-249.18685,525.92475,-1.4990172,-8.5100449,-4.1312388,0.59126425,0.9278,0.3977,0.0315
gal0_star04555,star,0.72680774,0.982242,170.37805,-818.76675,2.8897295,7.5012716,1.7342235,-0.10772186,0.9955,0.8119,0.4365
gal0_star04556,star,1.4058326,1.1126,324.28363,-593.63708,-10.083931,7.5710459,4.2365582,-0.4154246,0.9904,0.9371,0.6644
gal0_star04557,star,0.68739099,1.13321,624.649,381.07237,10.279121,-4.5911086,6.5307929,-0.023690304,1.0000,0.9060,0.6450
gal0_star04558,star,0.89656515,0.702897,459.61402,232.04984,-25.23107,-4.2568032,9.6196613,0.72171815,1.0000,0.4035,0.0089
gal0_star04559,star,0.76147591,0.55343,-34.965205,488.45133,-2.4905192,-10.150528,-0.8884677,-0.46238347,0.9477,0.7180,0.2415
gal0_star04560,star,1.7137178,0.828376,291.76495,-827.22799,-15.299531,7.011419,2.3735823,0.061384035,0.9853,0.3847,0.0095
gal0_star04561,star,1.282236,0.538315,-1332.5046,-686.33916,11.60607,2.5402077,-5.1789975,0.38336199,0.9959,0.3599,0.0279
gal0_star04562,star,0.69318099,1.14604,-18.497289,-373.55275,16.03882,11.195761,-1.1665867,0.36769935,0.9980,0.9192,0.6585
gal0_star04563,star,1.4214906,0.657006,172.12128,-212.12685,-18.526028,11.123719,7.5482553,-0.27408079,1.0000,0.5496,0.0778
gal0_star04564,star,1.9916887,0.404723,149.64062,-57.427531,-10.922343,6.0533736,17.68751,0.43884593,1.0000,0.6967,0.2514
gal0_star04565,star,0.9095228,0.852547,1110.5127,21.739262,5.7801177,-0.95991778,6.4712479,-0.10906395,1.0000,0.8588,0.4265
gal0_star04566,star,0.6751288,0.882911,306.92573,-593.55397,14.390863,7.7596292,4.2830965,-0.17272909,1.0000,0.5626,0.1099
gal0_star04567,star,0.95158914,1.05159,-81.521075,-299.44532,14.983985,12.535646,-3.5068477,1.3162755,0.9872,0.7404,0.2447
gal0_star04568,star,1.5582989,1.03223,302.53267,-179.87633,2.7229235,6.5303755,9.9855371,-0.28003841,0.9792,0.8338,0.4805
gal0_star04569,star,0.67814019,0.872318,-179.31709,501.74489,8.5151243,-9.0620544,-2.8949937,-0.20883493,1.0000,0.5628,0.0888
gal0_star04570,star,0.92269721,0.92001,-229.09985,298.56366,-0.14337298,-9.4609744,-7.0605375,0.43238314,1.0000,0.5113,0.1288
gal0_star04571,star,0.817627,1.13313,-351.09427,-8.3666131,-21.404953,-0.08385153,-11.391869,-1.0816781,0.9948,0.7210,0.2789
gal0_star04572,star,0.96605393,1.14362,-136.45932,-52.098459,-7.6416208,6.3341652,-16.055844,1.251985,1.0000,0.3296,0.0411
gal0_star04573,star,0.86650276,0.354893,-13.909219,-154.80412,14.555126,17.911262,-1.7807021,0.10748618,0.9823,0.8331,0.4311
gal0_star04574,star,1.5500547,0.424139,-236.28087,524.86431,3.363248,-8.4029148,-3.735055,-0.45846486,0.9940,0.5518,0.0757
gal0_star04575,star,1.1589913,0.487542,-157.83295,-746.92422,13.768425,7.8027431,-1.3912187,-0.15990536,1.0000,0.3767,0.0123
gal0_star04576,star,1.2276418,0.454927,387.09553,-586.77287,9.5745442,6.8928502,4.4464902,-0.092530318,1.0000,0.3912,0.0359
gal0_star04577,star,0.89203646,0.450832,-183.15275,-139.93372,-18.588271,9.2280517,-11.276219,0.49845496,0.9811,0.5826,0.1062
gal0_star04578,star,1.5111882,0.386458,430.42793,298.46992,-19.884156,-5.38838,8.3405575,0.089884758,1.0000,0.9571,0.8026
gal0_star04579,star,0.72838827,1.08959,-767.95478,-256.64037,9.5593213,2.4694331,-6.982459,0.11296126,1.0000,0.9332,0.8043
gal0_star04580,star,1.7278693,1.00772,116.85905,-820.83229,5.7425361,7.5926395,1.3921688,-0.08966398,0.9814,0.7229,0.2670
gal0_star04581,star,1.2128481,1.02533,-233.09079,97.545287,20.281183,-5.6145581,-12.166808,-0.16046129,0.9971,0.9148,0.6484
gal0_star04582,star,1.2602413,0.387334,23.900676,-412.51594,-18.687955,12.089296,0.85514829,-0.58013562,1.0000,0.9132,0.6696
gal0_star04583,star,1.9291465,1.07453,156.28022,-202.1592,13.279782,11.547115,8.705878,0.9147846,0.9859,0.9459,0.6340
gal0_star04584,star,1.1622636,1.09614,22.536443,460.79408,-11.429898,-9.9590297,0.67788752,-0.043243393,1.0000,0.9137,0.6394
gal0_star04585,star,1.1435976,0.462436,-144.4513,-790.31289,-7.5390469,7.6854919,-1.8709821,-0.58806603,0.9651,0.5564,0.1133
gal0_star04586,star,1.134637,0.955805,-289.44175,-371.1744,-21.637485,8.3303408,-6.6735172,0.01227519,0.9829,0.5596,0.0896
gal0_star04587,star,1.7236659,0.55061,244.17627,-404.7406,24.142589,9.2131312,5.4366892,-0.46872822,0.9855,0.4153,0.0008
gal0_star04588,star,1.8926372,0.959519,291.15718,519.05531,-12.869821,-8.2743087,3.9982699,-0.015958992,0.9833,0.9693,0.8358
gal0_star04589,star,1.918817,0.5437,-93.630373,515.70563,9.1914213,-9.652529,-1.4259334,0.46449358,1.0000,0.5728,0.0966
gal0_star04590,star,0.92612622,0.919974,357.77049,-815.21039,16.49047,6.3437838,2.4908964,-0.12603483,0.9951,0.9707,0.7979
gal0_star04591,star,0.99386136,0.533589,482.6981,-542.49929,41.481346,5.8762322,5.275082,0.39510479,1.0000,0.8880,0.6358
gal0_star04592,star,1.9297213,0.393442,252.84833,833.53355,-4.0787153,-7.4283113,2.2340442,-0.21435929,1.0000,0.7218,0.2655
gal0_star04593,star,1.0948513,0.848642,-961.64627,122.77421,24.790141,-0.81271257,-6.8086789,0.35330975,0.9529,0.3672,0.0796
gal0_star04594,star,1.4575896,0.510834,174.97045,379.15014,34.635983,-10.68515,4.6081835,0.7044057,1.0000,0.9115,0.6025
gal0_star04595,star,0.80748166,0.966235,104.87699,157.13415,4.0047889,-13.671078,9.5875562,-0.10768373,1.0000,0.7468,0.2513
gal0_star04596,star,1.3511462,0.481613,-262.96668,66.998805,-9.4153407,-3.7079431,-13.07409,0.33940553,0.9859,0.6873,0.2345
gal0_star04597,star,1.802898,0.655625,-53.878836,-359.73973,19.467831,11.748886,-2.4239813,0.17263903,0.9951,0.7166,0.2615
gal0_star04598,star,1.8590412,0.990421,4.9170152,710.01791,12.967802,-8.259196,-0.22028042,-0.1531403,1.0000,0.9245,0.6551
gal0_star04599,star,1.7858871,0.322761,282.04329,227.85234,-2.8767517,-7.3426357,8.8712303,0.25423477,0.9824,0.8547,0.4483
gal0_star04600,star,1.4847052,0.397416,-539.49132,-363.40029,-22.672499,4.7575445,-7.4085259,-0.31644732,1.0000,0.3919,0.0637
gal0_star04601,star,1.4494879,1.00755,1355.7285,-1258.7693,-3.5347126,3.3304278,4.1772749,0.0083973526,1.0000,0.9098,0.6496
gal0_star04602,star,1.5061099,0.499686,-1177.1249,-130.81955,4.118593,0.63533473,-6.6319588,0.21297958,1.0000,0.7244,0.2738
gal0_star04603,star,1.5706033,0.664253,713.72252,-1137.3248,-11.309447,5.3275795,3.2969612,-0.039959706,1.0000,0.5461,0.1047
gal0_star04604,star,1.3407228,0.746597,200.01495,-12.178599,-6.8387477,0.17865893,15.199198,1.1219794,1.0000,0.8420,0.4503
gal0_star04605,star,1.0700675,0.672693,451.88336,-777.65933,-20.116506,6.4714118,3.9763411,0.031059731,1.0000,0.8378,0.4622
gal0_star04606,star,1.6776954,1.05351,-896.2572,881.88186,-5.2135786,-4.4185087,-4.6338871,-0.17896221,1.0000,0.5540,0.1098
gal0_star04607,star,1.3489112,0.644779,-188.25246,-91.207663,-18.461824,6.852401,-13.569034,0.42818676,1.0000,0.7554,0.2412
gal0_star04608,star,1.5018173,0.738679,-107.5687,706.90306,-6.5518564,-8.1221653,-1.0240307,0.3590894,1.0000,0.7102,0.2746
gal0_star04609,star,1.1725758,0.928062,1132.1978,-481.05268,-0.21538453,2.4728039,6.317914,0.29242794,1.0000,0.8575,0.4563
gal0_star04610,star,0.86165603,0.48301,315.09081,-811.41222,1.9017027,7.5450679,2.6243164,0.30634903,0.9732,0.9524,0.8204
gal0_star04611,star,1.0917977,0.414384,-375.07446,-106.75734,-30.668364,3.261846,-10.62691,0.57729543,1.0000,0.8888,0.4611
gal0_star04612,star,1.5532817,1.08756,20.906479,-399.05631,-35.837739,10.734533,-0.54455081,-0.15122678,0.9818,0.5442,0.0889
gal0_star04613,star,1.6610554,1.11742,369.18568,-101.78524,-7.0108103,3.7266234,11.173552,0.50972373,1.0000,0.3665,0.0079
gal0_star04614,star,0.87134685,0.771119,-483.34979,-809.29551,-9.2355871,6.5243317,-3.7272762,0.0077387009,1.0000,0.8261,0.4422
gal0_star04615,star,1.1049331,0.748517,-447.95099,154.50052,18.773642,-3.5201487,-10.576038,-0.22308849,1.0000,0.3585,0.0344
gal0_star04616,star,1.768448,0.905083,-1348.0027,-610.37626,14.035393,2.3919654,-5.3089654,-0.0093464841,1.0000,0.5866,0.1034
gal0_star04617,star,1.1557158,0.526627,-123.89003,-259.98223,13.294096,11.769418,-6.5762735,0.38757042,0.9891,0.7156,0.2364
gal0_star04618,star,1.379618,0.346657,152.67632,-210.76466,-0.21192624,10.339622,7.5979556,-0.62898966,1.0000,0.3705,0.0048
gal0_star04619,star,1.3867029,0.456155,60.94404,-54.608811,29.425894,16.323986,19.411522,-0.85469133,0.9948,0.8054,0.4632
gal0_star04620,star,1.0542326,0.689066,-434.73052,169.95161,-25.106726,-3.3208905,-9.4240443,0.40439624,1.0000,0.8602,0.4339
gal0_star04621,star,0.89969581,0.995847,865.14615,-101.41234,36.291022,1.1253578,7.6501978,-0.023711346,0.9983,0.7104,0.2517
gal0_star04622,star,0.68655997,0.743562,-169.31171,-72.319232,-5.5833109,6.5741076,-14.70841,0.39952583,1.0000,0.9990,0.8229
gal0_star04623,star,1.855235,0.656339,460.1697,7.2165821,-12.524195,0.03610064,10.253037,0.23732266,0.9907,0.5614,0.0910
gal0_star04624,star,1.0393138,0.411184,467.43614,-1014.7683,0.56148787,5.7396111,2.7503708,-0.012847213,0.9737,0.5543,0.0803
gal0_star04625,star,0.70579115,0.698677,55.073864,247.70406,-4.1118417,-14.641477,2.6153508,0.38844593,1.0000,0.4072,0.0481
gal0_star04626,star,0.55874575,0.661266,-269.83252,66.929038,4.321775,-2.3731388,-12.763557,-0.61583017,1.0000,0.3862,0.0373
gal0_star04627,star,0.56219223,0.630594,-102.69142,3.1761783,-15.864974,-1.0183136,-21.375494,-0.14551947,1.0000,0.9066,0.6322
gal0_star04628,star,1.0817578,0.781265,336.39709,-147.92145,27.83454,4.9124246,11.48548,0.076410834,0.9775,0.3694,0.0269
gal0_star04629,star,0.80816628,0.463477,250.59637,103.85302,6.3166422,-4.8522642,12.804127,-0.87521878,1.0000,0.9693,0.8221
gal0_star04630,star,1.3669137,0.839662,903.28654,-448.95282,-6.5831478,3.430245,6.2192464,0.42903852,0.9920,0.6969,0.2332
gal0_star04631,star,0.85971444,0.777974,-210.30493,125.4097,-10.996227,-7.2713811,-11.918489,-0.68303241,0.9961,0.3608,0.0374
gal0_star04632,star,1.0406385,0.632265,-130.11226,-281.17794,-15.647133,12.222984,-4.720084,0.054142216,0.9738,0.7054,0.2540
gal0_star04633,star,0.77116292,0.741194,-244.24694,731.25377,7.8783937,-7.9188078,-2.4635229,-0.30442061,1.0000,0.5128,0.0886
gal0_star04634,star,0.97605268,0.55161,-713.21286,158.95458,-18.465109,-2.3604836,-8.3053123,-0.37326087,0.9808,0.5735,0.1336
gal0_star04635,star,1.4730542,0.394552,47.477191,212.49331,-13.467707,-15.021758,3.3624455,0.1044038,0.9973,0.7395,0.1975
gal0_star04636,star,1.9986848,0.897948,-320.72997,-101.73668,24.55338,3.204366,-11.959947,-0.59882208,1.0000,0.8420,0.4287
gal0_star04637,star,0.54896537,0.917741,665.08344,35.230372,7.3120608,-0.76212736,8.0560334,0.0097314804,1.0000,0.6969,0.2427
gal0_star04638,star,1.8064462,0.66067,-20.843005,-156.72323,24.548821,17.720022,-2.2267542,-0.19049932,0.9441,0.7157,0.2768
gal0_star04639,star,1.0397465,0.373117,-748.4474,-338.98712,-1.9752404,3.1567544,-7.0769286,-0.19818338,0.9872,0.8198,0.4495
gal0_star04640,star,0.74452682,0.575018,-579.42156,-155.60819,43.137034,2.3685615,-8.1434009,0.72319468,0.9914,0.5326,0.0955
gal0_star04641,star,1.8385182,0.370908,-344.96404,-82.902172,-1.9181825,2.9172453,-11.11493,0.34128319,1.0000,0.7117,0.2406
gal0_star04642,star,1.7576674,1.13362,631.45247,-78.437854,-4.3470406,0.7437117,8.8509742,-0.21179987,0.9738,0.7469,0.2648
gal0_star04643,star,0.77857791,0.695792,156.70926,-213.53922,25.887242,10.473437,8.8195161,-0.56386359,0.9972,0.7292,0.2678
gal0_star04644,star,1.0290605,0.540483,171.17403,404.8731,-8.4848161,-10.049051,3.6308406,-0.047754789,0.9695,0.9426,0.8389
gal0_star04645,star,0.70072279,0.829275,1090.4533,220.90176,-6.7035154,-1.5445621,6.4438832,-0.14376495,1.0000,0.9918,0.8064
gal0_star04646,star,1.4564916,0.569717,188.674,-611.69627,2.3929404,8.7596985,2.1978457,-0.10371554,0.9813,0.9316,0.6815
gal0_star04647,star,1.7757033,0.796995,261.7529,817.39089,12.387686,-6.7233817,2.2344849,0.081322186,0.9924,0.9245,0.6149
gal0_star04648,star,0.57263273,0.590932,-273.01708,695.6805,0.73672643,-7.2028729,-3.0778364,0.3034207,1.0000,0.8425,0.4208
gal0_star04649,star,1.4809887,1.14574,-241.80305,521.04198,-28.926957,-8.8696603,-4.355221,0.065714001,1.0000,0.9609,0.8120
gal0_star04650,star,1.2506344,0.99195,871.67666,-463.01338,12.05322,3.7020704,6.3259024,0.32167693,1.0000,0.3617,0.0624
gal0_star04651,star,1.5776969,0.502939,343.60775,-1665.8143,6.1657133,5.3955224,1.3683016,0.25373097,1.0000,0.9633,0.8144
gal0_star04652,star,0.62958,0.711251,-1143.3513,-475.16765,-10.009221,2.4280223,-5.6775737,0.27243775,1.0000,0.8329,0.4422
gal0_star04653,star,1.826983,0.388797,142.76874,635.2994,17.864835,-8.3437966,1.713725,0.20754574,1.0000,0.5516,0.0805
gal0_star04654,star,0.92138537,0.830993,260.2894,227.10453,12.446181,-8.267651,8.5645606,0.072852373,1.0000,0.8972,0.6319
gal0_star04655,star,1.6151519,0.718209,-462.86133,1369.6124,14.804626,-5.3063258,-1.7877666,-0.35953861,1.0000,0.6930,0.2550
gal0_star04656,star,1.3433596,0.529207,-349.35162,-152.82129,-12.335683,4.0680253,-10.750279,-0.20013787,0.9895,0.7372,0.2602
gal0_star04657,star,1.3461969,1.02628,-177.43917,-147.16172,0.41399473,9.3724925,-12.28991,0.092255111,1.0000,0.8523,0.4381
gal0_star04658,star,1.5967019,0.694026,300.45274,-157.42456,-5.0201573,5.4160809,11.13493,0.63576549,0.9588,0.3684,0.0388
gal0_star04659,star,1.7920727,0.571734,-391.55934,459.27077,0.96935619,-7.0685767,-5.6198626,0.13115742,1.0000,0.9122,0.6868
gal0_star04660,star,1.3201474,0.367061,-463.36842,-540.45204,1.4135368,6.0856194,-5.269747,-0.064782626,0.9731,0.5684,0.1194
gal0_star04661,star,0.91836464,0.930185,-161.00283,127.32512,11.355053,-10.267833,-12.102261,0.10828058,0.9922,0.7220,0.2215
gal0_star04662,star,1.5301738,0.31036,586.37176,-169.92371,13.181206,2.4769377,9.0703302,-0.53842474,0.9709,0.5838,0.1344
gal0_star04663,star,0.62661514,0.436883,485.6959,234.1274,8.4671651,-3.5566684,8.4272401,-0.66291113,1.0000,0.9780,0.8299
gal0_star04664,star,0.62400223,1.11921,-632.80776,268.24541,-10.058061,-3.3192092,-7.1296055,-0.26428781,0.9856,0.9189,0.6632
gal0_star04665,star,1.0881064,0.599017,182.60157,1300.7743,18.425295,-6.0946071,0.64895371,-0.11911609,1.0000,0.9412,0.8596
gal0_star04666,star,1.2649523,0.734165,-346.03619,-247.24064,-1.40254,6.3626071,-8.7589302,0.24540659,0.9929,0.8504,0.4684
gal0_star04667,star,1.177149,0.743213,656.3028,-8.6776761,17.030635,-0.29225863,8.7869586,0.0034129873,1.0000,0.5697,0.1036
gal0_star04668,star,1.4855343,0.545875,42.660624,-182.70536,9.6789034,15.821193,3.8224096,-1.1803895,1.0000,0.9998,0.8582
gal0_star04669,star,0.71157265,0.968214,252.1367,79.756825,-4.7958621,-3.2760192,14.289438,0.68954423,1.0000,0.9139,0.6730
gal0_star04670,star,0.65522574,1.02848,-332.10431,-644.95649,8.4568329,7.4435898,-3.5376306,0.25532297,1.0000,0.5621,0.0873
gal0_star04671,star,0.99961121,0.368745,-309.61471,19.71221,-0.52792511,-0.26153578,-12.505531,-0.17148113,1.0000,0.9637,0.8112
gal0_star04672,star,1.677685,0.465326,375.46124,741.26948,4.1562453,-6.7078575,3.2028202,-0.18112904,1.0000,0.9275,0.6583
gal0_star04673,star,1.8742433,0.556027,434.08607,257.84068,-24.187589,-5.42549,8.9082158,-0.083658069,0.9807,0.8541,0.4326
gal0_star04674,star,0.69862308,1.08718,-717.95906,142.39911,10.631374,-1.9226979,-8.1594214,0.43347052,1.0000,0.3773,0.0486
gal0_star04675,star,1.4379013,0.919158,38.826679,9.6171217,11.646397,-9.8598507,35.600983,-0.20182511,1.0000,0.9808,0.8082
gal0_star04676,star,1.4151964,0.35103,112.31074,-588.26067,-25.776888,9.0965453,1.3334733,-0.34758197,0.9777,0.9339,0.6628
gal0_star04677,star,1.0687839,0.908663,-73.200528,-331.45157,-3.5682342,13.043075,-2.3168087,-0.13984965,1.0000,0.7312,0.2853
gal0_star04678,star,1.3166683,0.92193,300.01842,-186.43355,1.9198106,6.4961033,10.23397,0.018752829,0.9839,0.5546,0.1054
gal0_star04679,star,0.63863302,0.548314,256.69874,260.0829,11.748239,-8.1115624,8.4694975,0.0666414,0.9974,0.8356,0.4791
gal0_star04680,star,1.1684862,0.624002,-519.39452,-445.51696,-2.4889703,5.4652217,-6.5883123,-0.12595928,1.0000,0.9207,0.6401
gal0_star04681,star,1.2256831,1.09704,-282.65743,-365.87891,-16.639269,7.8006789,-5.9395435,0.36393007,0.9969,0.8414,0.4607
gal0_star04682,star,0.64224903,0.579874,1373.8255,1238.9929,6.7249927,-3.6922732,3.9448853,-0.12444045,0.9844,0.3462,0.0205
gal0_star04683,star,1.000011,1.05556,-2.0540133,-135.73851,-4.2185634,19.275509,-0.38029612,0.063475628,0.9852,0.5890,0.1365
gal0_star04684,star,1.2774665,0.497588,-119.16525,512.02636,-25.849124,-9.6198793,-2.4960582,0.013617867,0.9920,0.9291,0.8167
gal0_star04685,star,1.4082634,0.733378,-272.59751,291.47931,-14.388735,-8.4043127,-8.4592457,0.51641999,1.0000,0.9221,0.6123
gal0_star04686,star,1.2508803,0.622498,-722.45095,-1434.0891,4.0157005,4.7521115,-2.3061118,-0.0028052909,1.0000,0.4069,0.0078
gal0_star04687,star,0.68609296,0.408074,307.09186,-392.11976,1.9040945,7.7521092,6.605049,0.3791383,0.9904,0.9361,0.6308
gal0_star04688,star,0.99056646,0.437242,106.41524,659.89649,19.533334,-8.0841257,1.5688366,0.36827033,1.0000,0.8917,0.6346
gal0_star04689,star,1.1048029,0.920184,-602.32362,296.33377,-6.6101444,-3.6342503,-8.0491268,0.13918642,0.9910,0.9684,0.7926
gal0_star04690,star,0.59735329,0.391395,-557.32886,-285.57408,4.896013,4.0270651,-8.3152078,0.17832769,1.0000,0.8984,0.6212
gal0_star04691,star,1.7656244,0.758272,490.73586,-539.144,2.5260138,5.8728345,5.1111573,0.45664004,0.9536,0.5419,0.0999
gal0_star04692,star,0.54989245,0.59033,441.50887,686.89391,-15.704868,-6.6864433,3.8925284,-0.079296963,0.9831,0.8418,0.4477
gal0_star04693,star,1.8942706,0.854973,390.44508,-87.757526,5.9077801,2.326646,10.699964,0.4671462,1.0000,0.3695,0.0151
gal0_star04694,star,0.96108011,0.722335,-482.60808,405.12377,-0.98624404,-5.6773117,-7.3487033,-0.15253409,0.9718,0.5569,0.1022
gal0_star04695,star,0.66318694,1.13781,394.88749,-783.42918,-1.6788904,7.1322901,3.3297279,-0.10211109,1.0000,0.7214,0.2348
gal0_star04696,star,1.9023768,0.451488,-337.55092,-53.708818,6.3560911,0.73965651,-11.698723,0.052377804,0.9971,0.7049,0.2713
gal0_star04697,star,0.91050824,0.734506,591.34191,439.58092,-14.72304,-4.9711793,7.1632865,-0.066700215,1.0000,0.3682,0.0136
gal0_star04698,star,1.0469301,0.756926,82.409512,687.55529,-12.156856,-8.3459327,1.0807127,-0.43009676,0.9976,0.9531,0.8524
gal0_star04699,star,1.3059308,0.93568,220.9893,305.16042,12.460172,-9.0804596,7.0845797,-0.30803158,1.0000,0.9831,0.8464
gal0_star04700,star,0.70884798,0.929216,59.601805,219.01048,-7.2330427,-14.119225,3.133535,0.5040008,1.0000,0.9212,0.6531
gal0_star04701,star,1.3585161,1.01508,-167.70616,-509.39979,-29.136246,9.3409397,-3.0212922,-0.050140098,0.9624,0.9247,0.8302
gal0_star04702,star,0.80987529,0.448307,-121.0034,-333.93785,18.766053,11.633553,-4.2575265,-0.61644661,1.0000,0.8512,0.4636
gal0_star04703,star,1.1543585,0.327672,412.1021,-69.728043,-5.8053252,1.5343148,10.941742,0.059377078,0.9931,0.5480,0.0754
gal0_star04704,star,0.66970067,0.701622,-505.07025,-770.30647,16.691706,6.3129838,-3.7650257,-0.16696529,0.9645,0.5920,0.0962
gal0_star04705,star,1.1762591,0.802019,-141.87546,322.60699,-0.74375421,-10.751947,-5.0222777,0.35756942,0.9772,0.8411,0.4243
gal0_star04706,star,1.3270548,0.926526,8.6502983,-593.27539,-9.1670383,9.2803158,1.0264061,-0.074486577,0.9871,0.3956,0.0492
gal0_star04707,star,0.79503212,0.94672,615.77363,388.76713,6.8031596,-4.4822957,7.0281135,0.05267918,0.9966,0.7035,0.2228
gal0_star04708,star,0.95336001,0.813422,-808.9235,-729.54466,-10.52485,4.6033074,-4.9898843,-0.06408751,0.9663,0.8227,0.4350
gal0_star04709,star,0.64685138,0.887372,229.24554,261.08573,5.3429177,-8.5459575,7.3158765,-0.21791197,1.0000,0.9103,0.6546
gal0_star04710,star,1.8483648,1.07891,-517.75337,-394.55468,24.966457,5.6273341,-6.8985681,0.18382342,1.0000,0.3810,0.0288
gal0_star04711,star,1.611216,1.08587,-15.657442,-590.09953,-18.297037,8.8356757,-0.23831526,-0.3208263,1.0000,0.7771,0.4496
gal0_star04712,star,0.9230367,1.06187,-1067.7187,-753.13585,-16.335286,3.4039325,-5.2997441,-0.58231569,1.0000,0.7286,0.2627
gal0_star04713,star,0.87895098,1.10195,-32.364435,-145.30501,30.455682,18.035932,-3.8519381,0.60756211,0.9955,0.8490,0.4547
gal0_star04714,star,0.83296833,0.860778,-292.06931,506.09766,14.421313,-8.1661818,-4.4073606,-0.2845641,1.0000,0.9678,0.8158
gal0_star04715,star,1.8950021,0.508733,-1616.8213,-403.35985,-9.4596335,1.5290569,-5.4605043,-0.032673312,1.0000,0.3792,0.0745
gal0_star04716,star,1.577387,1.00432,-366.53504,-280.14407,-6.4915598,5.8804534,-8.1198746,0.121259,1.0000,0.7151,0.2680
gal0_star04717,star,1.0926337,0.542415,663.31672,186.15608,4.4483317,-2.2927236,8.4166569,-0.29341086,0.9877,0.6749,0.2478
gal0_star04718,star,1.0722142,0.787218,-35.842327,-88.193137,12.802847,22.335933,-8.0645503,-0.8128642,0.9943,0.3737,0.0413
gal0_star04719,star,1.7499847,0.52052,262.0082,189.26237,-10.00365,-7.5848337,9.5360498,-0.23398099,1.0000,0.9427,0.8446
gal0_star04720,star,0.57256457,0.86157,-236.11005,-688.03379,11.687361,7.8251847,-2.9566446,-0.21143381,0.9884,0.6990,0.2647
gal0_star04721,star,1.4876441,0.99384,864.28654,-43.847197,0.85607013,0.33875904,7.473295,-0.26524501,1.0000,0.3910,0.0196
gal0_star04722,star,1.117713,0.7962,-69.265925,20.481776,12.439407,-7.8549352,-24.652039,-0.49820045,0.9988,0.6885,0.2818
gal0_star04723,star,0.66848387,0.794961,-300.36978,714.06179,-3.3237372,-7.7244462,-3.2013734,0.1505764,0.9916,0.9560,0.8285
gal0_star04724,star,1.7428708,0.471931,199.22517,-27.625688,-7.9335643,2.6967804,16.064763,0.58967965,1.0000,0.3549,0.0000
gal0_star04725,star,1.6713155,0.741435,457.82889,1213.9479,-3.9220344,-5.7623355,2.5328038,-0.12876868,0.9999,0.3812,0.0182
gal0_star04726,star,1.2052618,0.563025,-91.750658,-547.68071,-22.482635,9.8468981,-1.5465756,-0.12687994,1.0000,0.9344,0.8108
gal0_star04727,star,1.2293567,0.764758,-155.46681,-182.9255,-2.7092246,11.472695,-8.7379861,-0.0096237517,1.0000,0.9282,0.6556
gal0_star04728,star,0.54153514,0.555186,-17.347915,-173.77812,-13.582175,16.471383,-0.83601968,0.71194844,1.0000,0.3925,0.0215
gal0_star04729,star,1.1937055,0.735436,275.20169,205.01873,-14.793826,-6.772443,10.256769,0.35366458,0.9978,0.7071,0.2122
gal0_star04730,star,1.8693592,0.373429,-481.40408,153.27367,-21.914054,-3.3790171,-8.6676119,0.29828996,1.0000,0.7135,0.2657
gal0_star04731,star,0.70614366,0.429217,262.00523,-601.65618,-11.265171,8.1213129,3.4392503,-0.50102104,0.9930,0.5728,0.0932
gal0_star04732,star,1.3246281,0.474483,644.72315,356.12571,18.199014,-4.2529945,7.4475134,-0.077886808,0.9952,0.8565,0.4138
gal0_star04733,star,1.2319301,0.774111,38.397589,689.02541,5.8360524,-8.8046909,1.0206511,-0.64172193,0.9935,0.9882,0.8261
gal0_star04734,star,1.7565035,0.803056,139.47451,-57.97566,3.352357,6.3502532,17.57991,0.14543107,0.9926,0.5657,0.0785
gal0_star04735,star,1.2529557,0.810612,92.481314,152.63263,15.150937,-14.05628,7.9513964,-0.11077899,1.0000,0.8454,0.4502
gal0_star04736,star,1.8894895,0.352538,-239.96145,123.33057,30.386364,-6.7700598,-12.560684,-1.0708813,1.0000,0.7579,0.2877
gal0_star04737,star,0.86920386,1.12958,67.994024,-406.70382,2.421798,11.368659,1.4665816,-0.15883899,0.9943,0.7292,0.2372
gal0_star04738,star,1.5280199,0.577698,432.96877,48.16505,0.56399385,-1.4361452,10.515949,0.14513263,0.9760,0.5498,0.0869
gal0_star04739,star,0.61415288,0.729764,230.12713,314.89611,-10.90651,-9.4056393,7.0400553,-0.62863396,0.9843,0.5977,0.0969
gal0_star04740,star,1.6851266,0.583197,93.586059,80.834976,-14.948064,-12.779056,15.47666,-0.020958121,1.0000,0.3925,0.0000
gal0_star04741,star,0.695653,0.785087,-340.91808,-56.118458,5.6815292,1.1348274,-11.682559,-0.42963265,0.9894,0.8451,0.4644
gal0_star04742,star,1.4525925,0.823865,248.31924,-415.40974,8.1696622,9.2362744,4.9722117,-0.20844546,1.0000,0.7222,0.2527
gal0_star04743,star,1.1491873,0.807695,-718.42195,480.01881,-0.977348,-4.2602942,-6.309116,0.070744,0.9864,0.7084,0.2331
gal0_star04744,star,1.2414956,1.00921,1287.971,98.172343,12.302416,-0.35306555,6.4335228,-0.31299474,0.9864,0.7274,0.2178
gal0_star04745,star,0.90727107,0.850651,-498.07067,84.409068,3.9607174,-1.1888495,-10.000034,0.26219903,1.0000,0.7002,0.2705
gal0_star04746,star,1.4269501,0.501289,-32.108715,-591.08902,-23.344514,8.5241057,-0.5285738,0.13615906,0.9901,0.9068,0.6504
gal0_star04747,star,0.59918486,1.14759,322.7056,767.61286,20.477657,-7.0698901,3.1996385,-0.0028827887,1.0000,0.9198,0.6389
gal0_star04748,star,1.9093552,0.876541,341.88312,484.95514,10.324318,-7.29778,5.1978595,-0.03393412,1.0000,0.8882,0.6502
gal0_star04749,star,1.6893962,0.580801,253.41681,284.35305,4.2713661,-8.5650332,8.4513785,0.53144157,0.9704,0.9037,0.6645
gal0_star04750,star,0.87922045,0.303038,-24.727485,272.01412,-23.348,-12.766528,-1.2291074,0.28221958,1.0000,0.8315,0.4659
gal0_star04751,star,0.5375516,0.712544,731.22546,664.47021,19.748954,-4.6180747,5.4706531,0.21284597,1.0000,0.8107,0.4469
gal0_star04752,star,0.52315743,0.377169,132.5159,857.99253,13.608494,-7.7286877,1.0661143,-0.23134748,1.0000,0.9588,0.8387
gal0_star04753,star,0.60344772,0.329814,257.97455,568.71462,-12.438107,-7.9897602,3.9649094,-0.30988181,1.0000,0.9173,0.6818
gal0_star04754,star,1.5051296,0.461989,281.56154,205.12846,-13.92272,-7.3018333,10.265849,0.031531129,0.9641,0.8464,0.4721
gal0_star04755,star,0.81569,0.662791,920.78238,-405.31164,-13.650303,2.4123356,6.6639438,-0.014911122,0.9443,0.8739,0.4240
gal0_star04756,star,0.56769269,0.595527,613.67051,819.1695,-0.20110487,-5.5494447,4.4452519,0.45750602,0.9944,0.8779,0.4387
gal0_star04757,star,1.0746414,0.678177,-185.11249,-207.26575,-1.7403564,10.289782,-8.4800258,-0.1771448,0.9805,0.3681,0.0152
gal0_star04758,star,1.9947854,0.822131,427.33491,-44.161819,19.177953,1.0837293,11.167599,0.012588543,0.9870,0.8400,0.4580
gal0_star04759,star,1.1784723,0.422566,-60.583478,505.0343,-14.459293,-10.09402,-1.2732572,0.030831691,0.9862,0.8991,0.6859
gal0_star04760,star,1.7398244,0.563342,-244.60503,-702.74803,4.8959725,7.0840445,-2.7173071,0.13261335,0.9946,0.8490,0.4445
gal0_star04761,star,1.0568711,1.04382,-238.01185,-436.7256,-8.0933217,9.0475144,-5.2332999,-0.77857892,1.0000,0.9574,0.6337
gal0_star04762,star,1.7329061,0.3291,-172.91524,-112.37577,14.459361,8.6661739,-12.838384,1.1409006,0.9868,0.5822,0.1067
gal0_star04763,star,0.93116115,0.585684,438.21243,27.663001,4.2390641,-1.3243157,10.964897,-0.78483994,1.0000,0.9310,0.6493
gal0_star04764,star,1.2523049,1.06273,515.04567,-986.8826,-16.852967,5.8165638,3.0120251,0.20430731,1.0000,0.7216,0.2239
gal0_star04765,star,0.61228013,0.7216,88.908207,46.559371,11.058869,-9.2949061,20.08739,-0.11611086,0.9741,0.8624,0.4464
gal0_star04766,star,1.5001199,0.978574,-274.15589,75.215708,13.861826,-3.0946854,-12.439764,-0.047862395,1.0000,0.4011,0.0630
gal0_star04767,star,0.73580208,0.512717,593.21035,-160.1578,13.028118,2.258774,8.0057336,-0.28102333,0.9852,0.9723,0.8265
gal0_star04768,star,1.2370989,1.13355,1168.3072,1203.2107,15.87193,-3.9439098,3.7911339,-0.038157223,1.0000,0.5482,0.0977
gal0_star04769,star,1.4024739,0.380316,218.49895,299.53619,-0.51406389,-9.3936936,6.5390416,-0.72016106,1.0000,0.9369,0.6571
gal0_star04770,star,1.4490854,0.817191,316.07681,-831.00256,-3.1556719,7.0189096,2.375474,-0.11372684,1.0000,0.9734,0.7980
gal0_star04771,star,1.7474324,0.743367,-31.151027,-584.4678,9.5762126,8.9463741,-0.58186801,0.13364796,0.9894,0.6977,0.2382
gal0_star04772,star,1.3200027,0.563519,-137.07032,-9.8913801,-9.6812299,1.0960678,-19.655428,0.54033383,0.9956,0.9198,0.6284
gal0_star04773,star,1.854115,0.413155,-937.97924,-383.60491,6.080092,2.2791019,-7.0365512,0.064348578,1.0000,0.5794,0.0827
gal0_star04774,star,1.4417691,0.908383,-583.08074,320.63904,2.8588947,-3.8008184,-7.3802211,0.24283501,1.0000,0.7187,0.2396
gal0_star04775,star,1.9027703,0.793368,-581.89384,-134.68065,-4.3070629,1.6785294,-8.4437665,-0.90618563,0.9873,1.0000,0.8007
gal0_star04776,star,1.9860856,0.507835,-157.42867,-515.60811,-9.4631537,9.0268126,-2.4868437,0.54668235,1.0000,0.9630,0.8387
gal0_star04777,star,1.8757661,1.13971,617.39698,-13.577959,-18.580227,0.42258764,8.6051083,-0.17139659,1.0000,0.5649,0.1025
gal0_star04778,star,0.92469738,1.00981,-689.45411,500.54611,-25.413366,-4.2766478,-6.1172588,0.1765796,1.0000,0.9267,0.6466
gal0_star04779,star,1.4120126,0.364435,-725.3926,-419.31764,-2.8130073,4.2150478,-6.6635088,-0.070046608,1.0000,0.9697,0.8442
gal0_star04780,star,0.62498443,1.11215,979.49713,-291.28575,0.45526805,2.2187313,6.6764388,-0.22161132,1.0000,0.5528,0.0997
gal0_star04781,star,0.5973122,0.658657,861.211,214.12404,16.100138,-1.4955315,7.3105552,-0.086735368,0.9718,0.9199,0.6491
gal0_star04782,star,0.59600623,1.11214,1498.3677,-671.39955,9.2473892,2.2148207,5.1898956,0.30307625,1.0000,0.9313,0.6666
gal0_star04783,star,0.76634537,0.385072,298.72029,-178.45105,-15.883632,6.0024767,9.8315795,-0.90875232,0.9844,0.8929,0.6308
gal0_star04784,star,1.4071886,0.952895,-358.97571,453.22354,-9.3673762,-6.7851127,-5.661827,-0.40461325,1.0000,0.9543,0.6407
gal0_star04785,star,0.92201825,1.09007,-565.91295,-8.7815336,10.813923,-0.11443693,-9.2968731,0.032463556,1.0000,0.7167,0.2483
gal0_star04786,star,1.9569943,1.1258,-348.94311,-84.064799,-8.4233561,2.7314892,-11.534558,-0.52432268,1.0000,0.7247,0.2834
gal0_star04787,star,1.6555133,0.621698,635.19444,-1401.7219,9.5122286,5.2081,2.7415084,-0.042391422,0.9931,0.4050,0.0545
gal0_star04788,star,0.52904546,0.688715,32.119753,-170.29791,-13.451045,15.924953,3.1545722,-0.02593225,1.0000,0.5679,0.0888
gal0_star04789,star,1.0555462,0.327721,-762.73544,-5.2954412,22.168388,-0.21812887,-8.5125632,-0.16849971,1.0000,0.8645,0.4803
gal0_star04790,star,1.5584385,0.373695,1102.9654,334.92641,-16.797388,-1.5384176,6.2290658,0.14549082,1.0000,0.7119,0.2767
gal0_star04791,star,0.8896184,0.753149,-348.55291,-59.42321,-5.147515,2.3004537,-10.992148,0.0026925423,0.9819,0.9407,0.7988
gal0_star04792,star,1.3573866,0.540755,389.27072,731.61857,-2.1509234,-6.7299185,3.6908654,0.23567408,0.9911,0.7332,0.2430
gal0_star04793,star,0.98110879,0.329232,-759.31639,452.20835,2.3675454,-3.6054052,-6.4480125,-0.043801807,1.0000,0.7448,0.2476
gal0_star04794,star,1.6788897,1.13577,-329.75682,505.02553,-4.2455615,-7.6835013,-4.6921032,-0.062299686,0.9855,0.9153,0.6064
gal0_star04795,star,1.7568552,0.636408,-316.58763,282.0234,4.2622938,-7.4297206,-8.1698663,0.19381494,0.9818,0.9358,0.8168
gal0_star04796,star,1.0977753,0.463704,284.9611,-602.44666,13.608126,8.044811,3.8909397,0.057261174,0.9917,0.5654,0.0439
gal0_star04797,star,0.69511614,0.8178,-55.446039,-351.09409,8.3757337,12.090462,-1.4745889,-0.14377697,1.0000,0.5444,0.1052
gal0_star04798,star,0.56613526,0.898954,452.51586,158.21003,5.5364246,-3.0747504,9.381316,0.23188898,0.9881,0.5582,0.1085
gal0_star04799,star,1.4073207,0.945425,244.40609,288.12084,-6.8840832,-8.4310259,7.3719206,-0.38749289,1.0000,0.5470,0.0673
gal0_star04800,star,1.260144,1.14067,-562.9913,-238.77451,24.890027,3.5870444,-8.1511048,0.066041056,0.9662,0.8054,0.4590
gal0_star04801,star,1.4759538,0.766943,-296.03869,-329.97872,7.8519565,7.8648447,-7.327296,0.58059495,0.9984,0.9109,0.6244
gal0_star04802,star,1.2571263,0.759435,-1079.9223,336.91629,1.9690407,-1.9402933,-6.1130881,-0.0006382573,0.9978,0.9791,0.8140
gal0_star04803,star,1.2047538,0.553418,419.61105,351.36627,9.4453595,-6.1573156,7.4954733,-0.21698214,0.9945,0.8444,0.4425
gal0_star04804,star,1.9155769,0.400267,-540.4626,-750.0197,-0.33616134,6.6015925,-4.5210256,-0.37099594,1.0000,0.8500,0.4372
gal0_star04805,star,0.57417328,0.481731,-335.74399,276.0546,7.0901247,-6.5864927,-8.7387473,-0.33165211,1.0000,0.5512,0.0645
gal0_star04806,star,0.9338645,1.13126,853.94333,390.27742,-2.0523038,-3.3953268,6.4676933,0.18985804,1.0000,0.8480,0.4095
gal0_star04807,star,1.9406761,0.825629,662.00714,103.5661,3.9827521,-1.4740249,8.3450281,0.3841929,1.0000,0.8408,0.4430
gal0_star04808,star,0.5269154,0.371537,288.21734,-151.56618,21.945661,5.2343421,10.974919,-0.28895359,1.0000,0.9537,0.6602
gal0_star04809,star,1.9228061,0.502492,-197.98148,506.13507,9.5863204,-8.3454421,-2.9966663,0.015143778,0.9866,0.3700,0.0070
gal0_star04810,star,1.87396,1.12593,-439.40425,-1797.0598,4.1825058,4.9342398,-1.0179106,-0.027397365,0.9869,0.3917,0.0759
gal0_star04811,star,0.90475355,0.844993,-349.22576,-255.28575,-14.24925,7.0022813,-8.5864499,0.28501499,1.0000,0.5596,0.0767
gal0_star04812,star,1.6188464,0.700259,515.38086,-245.45419,25.625083,3.1304881,7.9859311,-0.076943125,1.0000,0.7000,0.2700
gal0_star04813,star,0.61547443,0.433276,-971.33913,-433.23642,-9.0202185,2.5530633,-6.2188298,0.17792939,1.0000,0.3645,0.0150
gal0_star04814,star,1.2718738,1.07032,-460.31877,-825.76626,11.815391,6.4269169,-3.6723995,-0.24229864,0.9920,0.3460,0.0373
gal0_star04815,star,1.807594,0.93553,169.50043,-808.37502,-5.6595121,7.8542458,1.6303672,-0.28648802,1.0000,0.8923,0.6745
gal0_star04816,star,0.51467272,0.556993,349.56445,-616.25766,22.176244,7.6946553,3.858546,0.36127826,0.9785,0.5653,0.0754
gal0_star04817,star,1.2635139,0.414223,632.58488,348.02271,15.001907,-3.7511459,7.1362502,-0.011821398,0.9884,0.8656,0.4819
gal0_star04818,star,1.9340039,0.996209,445.75403,18.018501,21.935673,-0.13559593,9.8761093,-0.2708791,1.0000,0.7399,0.2745
gal0_star04819,star,0.81377583,0.47829,182.31683,-44.753856,3.4746757,3.374673,15.721842,0.49369923,1.0000,0.3972,0.0167
gal0_star04820,star,1.1945823,0.610252,28.067397,243.05736,-2.3915982,-13.806493,1.129885,0.70950173,0.9993,0.5144,0.0833
gal0_star04821,star,1.9983567,0.451529,-300.09659,-376.92097,-4.6918706,8.6039815,-6.0001806,0.21100232,1.0000,0.3841,0.0334
gal0_star04822,star,1.6167186,0.949579,54.365411,-396.87681,-20.388846,10.910974,1.1831493,-0.11547843,1.0000,0.7016,0.2391
gal0_star04823,star,0.67034134,0.828965,-16.397731,-131.99653,-11.239838,18.34131,-2.4375772,0.055055527,0.9961,0.3691,0.0268
gal0_star04824,star,1.9194377,0.399034,-703.58521,182.24043,-13.998827,-2.3930665,-8.4857715,-0.81100957,1.0000,0.8661,0.4270
gal0_star04825,star,1.7613668,0.361664,-461.78185,-529.99727,-9.0443272,6.1548705,-5.790998,-0.4641113,1.0000,0.8328,0.4575
gal0_star04826,star,1.499048,0.75288,-276.85743,60.541926,7.2709155,-2.9289585,-12.710764,-0.19737294,1.0000,0.8742,0.6487
gal0_star04827,star,1.0270653,0.983583,545.04785,545.90132,10.448622,-5.7177984,6.3846326,-0.26550448,1.0000,0.8861,0.4468
gal0_star04828,star,0.64386391,0.747364,437.46926,21.511247,-6.5101699,-0.86946759,10.504007,0.41912235,0.9684,0.8874,0.6378
gal0_star04829,star,1.0744655,1.07541,267.29787,245.83401,7.7228318,-7.677958,8.5686174,0.52809658,0.9865,0.4225,0.0621
gal0_star04830,star,1.2089019,0.747756,874.33518,-458.17413,-14.328423,3.2907155,6.8433136,0.20037326,1.0000,0.7089,0.2430
gal0_star04831,star,1.5217441,0.499584,-254.16893,95.981116,5.2663238,-5.1682323,-12.73128,0.33539895,0.9633,0.5652,0.1340
gal0_star04832,star,1.8754116,0.858552,-129.655,-5.2558015,-32.067727,0.90208612,-17.84772,0.30369734,0.9954,0.3566,0.0443
gal0_star04833,star,1.6418104,1.10736,-594.14728,1751.9957,-4.2113699,-4.9402549,-1.6344475,0.16370809,1.0000,0.9657,0.8399
gal0_star04834,star,1.2303172,1.01039,-441.64137,453.42514,18.417478,-6.5565129,-6.341154,0.59391245,1.0000,0.5420,0.0876
gal0_star04835,star,1.6670599,0.333888,751.65269,-587.8,-4.4065466,4.3029558,5.7706153,0.14442435,1.0000,0.8319,0.4579
gal0_star04836,star,0.58876533,1.07125,-294.25491,59.947639,25.245644,-2.3197443,-11.978013,-0.084712551,0.9776,0.7041,0.2351
gal0_star04837,star,1.8225906,0.864732,509.84019,-262.91076,-6.9690899,4.529425,8.5760613,0.062571668,0.9759,0.3947,0.0194
gal0_star04838,star,1.151873,0.343205,261.81285,-190.36325,27.40227,7.812191,9.4637003,-0.099520536,1.0000,0.8353,0.4177
gal0_star04839,star,1.9269682,0.992345,-441.66591,461.36978,-0.71130814,-6.524503,-6.2495238,0.10610401,0.9827,0.7363,0.2483
gal0_star04840,star,1.7012555,0.898582,1107.4549,260.9342,-28.727916,-1.3102267,6.3696654,-0.0021223992,0.9918,0.7117,0.2718
gal0_star04841,star,1.1198401,0.543817,-98.190562,120.07962,-20.091575,-14.434629,-11.438029,0.35982351,1.0000,0.9824,0.7936
gal0_star04842,star,1.6629218,0.4746,216.74969,-1498.8839,10.273098,5.6527913,0.95026444,0.13432914,0.9831,0.9490,0.6178
gal0_star04843,star,1.909133,0.706665,-751.42269,431.59142,-14.337246,-3.7387649,-6.0898947,-0.22199463,1.0000,0.5234,0.0838
gal0_star04844,star,0.50088666,0.68797,183.82016,-34.443625,-14.159053,3.0795814,15.518175,-0.22096851,0.9629,0.3858,0.0518
gal0_star04845,star,1.3916683,0.323827,77.661893,208.6095,2.9631253,-13.960357,4.4532997,-0.47238915,1.0000,0.9517,0.8553
gal0_star04846,star,1.5750805,0.764715,-114.05547,137.38941,29.109256,-13.116609,-11.83003,-0.24679582,0.9845,0.5508,0.1164
gal0_star04847,star,1.2362072,0.641783,692.88061,265.64992,-5.708493,-2.9503726,7.7992969,-0.12996112,0.9881,0.8950,0.6300
gal0_star04848,star,1.3132727,0.46324,-24.025202,-129.05827,-3.9188802,20.507636,-3.370486,-0.084786793,1.0000,0.9350,0.6934
gal0_star04849,star,1.0183989,0.442653,-680.30676,163.8666,-2.2042726,-2.2140464,-8.2687694,0.1958472,1.0000,0.9857,0.8334
gal0_star04850,star,1.8605338,0.91185,68.350637,189.52886,-12.856733,-14.918503,4.3844922,-0.16517747,0.9851,0.5492,0.1434
gal0_star04851,star,1.1503605,0.770585,107.62538,-1703.5378,11.239638,5.5062693,0.6356488,-0.014930404,0.9899,0.4129,0.0367
gal0_star04852,star,1.0078318,0.4706,-198.86208,-96.024363,2.6885869,6.6849298,-13.481081,0.94627728,1.0000,0.9939,0.8381
gal0_star04853,star,0.89895946,1.08925,279.31251,-188.36318,19.764905,7.156236,10.528773,0.42017576,1.0000,0.5480,0.1010
gal0_star04854,star,1.5270884,0.63442,245.47734,53.273263,-4.1916688,-3.6782056,13.786446,-0.2602704,0.9907,0.5463,0.0698
gal0_star04855,star,1.504918,0.667961,815.1392,-536.79341,-8.8868664,4.1635977,5.7392556,-0.26029426,0.9752,0.5187,0.1103
gal0_star04856,star,0.51772567,0.403855,-333.93272,-141.97017,22.86013,4.5427727,-10.418082,-0.14598034,0.9820,0.3603,0.0295
gal0_star04857,star,1.8703758,0.922916,1348.9597,-951.01814,0.53783392,3.3058858,4.3074017,-0.053949861,0.9929,0.9281,0.6856
gal0_star04858,star,1.0271248,0.31821,9.8055893,706.08704,6.4129514,-8.8626062,0.20730875,-0.78787149,1.0000,0.7725,0.2462
gal0_star04859,star,0.71039476,0.937661,-404.94682,-876.11823,-11.325582,6.7017312,-2.7583847,-0.11827888,1.0000,0.3665,0.0330
gal0_star04860,star,1.8806217,0.418926,-142.36177,321.01448,-31.975411,-10.600836,-4.7176042,-1.1604256,1.0000,0.8699,0.4488
gal0_star04861,star,0.70993103,0.822396,352.14573,-586.06133,2.5145448,7.2373246,4.1072583,-0.2754633,1.0000,0.9043,0.6582
gal0_star04862,star,1.6262574,1.14546,-295.4137,928.19256,20.185603,-6.9274117,-1.9539908,-0.2272115,0.9859,0.8380,0.4557
gal0_star04863,star,0.88468539,0.352089,466.92647,139.81809,0.12514658,-2.8206651,10.218597,0.30001787,1.0000,0.9806,0.8370
gal0_star04864,star,0.75033068,0.390727,-468.60634,439.29194,0.74427071,-6.0703493,-5.9966246,-0.0082859402,1.0000,0.9065,0.6319
gal0_star04865,star,1.864361,0.914306,-530.01009,87.700273,-10.328351,-0.96936441,-9.2208821,-0.14519038,0.9767,0.5681,0.0963
gal0_star04866,star,1.0198066,0.769282,858.37698,-50.80621,-4.0492491,0.077750802,7.5867865,-0.074962426,0.9715,0.3868,0.0355
gal0_star04867,star,1.9733828,0.692283,-126.5553,-280.47629,10.122389,11.81668,-5.309092,-0.17464599,1.0000,0.6908,0.2647
gal0_star04868,star,0.65701989,0.418218,285.96817,538.36896,1.7548816,-8.0902152,4.7095769,0.69377107,1.0000,0.9539,0.8902
gal0_star04869,star,0.68057806,1.06852,-221.81472,512.40509,27.664588,-8.0813523,-2.7840216,0.33269068,0.9997,0.8168,0.4246
gal0_star04870,star,1.2878037,0.47235,-256.97691,272.59656,20.608623,-8.2191705,-8.0613641,0.036413344,0.9729,0.9609,0.8154
gal0_star04871,star,1.4942029,0.776649,-247.87532,92.824104,-16.44375,-5.203937,-12.080126,0.48115304,1.0000,0.8942,0.6302
gal0_star04872,star,1.7760818,0.797966,65.258426,-408.11643,18.632217,11.178244,1.0772406,0.47583123,1.0000,0.9301,0.6534
gal0_star04873,star,0.66166578,0.466922,1292.2896,-644.19899,9.6514349,2.5781953,5.0541119,-0.090406562,0.9717,0.5565,0.0711
gal0_star04874,star,1.7225082,0.773039,186.42226,351.69207,2.0392067,-10.040097,4.6463821,-0.4359131,1.0000,0.7390,0.2574
gal0_star04875,star,0.8179415,0.929638,-293.57335,-710.26334,21.79675,7.5115031,-3.1284978,0.35295805,1.0000,0.8433,0.4935
gal0_star04876,star,0.90597388,0.439339,-141.11513,134.62625,-27.421487,-10.707449,-13.166304,0.1267397,1.0000,0.7182,0.2274
gal0_star04877,star,1.6865797,0.534167,378.22626,712.17564,-1.0545096,-6.6111359,3.6676205,0.35539456,1.0000,0.5628,0.0962
gal0_star04878,star,1.4157919,0.932666,183.74344,659.5216,1.7829358,-8.1672559,2.8911207,-0.095876371,1.0000,0.6940,0.2781
gal0_star04879,star,0.64342843,0.538455,-71.468738,523.11242,-0.2456563,-9.4946454,-1.4149567,-0.15325861,1.0000,0.4017,0.0623
gal0_star04880,star,1.84399,0.578883,103.14643,83.746903,7.871343,-11.761237,15.663273,0.50286615,0.9903,0.5508,0.0855
gal0_star04881,star,0.96097882,0.547502,-208.3326,-444.92593,35.483712,9.1969183,-4.9270064,0.1014919,1.0000,0.3986,0.0340
gal0_star04882,star,1.1122025,1.07386,1452.5343,-771.07882,-6.2846022,2.5746626,4.9935995,-0.080764191,1.0000,0.7219,0.2719
gal0_star04883,star,1.3002715,0.507469,443.3507,302.11059,3.0706971,-5.1558227,8.2913289,0.095793997,1.0000,0.5720,0.0843
gal0_star04884,star,1.743937,0.423212,224.68966,277.86225,17.029008,-9.41587,6.9509914,0.58633444,1.0000,0.9953,0.8297
gal0_star04885,star,1.4377535,0.391003,-281.71455,281.38863,10.949565,-7.647788,-7.9253521,-0.24303914,0.9789,0.8400,0.4055
gal0_star04886,star,0.56970403,0.352625,-183.34854,116.41113,13.849022,-8.1909916,-10.637479,0.059993526,1.0000,0.3772,0.0474
gal0_star04887,star,1.5536864,0.493959,411.19335,-370.44419,-1.0541993,6.3723873,7.5900844,0.29642201,0.9967,0.8385,0.4679
gal0_star04888,star,1.7654047,0.965044,297.21806,-188.0278,-9.5229679,6.634393,9.7856405,0.41725682,1.0000,0.8752,0.4492
gal0_star04889,star,1.5522959,0.944193,-683.3877,161.57614,-9.7213627,-1.7465192,-8.1974866,-0.39640969,0.9935,0.7231,0.2460
gal0_star04890,star,0.80077827,0.536883,-557.24146,-80.175209,-6.7690504,1.4121648,-9.1985839,-0.045439596,1.0000,0.8336,0.4864
gal0_star04891,star,1.0122013,0.852613,-48.138256,120.84781,41.828444,-19.341036,-8.0643667,0.24050585,1.0000,0.8095,0.4382
gal0_star04892,star,0.73060896,1.13039,501.33256,-230.5322,-2.2874091,4.107597,9.145405,0.11701151,1.0000,0.7240,0.2335
gal0_star04893,star,1.1820194,0.907693,469.29229,193.84547,11.456866,-3.9496888,9.2722924,-0.43206446,0.9749,0.9075,0.6522
gal0_star04894,star,1.4471744,0.686661,231.72282,-7.0984535,0.81223265,1.4577718,14.460178,0.97461351,1.0000,0.9068,0.6173
gal0_star04895,star,0.64561167,0.355519,-454.61418,1320.9539,12.171083,-5.6035679,-1.882907,-0.15187543,0.9745,0.4113,0.0457
gal0_star04896,star,0.68627334,0.476135,-215.12981,-471.30349,-20.104346,9.2068982,-4.7207916,0.08795704,1.0000,0.7253,0.2645
gal0_star04897,star,1.1502945,0.636741,211.14184,-404.40892,25.396001,9.8971096,4.7345895,-0.044904271,0.9653,0.9356,0.8523
gal0_star04898,star,0.76450054,0.705279,1443.4564,-245.38515,-1.1782388,0.91792837,5.6438036,-0.068308824,0.9686,0.3565,0.0489
gal0_star04899,star,0.93556435,0.599546,-603.73332,325.77787,12.2272,-4.0219971,-7.6506737,-0.030247271,0.9766,0.7002,0.2464
gal0_star04900,star,1.9295106,0.541268,-549.16442,-30.383968,-1.5697251,0.11984757,-9.4743395,0.8105138,1.0000,0.8302,0.4358
gal0_star04901,star,1.8671494,0.781559,-308.63457,-360.16542,1.6260548,7.5011256,-7.1953975,0.058377717,1.0000,0.8230,0.4634
gal0_star04902,star,0.7543997,1.00678,26.666631,-378.68822,1.5338006,11.755381,1.1241568,0.73500691,1.0000,0.9467,0.8275
gal0_star04903,star,1.5597344,1.08742,449.77568,282.16854,-8.025591,-4.8359785,8.2426989,-0.065673552,1.0000,0.7302,0.2518
gal0_star04904,star,1.1944219,0.959768,60.835299,-54.793143,22.934792,17.536328,17.619185,-0.96335534,1.0000,0.3733,0.0173
gal0_star04905,star,0.63199551,0.841205,-164.72189,320.64453,2.459035,-10.956755,-5.3544409,0.18115266,1.0000,0.7084,0.2682
gal0_star04906,star,1.6127014,0.636031,-162.39949,107.76663,7.0280346,-8.4263799,-13.757182,0.78117456,1.0000,0.8454,0.4643
gal0_star04907,star,0.57267301,1.00679,209.47943,-435.93753,3.8757115,9.4644325,4.6850829,-0.048561937,1.0000,1.0000,0.8404
gal0_star04908,star,1.7749382,0.858405,-605.89494,571.09835,-8.5097415,-5.1343216,-5.6902595,-0.15250976,1.0000,0.7153,0.2757
gal0_star04909,star,1.5918224,0.78952,220.57718,322.03862,-4.8906192,-9.371925,7.1263904,-0.27814758,1.0000,0.4093,0.0043
gal0_star04910,star,0.59183513,0.896607,-477.92113,-475.44075,-1.2317912,5.3641781,-6.0201291,0.2031299,1.0000,0.8642,0.4398
gal0_star04911,star,1.8088126,0.683254,590.2944,853.9445,12.304756,-5.8735803,3.9803141,-0.70685124,1.0000,0.3774,0.0173
gal0_star04912,star,1.7907989,0.927885,-155.34903,-231.19499,3.5090385,10.826936,-7.5245484,0.01187179,0.9636,0.7433,0.2740
gal0_star04913,star,1.668426,1.13247,-166.39757,-1199.467,1.955403,6.4035386,-0.88464447,-0.076386348,0.9997,0.8491,0.4548
gal0_star04914,star,0.76492142,0.569845,213.50388,310.91263,-2.8444953,-8.9613571,6.8084224,-0.46441723,1.0000,0.9848,0.8263
gal0_star04915,star,1.4412875,0.490935,489.63719,-777.96175,2.8140613,6.1303769,3.8371861,-0.34114211,0.9972,1.0000,0.8068
gal0_star04916,star,1.9434885,1.06968,-342.37811,-222.12997,-15.990675,6.3063229,-10.323742,-0.068243918,1.0000,0.8273,0.4366
gal0_star04917,star,1.4420757,0.332333,-173.89837,-210.65754,5.5716362,9.9165502,-8.143046,0.63091247,1.0000,0.3848,0.0508
gal0_star04918,star,1.8494302,0.837349,457.90152,10.697906,-18.423442,-0.11438132,10.440902,-0.010000289,0.9955,0.7457,0.2374
gal0_star04919,star,1.200801,0.881311,-208.01047,513.16281,7.4774279,-8.5519061,-3.4064202,-0.55151928,1.0000,0.9235,0.6625
gal0_star04920,star,1.8647981,1.05518,-290.53315,-663.82035,2.0376595,7.4498044,-3.4578139,0.029911559,0.9840,0.3656,0.0681
gal0_star04921,star,1.597058,0.969592,612.62017,803.91271,7.9485234,-5.7273883,4.3245233,-0.24645238,1.0000,0.8989,0.6506
gal0_star04922,star,1.5809973,0.69034,-160.32967,-32.525383,-12.48562,4.3551586,-17.662608,0.015395767,0.9924,0.7023,0.2188
gal0_star04923,star,0.58857386,0.865353,-1018.2923,-124.76026,-16.73076,0.9334651,-6.6097799,0.3181663,0.9898,0.9707,0.7849
gal0_star04924,star,1.9173898,0.390672,225.12944,33.224023,8.015116,-1.85563,14.384822,0.3088288,0.9972,0.5397,0.1290
gal0_star04925,star,0.7253613,1.02956,-554.43066,-251.97595,13.429116,3.9536792,-8.3624148,-0.20525001,0.9829,0.5624,0.0909
gal0_star04926,star,1.3468139,0.947862,-200.84752,125.82286,-38.101089,-6.7455726,-11.398136,0.28568402,1.0000,0.9611,0.8646
gal0_star04927,star,0.88541718,0.90583,643.82033,-1399.862,9.7167539,5.2247,2.3939501,0.25224935,1.0000,0.9090,0.6360
gal0_star04928,star,0.95089569,1.05153,-935.0484,-494.4642,-2.8564499,3.4160564,-6.026631,0.23752193,0.9898,1.0000,0.7814
gal0_star04929,star,1.0121037,0.941104,108.19873,428.99558,22.855306,-10.165375,2.5792526,-0.65262075,0.9787,0.8611,0.4677
gal0_star04930,star,0.62182264,0.468856,-270.40387,-689.59783,2.5105985,7.8282711,-3.3247293,0.25939489,0.9924,0.7231,0.2845
gal0_star04931,star,0.60954147,0.572636,1525.5218,-1046.5578,4.9822933,2.9032595,4.2417485,0.11088981,0.9932,0.5427,0.1092
gal0_star04932,star,1.3196153,0.641012,37.21385,-389.30348,16.464512,11.132404,0.8835334,0.32068592,1.0000,0.7178,0.2431
gal0_star04933,star,1.9766149,0.806078,350.79535,-103.62908,-11.05022,3.5895991,11.56144,-0.34610948,0.9776,0.9215,0.6676
gal0_star04934,star,0.67899275,0.966087,240.3137,116.79148,-20.565837,-6.6530182,11.661167,-0.062606624,0.9616,0.3751,0.0156
gal0_star04935,star,0.56446304,0.749398,96.686499,132.48396,-9.8634758,-14.446958,9.7700992,0.29017864,1.0000,0.8807,0.6479
gal0_star04936,star,0.55952242,0.357107,845.67296,-118.61534,-4.8925528,1.2026815,7.4451041,-0.1169883,1.0000,0.5685,0.1018
gal0_star04937,star,1.4378698,0.671749,-104.86752,5.3203058,-26.147131,-0.99796011,-22.188826,-1.9892803,0.9917,0.5599,0.0759
gal0_star04938,star,1.8496898,1.05313,-0.32252217,-167.91515,16.360661,16.756314,0.67351589,-0.79391794,1.0000,0.8494,0.4515
gal0_star04939,star,1.6100061,0.326439,121.24716,-56.926069,-9.5929457,7.839992,17.602393,1.6164926,0.9497,0.5450,0.1103
gal0_star04940,star,1.4841329,0.494359,-268.42711,-699.84989,18.509599,7.9188522,-3.4308964,-0.27657079,1.0000,0.5593,0.0782
gal0_star04941,star,0.77212236,0.317207,-759.17364,985.30132,-5.9354632,-4.9765048,-3.7187344,-0.079130671,1.0000,0.5374,0.0800
gal0_star04942,star,0.82492101,0.669797,-299.47809,922.8566,7.6311314,-7.0594234,-2.2748189,0.095997854,0.9932,0.9702,0.7976
gal0_star04943,star,1.9262704,0.317949,-892.83067,-562.16061,1.619742,3.6399255,-6.004983,-0.11249726,0.9941,0.8710,0.5906
gal0_star04944,star,0.92921102,0.763458,-782.64014,-92.985915,-0.13813591,1.1135635,-7.7781122,0.12970427,0.9999,0.9872,0.8069
gal0_star04945,star,1.543737,0.914297,51.55941,27.196179,-27.770467,-12.410635,23.113553,-1.1737063,0.9994,0.8746,0.4340
gal0_star04946,star,1.9315159,1.02974,-1231.0498,524.06572,-3.7034032,-2.3163516,-5.8475054,-0.064897667,0.9693,0.8903,0.6335
gal0_star04947,star,1.1265731,1.08221,220.90706,-422.09288,-13.108679,9.1027627,4.5993452,0.17637757,1.0000,0.3739,0.0536
gal0_star04948,star,0.73063353,0.767454,90.974551,-208.51693,0.82855679,13.286285,5.9220614,-0.10423972,0.9874,0.8385,0.4893
gal0_star04949,star,1.795467,0.57128,-506.10673,-779.30051,23.697257,5.9850205,-3.9756509,0.11198391,1.0000,0.9740,0.8198
gal0_star04950,star,1.172481,0.421862,87.536117,68.261748,-10.060083,-12.761277,15.772242,0.3518178,0.9805,0.3741,0.0130
gal0_star04951,star,1.3018981,0.391785,-45.331232,124.08936,28.829854,-17.731393,-5.6729399,-0.22757306,0.9919,0.9574,0.8438
gal0_star04952,star,1.9279491,0.720005,608.66707,-133.51462,-12.561326,1.5405293,8.7522871,0.32981495,1.0000,0.7142,0.2578
gal0_star04953,star,1.4598441,0.96127,-802.51361,-785.0339,3.6537429,4.6351896,-4.6377342,-0.20582762,1.0000,0.6823,0.2395
gal0_star04954,star,1.3066102,1.01148,241.84734,297.72873,1.3927206,-9.3557354,7.0930935,-0.93601145,0.9871,0.9637,0.8302
gal0_star04955,star,1.6234354,0.368301,-552.55042,-114.16896,-15.331897,1.9387951,-9.4828532,-1.0179607,0.9945,0.6910,0.2195
gal0_star04956,star,1.401686,0.625479,-79.821413,143.20539,15.180496,-15.895037,-8.4804735,0.17100557,0.9997,0.8127,0.4703
gal0_star04957,star,0.92393931,0.48617,365.7304,-325.1324,10.168984,7.0580214,7.2259694,0.23681083,0.9862,0.9646,0.8148
gal0_star04958,star,1.8998515,0.364993,334.50376,-135.49149,0.53219967,4.7422808,10.157861,0.39116841,1.0000,0.9318,0.6475
gal0_star04959,star,1.820285,1.10666,-437.24777,-832.72358,-6.5066805,6.4299429,-3.1295489,-0.025107952,1.0000,0.8430,0.4678
gal0_star04960,star,1.342186,0.412831,2.7367391,273.1183,6.8258462,-13.179093,-0.091527003,1.2479404,0.9736,0.7300,0.2465
gal0_star04961,star,1.3741835,0.706473,-338.69888,-80.932068,-18.427708,2.5672378,-12.049113,-0.59395747,1.0000,0.8052,0.4289
gal0_star04962,star,1.6748377,1.08921,556.688,-178.26979,7.1680303,3.0022602,8.9752783,0.30473466,1.0000,0.9538,0.6419
gal0_star04963,star,0.56696272,0.985631,396.88927,381.26361,17.852726,-6.6870071,7.2635898,0.40609555,1.0000,0.5463,0.0932
gal0_star04964,star,1.6498486,0.534923,240.54164,18.910901,4.4176759,-0.47124365,13.043201,-0.15877629,1.0000,0.7363,0.2268
gal0_star04965,star,0.5686023,0.551876,360.0097,1252.3175,-8.0776791,-6.4088542,1.7659161,-0.20089206,0.9852,0.8874,0.6628
gal0_star04966,star,1.4821013,0.308429,-335.56967,-217.87198,-19.362808,5.8953273,-9.2215896,0.22566829,0.9506,0.9473,0.8307
gal0_star04967,star,0.71065005,0.609974,4.9386011,-376.72782,8.6920846,11.2029,0.01443642,-0.38301523,0.9886,0.3797,0.0290
gal0_star04968,star,1.4971868,0.944388,-992.64799,-252.21737,2.1954316,1.4666324,-7.1014966,0.36310221,1.0000,0.9475,0.6834
gal0_star04969,star,0.8269463,0.81926,75.549172,472.76383,-12.614346,-10.073264,1.1643526,0.25735678,0.9973,0.7051,0.2665
gal0_star04970,star,1.7082957,0.764045,642.27406,1078.0363,-7.9277213,-5.0541172,3.228426,0.50982842,0.9921,0.3744,0.0445
gal0_star04971,star,1.7928752,0.715,-276.73966,-396.9716,-2.7770998,8.6947687,-5.9449354,0.093623109,1.0000,0.5519,0.1161
gal0_star04972,star,0.71691482,0.768016,-151.29378,-248.00468,-12.885478,11.40419,-6.7699806,0.60448387,0.9995,0.5606,0.0964
gal0_star04973,star,1.8611477,0.965226,96.295022,-1234.4072,-14.773667,6.5658582,0.2366185,0.1021144,0.9915,0.8568,0.4436
gal0_star04974,star,1.3376331,0.767597,116.74963,428.81234,-25.494416,-11.00283,2.9045092,0.49905008,0.9901,0.7122,0.2561
gal0_star04975,star,1.2146533,0.984025,-1233.3932,906.227,7.4338631,-3.0921759,-4.6880466,0.21032411,0.9938,0.8421,0.4787
gal0_star04976,star,0.54744239,0.307683,-361.86032,-168.57025,-29.56556,5.1115126,-9.8356298,-0.00091243415,1.0000,0.8358,0.4543
gal0_star04977,star,1.4489162,0.999246,676.39582,-2.314514,-7.106782,0.24911074,8.5957067,0.03408136,1.0000,0.8290,0.4533
gal0_star04978,star,1.2846241,1.09695,96.836073,-198.75664,5.7327024,13.479537,7.5853026,-0.16829727,0.9816,0.8231,0.4570
gal0_star04979,star,1.9477294,0.571328,-697.54062,176.10898,-15.943857,-2.3083648,-7.9431214,0.48532523,0.9836,0.3801,0.0321
gal0_star04980,star,1.5505914,0.717097,-258.09166,281.74688,3.5620592,-7.9240094,-7.9822738,-0.24888171,1.0000,0.9327,0.8194
gal0_star04981,star,0.98807091,0.607163,448.39123,-578.44351,24.846985,6.272912,5.0267611,-0.44388549,1.0000,0.9970,0.8380
gal0_star04982,star,1.6072249,0.652916,-497.9375,899.19573,34.537079,-6.2098798,-3.749228,0.31891236,1.0000,0.9487,0.6415
gal0_star04983,star,1.2987521,1.07308,68.563899,-205.3938,25.179856,14.756448,4.6294071,-0.01347793,1.0000,0.9352,0.6333
gal0_star04984,star,0.9945377,0.670284,-767.78673,45.814922,13.831612,-0.44503595,-7.6781652,-0.12124456,0.9995,0.5809,0.1338
gal0_star04985,star,0.56303116,0.993648,-55.943396,286.26713,11.621911,-12.982819,-2.497623,0.52693355,0.9876,0.7221,0.2169
gal0_star04986,star,1.2181102,0.859999,-359.97946,-182.69302,1.6618335,5.3098319,-9.524218,-0.92672152,1.0000,0.9700,0.7843
gal0_star04987,star,1.6793028,0.641987,516.42804,-247.23469,4.846563,3.7694351,8.3727147,0.33414944,1.0000,0.8323,0.4582
gal0_star04988,star,0.67070325,0.30941,336.86253,-109.68175,18.219623,3.8071676,10.859866,0.48144249,1.0000,0.3886,0.0404
gal0_star04989,star,1.6205118,0.361531,-729.65941,106.85511,-32.11875,-1.3088276,-8.1288452,0.11081406,0.9719,0.3655,0.0161
gal0_star04990,star,0.78845755,0.867702,-185.99755,316.60193,-22.553511,-10.064049,-6.2408551,-0.34929389,0.9821,0.3933,0.0107
gal0_star04991,star,1.3134628,0.585265,150.14841,-635.28867,-9.325589,8.624303,2.3456585,-0.014606789,1.0000,0.3934,0.0000
gal0_star04992,star,0.86762945,1.03816,36.271884,-375.33574,4.1014864,11.947729,0.43561216,0.3072226,0.9953,0.3717,0.0407
gal0_star04993,star,0.65851798,0.73053,-831.29245,342.86405,-7.1438943,-3.0187458,-6.8483445,-0.20398781,0.9592,0.5640,0.0642
gal0_star04994,star,1.9891082,0.660547,136.82748,434.33334,33.86504,-10.066497,3.1970165,-0.41927412,1.0000,0.5852,0.0988
gal0_star04995,star,1.030486,0.965888,-193.39792,307.53052,4.8946602,-10.244525,-6.0663058,0.12430786,1.0000,0.5262,0.0799
gal0_star04996,star,1.4659606,0.899341,-275.85527,48.877804,-4.7953666,-2.9263248,-13.344327,0.7937422,1.0000,0.5875,0.1347
gal0_star04997,star,1.1986126,0.933815,-189.00417,-98.913208,24.034529,7.2467416,-13.584397,1.228502,1.0000,0.7093,0.2827
gal0_star04998,star,1.3726196,0.454942,336.19462,-123.84368,-4.071671,4.4181869,11.055574,-0.58884278,1.0000,0.3645,0.0476
gal0_star04999,star,1.7110082,0.630061,1212.1794,575.52059,-12.832032,-2.3904292,5.7563081,-0.26220263,1.0000,0.8402,0.4455
gal0_star05000,star,1.9321225,0.940306,-409.69299,-1804.0653,3.8623029,5.0938358,-1.2453668,-0.41332286,1.0000,0.3629,0.0502
gal0_star05001,star,0.8792664,0.61251,-362.70514,-124.4281,-6.1437101,3.3213389,-10.176611,0.52870536,0.9903,0.8472,0.4545
gal0_star05002,star,1.9969791,0.96165,676.47976,224.81298,-21.348524,-2.0898849,7.9117119,0.046251467,0.9814,0.7963,0.4662
gal0_star05003,star,0.79379688,0.916382,401.44742,-104.60041,-2.2986198,2.1964429,9.9306769,-0.26914617,1.0000,0.8312,0.4454
gal0_star05004,star,1.6305179,0.861105,170.11142,381.36459,30.514626,-9.9144106,4.3345513,-0.10390521,0.9724,0.7067,0.2461
gal0_star05005,star,0.52413339,0.961221,501.23455,-773.72405,-4.502197,6.3933629,4.520495,-0.40168017,0.9730,0.3521,0.0195
gal0_star05006,star,0.71750962,0.649874,-125.2763,-542.09228,8.5868321,9.0810911,-2.4554097,0.56945699,0.9908,0.5738,0.1270
gal0_star05007,star,0.61255948,0.590156,383.82918,-361.95678,-15.652472,6.8097861,6.9615129,-0.28803638,1.0000,0.9417,0.6291
gal0_star05008,star,1.0844033,0.327851,-195.94959,728.02572,-1.6903384,-8.2147362,-2.2580356,-0.43155678,0.9964,0.7163,0.2327
gal0_star05009,star,0.64632721,0.825946,41.498151,504.19772,-2.776299,-9.9299671,0.8555868,-0.39552693,1.0000,0.8614,0.4332
gal0_star05010,star,1.587943,0.801402,-416.70294,224.12443,7.7295712,-5.0790492,-8.8393287,-0.014554421,1.0000,0.5680,0.0758
gal0_star05011,star,0.88319457,0.752921,-34.941414,97.281867,-7.423212,-19.852725,-5.5232995,0.44706413,1.0000,0.3761,0.0020
gal0_star05012,star,1.9181527,0.559921,322.8693,795.95801,5.0984056,-7.1942993,3.1626032,-0.11923665,1.0000,0.3700,0.0444
gal0_star05013,star,0.7315964,0.608462,-299.95275,-1146.2895,-22.576333,5.9110925,-1.5501371,-0.11442726,1.0000,0.5288,0.1098
gal0_star05014,star,1.5943431,0.523129,250.55812,126.17711,14.847128,-5.8187006,12.485582,-0.06693785,1.0000,0.5318,0.1059
gal0_star05015,star,1.7644293,0.490995,-555.57978,-89.971557,-12.971809,1.2849504,-8.9847809,0.48693624,1.0000,0.8327,0.4367
gal0_star05016,star,1.5127672,1.08378,861.17746,-26.448815,40.028662,0.32605163,7.2099213,0.016927833,1.0000,0.8160,0.5001
gal0_star05017,star,0.89881046,0.943884,105.83643,890.36891,-9.1971507,-7.898826,0.62091557,-0.50681063,1.0000,0.7361,0.2331
gal0_star05018,star,0.77525916,0.515637,-215.92789,-1202.3275,-16.483425,6.1965546,-1.5066782,-0.2479678,1.0000,0.9602,0.8377
gal0_star05019,star,0.61637657,1.06498,263.4923,74.116426,-9.4524192,-3.8308081,12.980132,0.2804653,0.9787,0.9847,0.8293
gal0_star05020,star,1.045223,0.867322,-177.0173,-737.17537,13.891722,7.3444271,-1.585396,-0.15615116,0.9726,0.8333,0.4510
gal0_star05021,star,1.3796798,0.486148,-150.64958,131.41316,20.233966,-10.923101,-11.903853,-0.5101693,0.9963,0.9516,0.8169
gal0_star05022,star,1.9968257,0.879224,-1085.2563,-661.5098,-3.6589476,3.4606551,-5.4285828,-0.11280477,1.0000,0.9503,0.8352
gal0_star05023,star,1.23982,0.807198,0.28321462,-157.69574,-17.011412,18.209561,0.047079092,-0.12433504,0.9950,0.3563,0.0211
gal0_star05024,star,1.6144272,0.868623,-776.43155,-208.12573,-10.744521,2.251427,-7.9614157,0.025387192,0.9940,0.9182,0.6493
gal0_star05025,star,1.0363026,0.328242,-493.53557,150.38899,-3.0698057,-3.1378359,-8.7242886,-0.24514075,0.9690,0.8276,0.4580
gal0_star05026,star,0.69234306,0.539605,-244.91224,-442.01891,3.6275948,8.5810974,-4.4252882,-0.29936342,1.0000,0.6841,0.2701
gal0_star05027,star,1.2390686,0.526068,-91.202043,12.450429,39.507042,-2.0269613,-23.124295,0.61883946,0.9830,0.5752,0.0574
gal0_star05028,star,0.53685259,0.311627,-486.48826,629.86351,8.3718025,-6.7777404,-4.7029275,-0.14755936,1.0000,0.7500,0.2818
gal0_star05029,star,1.2165963,0.501147,-777.35471,-264.76972,26.678087,2.6068722,-7.4635314,0.44069679,1.0000,0.8123,0.4684
gal0_star05030,star,1.1443289,0.548671,-109.21644,325.15344,32.472877,-12.148719,-4.5876717,0.022774101,0.9658,0.3537,0.0455
gal0_star05031,star,0.969413,0.916513,-63.919745,119.47868,-1.478079,-15.830603,-9.8088971,1.0506868,1.0000,0.3973,0.0466
gal0_star05032,star,1.0269127,1.01653,681.46794,231.82932,0.76845566,-3.0506178,7.863667,-0.034274282,1.0000,0.7214,0.2753
gal0_star05033,star,1.7379478,1.07194,1350.2154,946.92135,6.9845339,-3.3669492,4.1112227,0.30979978,0.9820,0.8311,0.4488
gal0_star05034,star,1.8796271,0.683626,-320.76705,497.3167,19.302617,-7.6783075,-5.3290324,0.36143397,0.9908,0.9890,0.7882
gal0_star05035,star,0.59938695,1.11894,-17.516042,-781.95534,22.345975,7.6913215,-0.10904365,0.29068422,1.0000,0.8371,0.4633
gal0_star05036,star,1.0275806,1.04016,73.384336,1119.1998,-12.251531,-6.7664291,0.69856584,0.33100152,0.9941,0.9613,0.8488
gal0_star05037,star,1.9348373,0.603641,671.95638,43.115312,12.199086,-0.75360899,8.3013337,0.06809472,1.0000,0.3852,0.0198
gal0_star05038,star,0.76479249,0.767639,43.691552,-203.45609,8.140914,14.664213,3.1311074,0.57732867,0.9987,0.3986,0.0640
gal0_star05039,star,1.1178006,1.10529,254.32293,193.85166,-15.581421,-7.2141797,9.9591976,-0.34102128,1.0000,0.9251,0.6420
gal0_star05040,star,1.7541054,0.811084,1.4960161,254.64384,7.556609,-14.552657,-0.64296575,-0.54805933,1.0000,0.5666,0.0764
gal0_star05041,star,1.0353297,0.341829,830.56254,-12.062362,-8.5900362,0.010815984,7.7341245,0.063568104,0.9930,0.9284,0.6979
gal0_star05042,star,1.7934294,0.447455,-153.14008,-268.356,-31.36899,10.48716,-6.0170297,-0.03118884,0.9567,0.9459,0.6477
gal0_star05043,star,0.88139184,0.493505,447.22243,12.852661,-0.081921524,-0.28902137,10.81785,1.1128194,0.9822,0.4260,0.0245
gal0_star05044,star,1.477329,1.01347,-728.55743,105.79869,-5.4772522,-1.5543723,-8.3297258,0.28735195,1.0000,0.9632,0.8454
gal0_star05045,star,0.70890948,0.861704,-202.47797,307.43775,8.5761398,-9.9415454,-5.8369372,-0.27120646,0.9928,0.5421,0.1176
gal0_star05046,star,1.1341384,0.56592,-327.22408,25.19053,-7.202708,-1.363846,-12.624751,-0.55871405,1.0000,0.9137,0.6458
gal0_star05047,star,1.7343641,1.04202,652.52586,57.827145,15.221938,-1.2976749,8.8138782,-0.44709947,0.9969,0.8519,0.4322
gal0_star05048,star,1.6560674,0.909858,11.871984,-185.14525,-20.888973,16.656988,2.062006,-0.78681571,1.0000,0.5391,0.0794
gal0_star05049,star,1.4958318,0.607308,272.67161,141.70523,1.5058447,-6.2203457,11.338877,0.36855847,1.0000,0.7338,0.2358
gal0_star05050,star,0.91731704,0.300875,-527.87507,-17.261237,-1.4661569,0.14272828,-9.5229757,0.060468948,0.9890,0.9558,0.8444
gal0_star05051,star,1.576269,1.07257,435.44789,-558.50633,-2.0452338,6.5178315,5.1732084,-0.064578624,0.9440,0.9789,0.8299
gal0_star05052,star,1.9231858,0.328427,-48.481764,-357.34828,5.9003811,11.166265,-1.8740186,-0.1381034,0.9968,0.3264,0.0943
gal0_star05053,star,1.1702229,0.84329,63.338711,681.6209,-2.0734921,-8.4635711,1.1603477,0.0083852879,1.0000,0.7290,0.2798
gal0_star05054,star,1.379551,1.05425,559.45714,-986.03046,-0.15661808,5.4591449,2.5957793,0.13560232,0.9668,0.7340,0.2243
gal0_star05055,star,0.82625645,0.916982,-1567.245,294.54406,10.224392,-1.2034185,-5.3230083,-0.048313422,0.9840,0.5620,0.0777
gal0_star05056,star,1.8876087,0.846686,879.16311,35.048452,0.3668825,-0.019035535,8.0180578,-0.20278704,1.0000,0.3749,0.0099
gal0_star05057,star,1.1306302,0.732196,609.57862,502.75979,-44.968872,-5.1132599,5.756525,0.03681852,1.0000,0.3571,0.0305
gal0_star05058,star,0.60628888,0.401283,427.01638,354.25418,7.528471,-5.683006,7.7678832,0.38785392,0.9916,0.5671,0.0630
gal0_star05059,star,1.1425596,0.933095,-659.39961,203.65621,-23.306963,-1.8986359,-8.2377501,-0.1010905,1.0000,0.9380,0.6351
gal0_star05060,star,1.1795711,0.640636,-1594.2978,197.57308,4.6275978,-0.68622288,-5.6612573,0.28179434,0.9975,0.5646,0.0796
gal0_star05061,star,1.2775262,0.752226,296.78384,-595.36549,-23.533993,8.0313401,3.472703,0.64095539,1.0000,0.3864,0.0000
gal0_star05062,star,1.3298151,0.688328,243.43681,-1482.1384,-23.612131,6.0490936,0.96047939,0.050734187,1.0000,0.7299,0.2448
gal0_star05063,star,1.1427731,1.01496,-1007.706,-207.25544,-17.702447,1.1810146,-6.9066668,0.06214708,1.0000,0.9179,0.6574
gal0_star05064,star,1.2916534,0.588467,-664.98454,197.5893,-24.797474,-2.4120431,-8.2850882,-0.11611914,0.9783,0.9387,0.8065
gal0_star05065,star,1.1992976,0.465125,1021.0628,-175.70052,-7.0205024,1.4480436,6.988517,-0.057141921,1.0000,0.8454,0.4161
gal0_star05066,star,0.63897422,0.39614,-11.242154,-589.45946,14.283946,9.5677021,-0.10523067,0.088761113,0.9816,0.7473,0.2597
gal0_star05067,star,1.8963152,0.624837,-170.88292,-74.675051,12.205612,6.5464921,-16.336789,0.22743477,0.9997,0.8311,0.4597
gal0_star05068,star,0.58621949,1.02,24.537251,-178.5178,-19.75894,16.729246,1.2688772,0.76091903,0.9897,0.9385,0.6293
gal0_star05069,star,1.3318996,0.650166,-501.73794,390.14068,9.5274515,-5.3367237,-6.6689484,-0.23042495,0.9845,0.5757,0.0862
gal0_star05070,star,1.7726311,1.04898,-289.48662,299.49746,-5.8883923,-8.4518405,-7.5222083,-0.257696,1.0000,0.9613,0.7827
gal0_star05071,star,1.8584203,0.753642,-130.97246,132.20887,-35.136381,-11.313167,-11.536243,1.0310692,1.0000,0.4027,0.0242
gal0_star05072,star,0.91181703,0.302836,-1036.1675,458.80157,6.8319639,-2.8216408,-6.4973757,-0.020616898,0.9843,0.8361,0.4084
gal0_star05073,star,1.4149542,0.99007,359.97666,-110.41214,5.7176873,3.5307685,10.765096,-0.011087705,1.0000,0.3628,0.0374
gal0_star05074,star,1.8762093,0.410866,165.97129,-30.331865,13.255649,1.3700866,16.479864,0.67799886,1.0000,0.5307,0.0995
gal0_star05075,star,1.7087754,0.951266,649.32667,1094.8865,-12.522017,-5.2887457,3.2515851,0.15522372,0.9750,0.3636,0.0425
gal0_star05076,star,1.1487831,0.484324,-186.48476,130.93204,-11.186205,-8.6832825,-11.856334,0.1506773,0.9788,0.9331,0.6514
gal0_star05077,star,0.54744241,0.969699,571.92036,-135.59976,4.0636188,2.0097108,9.0937626,0.06094922,0.9829,0.9259,0.6659
gal0_star05078,star,0.82925812,1.12702,434.25299,22.304125,-4.2427922,-1.0487466,11.575244,-0.36133653,1.0000,0.9271,0.8049
gal0_star05079,star,0.71423046,0.871925,-745.98135,-16.480512,-3.764671,0.44290595,-8.1978801,-0.23572603,1.0000,0.9440,0.6611
gal0_star05080,star,0.81283378,1.09754,-131.86923,300.96132,11.500304,-10.990056,-4.6508399,-0.38688244,0.9957,1.0000,0.8294
gal0_star05081,star,1.837738,0.765858,-324.8397,-320.91668,17.883887,6.965775,-7.3725254,-0.5000329,1.0000,0.7500,0.2416
gal0_star05082,star,0.81379569,1.14256,132.40077,-387.3432,-2.7006729,11.03613,3.6647515,0.22260569,0.9889,0.7456,0.2369
gal0_star05083,star,0.91759494,0.61364,217.30187,-197.23842,-15.94846,8.7980332,9.635924,-0.39416356,0.9706,0.9381,0.8317
gal0_star05084,star,1.0055664,1.07922,-374.64685,501.06109,0.58997171,-7.0703556,-5.5371584,-0.25735217,0.9985,0.5429,0.0883
gal0_star05085,star,1.3661568,0.956193,-195.13041,337.41603,-14.881669,-10.570817,-4.785385,-0.012708924,1.0000,0.9371,0.6366
gal0_star05086,star,1.3076175,0.745488,-1415.1694,-242.95576,-15.080046,0.68416772,-5.9711083,0.021193127,1.0000,0.9572,0.7817
gal0_star05087,star,1.3188607,0.897927,-1006.6144,500.36275,27.139874,-2.9681953,-5.8302243,0.042389245,1.0000,0.9486,0.8138
gal0_star05088,star,1.1826864,0.577152,319.64216,506.34192,-5.3316023,-7.1995377,4.5680644,0.20011885,0.9872,0.9305,0.6502
gal0_star05089,star,1.6210879,1.00994,-772.3749,-27.612436,-4.7715929,0.30885204,-7.7311403,0.093865214,1.0000,0.7146,0.2559
gal0_star05090,star,1.3113824,0.778117,99.509916,127.02472,-15.519002,-14.235649,11.68325,0.6339603,1.0000,0.5596,0.1368
gal0_star05091,star,1.7685524,0.734291,-272.1259,59.276911,-16.262898,-3.4863375,-13.22618,-0.1104331,1.0000,0.9014,0.6317
gal0_star05092,star,1.3659339,0.550222,-57.042953,13.982863,-12.904471,-7.0628286,-29.806498,0.47190333,0.9995,0.4065,0.0299
gal0_star05093,star,1.1113238,0.541943,103.40441,673.2408,-1.5793503,-8.0999325,1.1477376,-0.43548063,1.0000,0.9259,0.6145
gal0_star05094,star,1.3039653,0.904873,250.07056,27.653381,-7.3735992,-1.8037506,14.091495,-0.18177917,0.9815,0.9229,0.6356
gal0_star05095,star,0.63106514,0.637507,96.316236,86.54701,-20.461109,-13.233682,13.820906,-0.59449518,1.0000,0.9561,0.7991
gal0_star05096,star,1.1091808,1.14693,263.80217,1069.5259,-19.690698,-6.7950447,1.6920277,0.13055206,0.9987,0.9601,0.7793
gal0_star05097,star,1.3967617,0.936586,-164.07097,-157.36224,-9.4100869,10.312338,-10.163955,0.4604154,0.9905,0.6974,0.2504
gal0_star05098,star,0.95291683,0.530293,-288.79812,735.17416,20.534982,-7.241851,-3.284096,-0.24356922,1.0000,0.9674,0.8110
gal0_star05099,star,0.59934456,1.01283,-775.02581,-334.10217,-6.7803829,2.8290532,-7.3120518,-0.079638938,0.9779,0.3866,0.0138
gal0_star05100,star,1.6680807,0.558834,1005.6659,-236.96406,29.416094,1.6523262,6.9595853,0.20662998,0.9973,0.7152,0.2775
gal0_star05101,star,1.8521486,0.530249,-1400.6666,-357.97722,-4.886869,1.2413416,-5.7219534,-0.31527568,0.9508,0.8945,0.6241
gal0_star05102,star,1.2135749,0.999137,671.57585,232.16102,-10.620435,-2.5949687,8.1480384,-0.67394376,0.9963,0.8250,0.4438
gal0_star05103,star,1.5364531,0.854101,-28.336782,-128.18213,-34.14596,19.116736,-4.1638856,-0.021518184,1.0000,0.8472,0.4352
gal0_star05104,star,1.873917,0.402106,-602.49077,286.23124,19.117557,-3.6403924,-7.4450923,-0.54070058,0.9715,0.5708,0.0852
gal0_star05105,star,1.9633798,0.833189,-544.80041,-357.62838,3.5332312,5.0411778,-7.2314469,-0.0040142487,0.9915,0.7075,0.2190
gal0_star05106,star,1.4766238,0.833341,-363.20234,-162.38079,10.838229,5.3908233,-10.178661,0.56268133,1.0000,0.8698,0.6362
gal0_star05107,star,1.7814006,0.803859,303.43558,-411.41211,-7.8500968,8.3340826,6.1937652,0.18946113,1.0000,0.8664,0.4572
gal0_star05108,star,1.0658665,0.413933,-494.24139,-1048.6028,6.49857,5.9488471,-2.3837941,0.17946739,0.9916,0.3569,0.0121
gal0_star05109,star,0.85655176,0.356246,57.924069,-54.086666,7.1074972,17.071962,17.205823,1.5837355,1.0000,0.9050,0.6623
gal0_star05110,star,0.56139322,0.442277,-312.15574,-624.77863,13.035394,7.6430365,-3.5841042,-0.023601345,1.0000,0.3887,0.0168
gal0_star05111,star,1.5043941,1.06797,-96.298477,1132.7791,-6.7131921,-6.5880696,-0.5797612,-0.029011641,0.9974,0.8760,0.6584
gal0_star05112,star,0.61922702,0.567274,489.75926,-281.41699,-21.787424,4.673297,8.1471329,-0.29636255,1.0000,0.9718,0.8131
gal0_star05113,star,1.7879303,0.358404,7.952639,-177.91338,-4.44546,16.634374,0.055813696,0.07208587,0.9857,0.9607,0.8544
gal0_star05114,star,1.9266068,0.9509,209.53173,-4.5635536,1.9096468,-0.36777237,15.474909,0.05392329,0.9835,0.8371,0.4670
gal0_star05115,star,1.8655506,0.868406,92.208121,185.96446,-12.058122,-14.270372,6.1281364,0.60665479,1.0000,0.3729,0.0138
gal0_star05116,star,0.90980661,0.439585,-269.05828,-410.35237,0.94379855,8.8241701,-6.1047318,-0.10914051,0.9956,0.4223,0.0000
gal0_star05117,star,0.96400377,0.900324,-1204.0449,26.643282,3.7241396,-0.50315634,-6.7063073,0.041000888,0.9550,0.5611,0.1007
gal0_star05118,star,1.5474544,0.633406,-967.47922,-58.463178,-0.69206583,0.31200882,-6.9418268,0.00699848,0.9825,0.9080,0.6385
gal0_star05119,star,0.66906801,0.964374,495.26291,1424.3889,-9.3220107,-5.2726253,1.7389748,-0.14127543,1.0000,0.5666,0.1297
gal0_star05120,star,0.62245555,0.320739,596.90126,-707.72819,22.795598,5.6271696,4.7342612,-0.17560571,1.0000,0.8157,0.4573
gal0_star05121,star,1.600375,0.458807,-309.98992,-310.42425,-6.7156639,7.1438683,-7.3416922,0.26031493,1.0000,0.9486,0.8037
gal0_star05122,star,0.88632158,0.593921,659.94919,360.65622,-11.105776,-4.8204519,7.4511927,0.38362902,1.0000,0.9454,0.6256
gal0_star05123,star,0.78678654,0.340932,-942.50097,91.536882,-12.209596,-0.71667313,-7.2492621,-0.099088959,1.0000,0.9293,0.6545
gal0_star05124,star,0.96421201,0.51942,184.0769,-46.210425,-1.3563013,2.7073418,15.329173,-0.21126999,0.9947,0.7300,0.2422
gal0_star05125,star,0.7605843,0.944985,145.86005,-838.98476,9.1950227,7.5724587,1.5777368,0.25143132,1.0000,0.3774,0.0085
gal0_star05126,star,0.89097788,0.685564,466.87394,-541.43731,17.111163,6.4639297,5.2824897,0.59029811,1.0000,0.9434,0.7007
gal0_star05127,star,0.5177187,1.14827,656.37504,204.04118,16.581584,-2.7056867,8.2043784,0.22636129,0.9818,0.5637,0.0855
gal0_star05128,star,1.4332489,0.797499,5.809313,-151.7332,8.5920745,17.821492,-0.095115716,-0.41998793,1.0000,0.5583,0.0855
gal0_star05129,star,1.6805652,0.908046,-528.33767,337.23955,8.4875364,-4.5770041,-7.2426863,0.19877193,1.0000,0.7198,0.2553
gal0_star05130,star,1.6030078,1.1084,31.51501,224.91365,15.90318,-14.49928,1.743705,-0.49305491,0.9995,0.9235,0.6496
gal0_star05131,star,1.5071733,1.03301,-273.37298,-398.24729,-8.9273005,8.1946481,-5.6399978,-0.14029409,1.0000,0.8209,0.4242
gal0_star05132,star,0.88568361,0.912246,-272.79566,-1450.1294,16.062442,5.4759409,-1.255728,0.18881536,0.9830,0.7304,0.2691
gal0_star05133,star,0.93827613,0.424026,445.19159,-1242.7183,-24.00965,6.1619234,2.128895,-0.050651187,1.0000,0.9644,0.7917
gal0_star05134,star,0.62841093,0.805055,-186.75211,518.63427,17.131586,-8.8761222,-3.0580435,0.40112942,1.0000,0.6844,0.2223
gal0_star05135,star,0.54047008,0.399439,-26.192854,293.30469,12.221678,-12.836955,-1.4313189,-0.81591243,1.0000,0.9229,0.6689
gal0_star05136,star,0.87256151,0.321077,-194.74437,-503.51814,-7.2212009,9.2230167,-3.3824796,0.092071917,0.9945,0.5342,0.1077
gal0_star05137,star,1.4186275,1.07246,72.827865,-425.19578,-16.794893,11.280573,2.1103777,-0.10272505,0.9775,0.7275,0.2684
gal0_star05138,star,1.3105668,0.355668,410.72182,350.97151,-6.7990566,-6.2858667,7.2863064,-0.019251352,0.9846,0.5451,0.1551
gal0_star05139,star,1.5653548,0.492684,36.449723,-51.260928,-3.1760685,22.186973,17.41369,0.025666349,0.9849,0.9491,0.6762
gal0_star05140,star,1.1897864,0.5327,-415.31029,235.7892,14.400869,-5.0423002,-8.7566,0.034063757,0.9997,0.7175,0.2399
gal0_star05141,star,1.3983072,0.669839,-353.28653,-178.06203,20.699879,4.8823427,-10.469426,-0.36574101,1.0000,0.9697,0.8163
gal0_star05142,star,1.9695403,0.312974,64.435329,-393.35315,14.985614,11.486276,1.432253,0.084297367,0.9223,0.8183,0.4762#version 330 core

#define MAX_LIGHTS 32

struct Light {
    vec3 position;
    float intensity;
};

uniform vec3 color;
uniform Light lights[MAX_LIGHTS];
uniform int lightCount;

in vec3 normal;
in vec3 worldPosition;

out vec4 FragColor;

void main(){
    vec3 N = normalize(normal);
    vec3 lighting = vec3(0.0);

    for (int i = 0; i < lightCount; ++i){
        vec3 toLight = lights[i].position - worldPosition;
        float distanceSquared = dot(toLight, toLight);
        vec3 lightDirection = normalize(toLight);
        float diffuse = max(dot(N, lightDirection), 0.0);
        diffuse = pow(diffuse, 0.75);
        float attenuation = lights[i].intensity / (distanceSquared + 0.001);
        lighting += diffuse * attenuation;
    }

    lighting += vec3(0.08);
    lighting = min(lighting, vec3(1.5));

    FragColor = vec4(color * lighting, 1.0);
}#version 330 core

layout(location = 0) in vec3 aPos;
layout(location = 1) in vec3 aNormal;

uniform mat4 model;
uniform mat4 view;
uniform mat4 projection;

out vec3 normal;
out vec3 worldPosition;

void main(){
    vec4 position = model * vec4(aPos, 1.0);

    worldPosition = position.xyz;
    normal = mat3(transpose(inverse(model))) * aNormal;

    gl_Position = projection * view * position;
}#version 330 core

uniform vec3 color;
uniform vec3 cameraPosition;

in vec3 normal;
in vec3 worldPosition;

out vec4 FragColor;

void main(){
    vec3 N = normalize(normal);

    vec3 viewDirection = normalize(cameraPosition - worldPosition);
    float facing = max(dot(N, viewDirection), 0.0);

    float centerGlow = pow(facing, 0.55);
    float rim = pow(1.0 - facing, 2.0);
    float emission = 1.8;

    vec3 finalColor = color * (emission * (0.65 + 0.35 * centerGlow) + 1.5 * rim);

    FragColor = vec4(finalColor, 1.0);
}{
    "simulation": {
        "dt": 0.05,
        "inputData": "assets/data/input.csv"
    },

    "physics": {
        "gravitationalConstant": 1.0,
        "softening": 0.001,
        "barnesHutTheta": 0.5
    },

    "octree": {
        "capacity": 16,
        "minimumHalfWidth": 1e-16
    },

    "window": {
        "width": 1920,
        "height": 1080,
        "title": "Gravity Simulator",
        "vsync": true
    },

    "camera": {
        "position": [0.0, 0.0, 3000.0],
        "moveSpeed": 500.0,
        "mouseSensitivity": 0.002,
        "renderDistance": 10000.0
    },

    "lightning": {
        "cellSize": 200.0,
        "softening": 0.001,
        "threshold": 0.001,
        "intensityScale": 60.0
    }
}
